user_id,snapshot_t,forecast_probability
a0W2G00000KJO5HUAX,2026-08-31,0.3225835
a0W2G00000KJOf1UAH,2026-08-31,0.35316274
a0W2G00000KJOfjUAH,2026-08-31,0.19854215
a0W2G00000KJOkqUAH,2026-08-31,0.553285
a0W2G00000KJPYWUA5,2026-08-31,0.12496982
a0W2G00000KJPbtUAH,2026-08-31,0.52892184
a0W2G00000KJPfwUAH,2026-08-31,0.04708918
a0W2G00000KJQ3sUAH,2026-08-31,0.56562
a0W2G00000KJQ5NUAX,2026-08-31,0.6029314
a0W2G00000KJQKaUAP,2026-08-31,0.04489727
a0W2G00000KJRJbUAP,2026-08-31,0.5166217
a0W2G00000KJRinUAH,2026-08-31,0.087447196
a0W2G00000KJSMcUAP,2026-08-31,0.14458594
a0W2G00000KJSRwUAP,2026-08-31,0.05067043
a0W2G00000KJShfUAH,2026-08-31,0.8289848
a0W2G00000KJTMGUA5,2026-08-31,0.5597109
a0W2G00000KJTRMUA5,2026-08-31,0.50980216
a0W2G00000KJTUkUAP,2026-08-31,0.7129072
a0W2G00000KJTUpUAP,2026-08-31,0.92686814
a0W2G00000KJTVuUAP,2026-08-31,0.08691367
a0W2G00000KJXkXUAX,2026-08-31,0.72661054
a0W2G00000KJY6oUAH,2026-08-31,0.5285188
a0W2G00000KJYWxUAP,2026-08-31,0.16513959
a0W2G00000KJYX2UAP,2026-08-31,0.712805
a0W2G00000KJYXIUA5,2026-08-31,0.15148966
a0W2G00000KJYdbUAH,2026-08-31,0.12893388
a0W2G00000KJYekUAH,2026-08-31,0.74903405
a0W2G00000KJYlQUAX,2026-08-31,0.1393001
a0W2G00000KJZtBUAX,2026-08-31,0.796252
a0W2G00000KJaImUAL,2026-08-31,0.5148801
a0W2G00000KJaYDUA1,2026-08-31,0.112617016
a0W2G00000KJan4UAD,2026-08-31,0.8432092
a0W2G00000KJbD8UAL,2026-08-31,0.43767542
a0W2G00000KJbOfUAL,2026-08-31,0.075700015
a0W2G00000KJbOzUAL,2026-08-31,0.49697617
a0W2G00000KJbUxUAL,2026-08-31,0.8640836
a0W2G00000KJbe0UAD,2026-08-31,0.17623192
a0W2G00000KJcDWUA1,2026-08-31,0.11042829
a0W2G00000KJcv8UAD,2026-08-31,0.12393084
a0W2G00000KJd09UAD,2026-08-31,0.35104725
a0W2G00000KJd9gUAD,2026-08-31,0.045326617
a0W2G00000KJdA6UAL,2026-08-31,0.06399871
a0W2G00000KJdHXUA1,2026-08-31,0.4437395
a0W2G00000KfNeqUAF,2026-08-31,0.1410644
a0W2G00000KfNf5UAF,2026-08-31,0.31149912
a0W2G00000KfNg5UAF,2026-08-31,0.2933676
a0W2G00000KfNgDUAV,2026-08-31,0.30968532
a0W2G00000KfNgFUAV,2026-08-31,0.05591428
a0W2G00000KfNgLUAV,2026-08-31,0.7400741
a0W2G00000KfNgNUAV,2026-08-31,0.07897855
a0W2G00000KfNt4UAF,2026-08-31,0.138181
a0W2G00000KfOBSUA3,2026-08-31,0.39780974
a0W2G00000KfOByUAN,2026-08-31,0.07400392
a0W2G00000KfOHmUAN,2026-08-31,0.10076076
a0W2G00000KfON2UAN,2026-08-31,0.10816529
a0W2G00000KfOQGUA3,2026-08-31,0.14194693
a0W2G00000KfOXhUAN,2026-08-31,0.07730522
a0W2G00000KfOlZUAV,2026-08-31,0.7263622
a0W2G00000KfOo5UAF,2026-08-31,0.41921726
a0W2G00000KfOtLUAV,2026-08-31,0.67652065
a0W2G00000KfOwwUAF,2026-08-31,0.087422185
a0W2G00000KfPGNUA3,2026-08-31,0.82083535
a0W2G00000KfPJWUA3,2026-08-31,0.11475512
a0W2G00000KfPUeUAN,2026-08-31,0.57439077
a0W2G00000KfPcKUAV,2026-08-31,0.08016106
a0W2G00000KfPu5UAF,2026-08-31,0.70405084
a0W2G00000KfQhxUAF,2026-08-31,0.12631325
a0W2G00000KfQjgUAF,2026-08-31,0.27013713
a0W2G00000KfQvgUAF,2026-08-31,0.29246715
a0W2G00000KfRyVUAV,2026-08-31,0.044498745
a0W2G00000KfSadUAF,2026-08-31,0.04084965
a0W2G00000KfW1kUAF,2026-08-31,0.09791389
a0W2G00000KfW86UAF,2026-08-31,0.8520599
a0W2G00000KfWHNUA3,2026-08-31,0.044396847
a0W2G00000KfWMTUA3,2026-08-31,0.10024402
a0W2G00000Kff0hUAB,2026-08-31,0.65086347
a0W2G00000KhpIhUAJ,2026-08-31,0.21659938
a0W2G00000KiwybUAB,2026-08-31,0.68336713
a0W2G00000KixEbUAJ,2026-08-31,0.100897714
a0W2G00000KixuQUAR,2026-08-31,0.038028866
a0W2G00000Kizm8UAB,2026-08-31,0.4268664
a0W2G00000Kj14VUAR,2026-08-31,0.18012372
a0W2G00000Kj2jYUAR,2026-08-31,0.047903758
a0W2G00000Kj38KUAR,2026-08-31,0.41144234
a0W2G00000Kj4AMUAZ,2026-08-31,0.7770679
a0W2G00000Kj4I6UAJ,2026-08-31,0.8666025
a0W2G00000Kj536UAB,2026-08-31,0.54226255
a0W2G00000Kj6afUAB,2026-08-31,0.20386921
a0W2G00000Kj7C5UAJ,2026-08-31,0.24944922
a0W2G00000Kj7KTUAZ,2026-08-31,0.14655125
a0W2G00000Kj8JXUAZ,2026-08-31,0.294863
a0W2G00000Kj8maUAB,2026-08-31,0.3518778
a0W2G00000Kj915UAB,2026-08-31,0.9348812
a0W2G00000Kj93FUAR,2026-08-31,0.111876
a0W2G00000KjU8RUAV,2026-08-31,0.82375413
a0W2G00000KjUcnUAF,2026-08-31,0.34697673
a0W2G00000KjVFrUAN,2026-08-31,0.12581551
a0W2G00000KjWteUAF,2026-08-31,0.87451935
a0W2G00000KjX35UAF,2026-08-31,0.8229977
a0W2G00000KjXA4UAN,2026-08-31,0.15533228
a0W2G00000KjYJ0UAN,2026-08-31,0.8842813
a0W2G00000KjZ0CUAV,2026-08-31,0.07615321
a0W2G00000KjZ7KUAV,2026-08-31,0.9529146
a0W2G00000KjZIsUAN,2026-08-31,0.21712273
a0W2G00000KjZd8UAF,2026-08-31,0.04387519
a0W2G00000KjbbyUAB,2026-08-31,0.06882018
a0W2G00000KjcHvUAJ,2026-08-31,0.053498212
a0W2G00000KjcXrUAJ,2026-08-31,0.08260069
a0W2G00000KjceLUAR,2026-08-31,0.5567536
a0W2G00000KjctvUAB,2026-08-31,0.050222855
a0W2G00000KjcvBUAR,2026-08-31,0.5035566
a0W2G00000KjcyFUAR,2026-08-31,0.14107132
a0W2G00000KjdXIUAZ,2026-08-31,0.050029274
a0W2G00000KjdifUAB,2026-08-31,0.07396907
a0W2G00000KjuTXUAZ,2026-08-31,0.66904294
a0W2G00000KjuroUAB,2026-08-31,0.20858406
a0W2G00000KjwEJUAZ,2026-08-31,0.08169253
a0W2G00000KjwdQUAR,2026-08-31,0.09752294
a0W2G00000KjwgTUAR,2026-08-31,0.3696849
a0W2G00000KjwgnUAB,2026-08-31,0.21956213
a0W2G00000Kjx5JUAR,2026-08-31,0.89894587
a0W2G00000Kjx7xUAB,2026-08-31,0.1110095
a0W2G00000KjxBGUAZ,2026-08-31,0.073883265
a0W2G00000KjxU8UAJ,2026-08-31,0.048700236
a0W2G00000Kk0TjUAJ,2026-08-31,0.6256023
a0W2G00000Kk1vYUAR,2026-08-31,0.28745162
a0W2G00000Kk1vwUAB,2026-08-31,0.2875432
a0W2G00000Kk1w1UAB,2026-08-31,0.13751562
a0W2G00000Kk3aNUAR,2026-08-31,0.7433704
a0W2G00000Kk4AvUAJ,2026-08-31,0.44589248
a0W2G00000Kk4zoUAB,2026-08-31,0.16474226
a0W2G00000Kk6xNUAR,2026-08-31,0.07919668
a0W2G00000Kk9a4UAB,2026-08-31,0.4341819
a0W2G00000Kk9peUAB,2026-08-31,0.17917086
a0W2G00000KoCrWUAV,2026-08-31,0.0968502
a0W2G00000KoCuyUAF,2026-08-31,0.11418121
a0W2G00000KoCvLUAV,2026-08-31,0.18865635
a0W2G00000KoDa1UAF,2026-08-31,0.05945244
a0W2G00000KoE0zUAF,2026-08-31,0.66513354
a0W2G00000KoE2BUAV,2026-08-31,0.076349825
a0W2G00000KoEg8UAF,2026-08-31,0.07123911
a0W2G00000KoF5fUAF,2026-08-31,0.09165234
a0W2G00000KoHOcUAN,2026-08-31,0.10838623
a0W2G00000KoHnOUAV,2026-08-31,0.10984142
a0W2G00000KoIEpUAN,2026-08-31,0.07455777
a0W2G00000KoIFIUA3,2026-08-31,0.12438553
a0W2G00000KoIjUUAV,2026-08-31,0.19662778
a0W2G00000KoJtPUAV,2026-08-31,0.38199785
a0W2G00000KoKOPUA3,2026-08-31,0.6209653
a0W2G00000KoKsyUAF,2026-08-31,0.077258155
a0W2G00000KoLoGUAV,2026-08-31,0.9030738
a0W2G00000KoMYEUA3,2026-08-31,0.3119706
a0W2G00000KoMvSUAV,2026-08-31,0.48971727
a0W2G00000KoMyFUAV,2026-08-31,0.72446024
a0W2G00000KoOXoUAN,2026-08-31,0.28653058
a0W2G00000KoPjIUAV,2026-08-31,0.0561572
a0W2G00000KoQBBUA3,2026-08-31,0.47782797
a0W2G00000KobRDUAZ,2026-08-31,0.08197275
a0W2G00000KocdCUAR,2026-08-31,0.09452632
a0W2G00000Kod5nUAB,2026-08-31,0.20374672
a0W2G00000KodvRUAR,2026-08-31,0.58222824
a0W2G00000KodzlUAB,2026-08-31,0.04447282
a0W2G00000Koe5jUAB,2026-08-31,0.1752089
a0W2G00000KofKlUAJ,2026-08-31,0.30278632
a0W2G00000KofMPUAZ,2026-08-31,0.20082152
a0W2G00000KofX1UAJ,2026-08-31,0.8991467
a0W2G00000KofXhUAJ,2026-08-31,0.73336744
a0W2G00000KofZIUAZ,2026-08-31,0.91303277
a0W2G00000KofqqUAB,2026-08-31,0.706597
a0W2G00000KofykUAB,2026-08-31,0.43741187
a0W2G00000Kog4oUAB,2026-08-31,0.19614434
a0W2G00000Kog4tUAB,2026-08-31,0.8362317
a0W2G00000KogGLUAZ,2026-08-31,0.16200201
a0W2G00000KogGPUAZ,2026-08-31,0.29333
a0W2G00000Koh43UAB,2026-08-31,0.118366055
a0W2G00000KohU2UAJ,2026-08-31,0.054919384
a0W2G00000Koi2EUAR,2026-08-31,0.10773701
a0W2G00000Koi49UAB,2026-08-31,0.63186747
a0W2G00000Koi5GUAR,2026-08-31,0.11610561
a0W2G00000KoiFqUAJ,2026-08-31,0.20971146
a0W2G00000KoibFUAR,2026-08-31,0.71539897
a0W2G00000KojdWUAR,2026-08-31,0.47010246
a0W2G00000KolKpUAJ,2026-08-31,0.14031076
a0W2G00000KolUWUAZ,2026-08-31,0.6203145
a0W2G00000KomSlUAJ,2026-08-31,0.4933621
a0W2G00000KomSsUAJ,2026-08-31,0.71024555
a0W2G00000KonXNUAZ,2026-08-31,0.8867513
a0W2G00000KooI9UAJ,2026-08-31,0.04409862
a0W2G00000KooexUAB,2026-08-31,0.06857496
a0W2G00000Kopl2UAB,2026-08-31,0.7350901
a0W2G00000KoqFxUAJ,2026-08-31,0.15885223
a0W2G00000KoqfHUAR,2026-08-31,0.38346696
a0W2G00000KoqhgUAB,2026-08-31,0.7695378
a0W2G00000KoryKUAR,2026-08-31,0.8588174
a0W2G00000KoteZUAR,2026-08-31,0.57200193
a0W2G00000KouYwUAJ,2026-08-31,0.71246046
a0W2G00000KouzMUAR,2026-08-31,0.8773676
a0W2G00000KozLEUAZ,2026-08-31,0.4093763
a0W2G00000Kp2rlUAB,2026-08-31,0.24688101
a0W2G00000Kp7weUAB,2026-08-31,0.7156609
a0W2G00000KpDClUAN,2026-08-31,0.26466075
a0W2G00000KpFJVUA3,2026-08-31,0.13356535
a0W2G00000KpKGfUAN,2026-08-31,0.04561969
a0W2G00000KpKoBUAV,2026-08-31,0.08410999
a0W2G00000KpKoGUAV,2026-08-31,0.2589035
a0W2G00000KpLb2UAF,2026-08-31,0.06459493
a0W2G00000KpLctUAF,2026-08-31,0.8634533
a0W2G00000KpLdwUAF,2026-08-31,0.114487536
a0W2G00000KpQJnUAN,2026-08-31,0.41853866
a0W2G00000KpR10UAF,2026-08-31,0.19831586
a0W2G00000KpRcXUAV,2026-08-31,0.811736
a0W2G00000KpSfYUAV,2026-08-31,0.071168095
a0W2G00000KpTKwUAN,2026-08-31,0.12518606
a0W2G00000KpU1cUAF,2026-08-31,0.13230637
a0W2G00000KpU8wUAF,2026-08-31,0.6759921
a0W2G00000KpWT8UAN,2026-08-31,0.776893
a0W2G00000KpXMWUA3,2026-08-31,0.89508677
a0W2G00000LSIXMUA5,2026-08-31,0.11745932
a0W2G00000LSIXXUA5,2026-08-31,0.92638785
a0W2G00000LWTwnUAH,2026-08-31,0.71799994
a0W2G00000LYtSyUAL,2026-08-31,0.48150086
a0W2G00000LYtTDUA1,2026-08-31,0.699468
a0W2G00000LaCURUA3,2026-08-31,0.104568884
a0W2G00000LeKztUAF,2026-08-31,0.16037677
a0W2G00000LjWSdUAN,2026-08-31,0.7168184
a0W2G00000LjXDuUAN,2026-08-31,0.3114216
a0W2G00000LjXFHUA3,2026-08-31,0.11175729
a0W2G00000LjXVDUA3,2026-08-31,0.3819708
a0W2G00000LjXyiUAF,2026-08-31,0.3433182
a0W2G00000LjY20UAF,2026-08-31,0.5592202
a0W2G00000LjYO2UAN,2026-08-31,0.08130654
a0W2G00000LjYPnUAN,2026-08-31,0.8182121
a0W2G00000LjYXdUAN,2026-08-31,0.7036827
a0W2G00000LjYiZUAV,2026-08-31,0.4143982
a0W2G00000LjYpGUAV,2026-08-31,0.095411204
a0W2G00000LjZNpUAN,2026-08-31,0.052682396
a0W2G00000LjZQCUA3,2026-08-31,0.6542894
a0W2G00000LjZdXUAV,2026-08-31,0.7578008
a0W2G00000LjZylUAF,2026-08-31,0.7527831
a0W2G00000LjcJ2UAJ,2026-08-31,0.19168322
a0W2G00000LjcNsUAJ,2026-08-31,0.72621334
a0W2G00000LjcTAUAZ,2026-08-31,0.07007187
a0W2G00000LjcWIUAZ,2026-08-31,0.8383681
a0W2G00000Ljck8UAB,2026-08-31,0.64148194
a0W2G00000Lji5AUAR,2026-08-31,0.73253894
a0W2G00000LjiEmUAJ,2026-08-31,0.28024057
a0W2G00000LjiGDUAZ,2026-08-31,0.87462854
a0W2G00000LjiGmUAJ,2026-08-31,0.41181052
a0W2G00000LjiTZUAZ,2026-08-31,0.20819461
a0W2G00000LjietUAB,2026-08-31,0.27212352
a0W2G00000LjiidUAB,2026-08-31,0.13330501
a0W2G00000Ljj1aUAB,2026-08-31,0.9338537
a0W2G00000Ljj7RUAR,2026-08-31,0.21288678
a0W2G00000LjjI9UAJ,2026-08-31,0.76577634
a0W2G00000LjjSrUAJ,2026-08-31,0.34036216
a0W2G00000LjjjSUAR,2026-08-31,0.160237
a0W2G00000LjjjrUAB,2026-08-31,0.09643952
a0W2G00000Ljjt2UAB,2026-08-31,0.61092263
a0W2G00000Ljk1RUAR,2026-08-31,0.098100886
a0W2G00000Ljk2FUAR,2026-08-31,0.34206772
a0W2G00000Ljk5uUAB,2026-08-31,0.12890151
a0W2G00000Ljk6fUAB,2026-08-31,0.12567273
a0W2G00000Ljk6lUAB,2026-08-31,0.6003158
a0W2G00000MMjiTUAT,2026-08-31,0.7468233
a0W2G00000MMkBRUA1,2026-08-31,0.59964603
a0W2G00000MMkLlUAL,2026-08-31,0.27712315
a0W2G00000MMnwWUAT,2026-08-31,0.07556645
a0W2G00000MMp6SUAT,2026-08-31,0.37049773
a0W2G00000MMpB0UAL,2026-08-31,0.08689795
a0W2G00000MMqe4UAD,2026-08-31,0.09168061
a0W2G00000MMrS3UAL,2026-08-31,0.1502661
a0W2G00000MMsCJUA1,2026-08-31,0.15587163
a0W2G00000MMvU8UAL,2026-08-31,0.034134336
a0W2G00000MMwYOUA1,2026-08-31,0.9380491
a0W2G00000MMx50UAD,2026-08-31,0.08883385
a0W2G00000MMyErUAL,2026-08-31,0.099180244
a0W2G00000MMybTUAT,2026-08-31,0.51817185
a0W2G00000MMzshUAD,2026-08-31,0.8042727
a0W2G00000MN0QeUAL,2026-08-31,0.29502338
a0W2G00000MN0RhUAL,2026-08-31,0.63003886
a0W2G00000MN1PzUAL,2026-08-31,0.066524364
a0W2G00000MN3oiUAD,2026-08-31,0.14246488
a0W2G00000MN41UUAT,2026-08-31,0.07264435
a0W2G00000MN41tUAD,2026-08-31,0.70998025
a0W2G00000MN4DGUA1,2026-08-31,0.12582926
a0W2G00000MN4EEUA1,2026-08-31,0.1189199
a0W2G00000MN4JCUA1,2026-08-31,0.27972418
a0W2G00000MN4rHUAT,2026-08-31,0.09400352
a0W2G00000MN4ylUAD,2026-08-31,0.05833832
a0W2G00000MN5n1UAD,2026-08-31,0.4123865
a0W2G00000MN6GSUA1,2026-08-31,0.19030328
a0W2G00000MN6HrUAL,2026-08-31,0.05396273
a0W2G00000MN7ccUAD,2026-08-31,0.62362707
a0W2G00000MNAOMUA5,2026-08-31,0.41576952
a0W2G00000MNAhxUAH,2026-08-31,0.054154515
a0W2G00000MNAtIUAX,2026-08-31,0.81696904
a0W2G00000MNAxxUAH,2026-08-31,0.75789165
a0W2G00000MNBC1UAP,2026-08-31,0.13173403
a0W2G00000MNBdAUAX,2026-08-31,0.12232306
a0W2G00000MNC5qUAH,2026-08-31,0.7806803
a0W2G00000MNI8UUAX,2026-08-31,0.08415341
a0W2G00000MNKgyUAH,2026-08-31,0.09112731
a0W2G00000MNKzAUAX,2026-08-31,0.25106353
a0W2G00000MNLMCUA5,2026-08-31,0.106645726
a0W2G00000MNMohUAH,2026-08-31,0.071340896
a0W2G00000MNOL9UAP,2026-08-31,0.7528216
a0W2G00000MNOLxUAP,2026-08-31,0.6031835
a0W2G00000MNQJiUAP,2026-08-31,0.21087158
a0W2G00000MNQWyUAP,2026-08-31,0.74672496
a0W2G00000MNR5JUAX,2026-08-31,0.3305957
a0W2G00000MNRNoUAP,2026-08-31,0.04356639
a0W2G00000MNRxNUAX,2026-08-31,0.047067255
a0W2G00000MNTKGUA5,2026-08-31,0.08198499
a0W2G00000MNTPzUAP,2026-08-31,0.06348966
a0W2G00000MNUWhUAP,2026-08-31,0.58133054
a0W2G00000MNUWwUAP,2026-08-31,0.042179506
a0W2G00000MNV8qUAH,2026-08-31,0.5534661
a0W2G00000MNVPhUAP,2026-08-31,0.054872032
a0W2G00000MNVS8UAP,2026-08-31,0.61842805
a0W2G00000MNW8jUAH,2026-08-31,0.035058927
a0W2G00000MNWKCUA5,2026-08-31,0.72160614
a0W2G00000MNWL5UAP,2026-08-31,0.8667203
a0W2G00000MNWLAUA5,2026-08-31,0.43025783
a0W2G00000MNXAfUAP,2026-08-31,0.122957945
a0W2G00000MNXxGUAX,2026-08-31,0.21700291
a0W2G00000MNXyxUAH,2026-08-31,0.72596574
a0W2G00000MNYXEUA5,2026-08-31,0.22416465
a0W2G00000MNYXYUA5,2026-08-31,0.5646879
a0W2G00000MNYbiUAH,2026-08-31,0.40308675
a0W2G00000MNYeVUAX,2026-08-31,0.5054261
a0W2G00000MNckaUAD,2026-08-31,0.075590886
a0W2G00000MNd9TUAT,2026-08-31,0.66151345
a0W2G00000MNdArUAL,2026-08-31,0.11319168
a0W2G00000MNdMDUA1,2026-08-31,0.92916906
a0W2G00000MNfSEUA1,2026-08-31,0.8123742
a0W2G00000MNgoiUAD,2026-08-31,0.33700028
a0W2G00000MNhSWUA1,2026-08-31,0.040261753
a0W2G00000MNhuiUAD,2026-08-31,0.12864512
a0W2G00000MNhusUAD,2026-08-31,0.8653433
a0W2G00000MNibNUAT,2026-08-31,0.39116067
a0W2G00000MNif9UAD,2026-08-31,0.20843466
a0W2G00000MNk3WUAT,2026-08-31,0.058005154
a0W2G00000MNkAYUA1,2026-08-31,0.60750324
a0W2G00000MNm9RUAT,2026-08-31,0.12593913
a0W2G00000MNmLhUAL,2026-08-31,0.24479455
a0W2G00000MNmRQUA1,2026-08-31,0.7473833
a0W2G00000MNmRVUA1,2026-08-31,0.49211845
a0W2G00000MNnefUAD,2026-08-31,0.2896899
a0W2G00000MNodTUAT,2026-08-31,0.44200176
a0W2G00000MNpD4UAL,2026-08-31,0.08102275
a0W2G00000MNpGNUA1,2026-08-31,0.65198404
a0W2G00000MNpY2UAL,2026-08-31,0.6981241
a0W2G00000MNq5aUAD,2026-08-31,0.17343192
a0W2G00000MNq6nUAD,2026-08-31,0.06474101
a0W2G00000MNqCqUAL,2026-08-31,0.100283444
a0W2G00000MNqIAUA1,2026-08-31,0.06648793
a0W2G00000MNqSZUA1,2026-08-31,0.08345314
a0W2G00000MNqVJUA1,2026-08-31,0.550836
a0W2G00000MNqWlUAL,2026-08-31,0.19023785
a0W2G00000MNqX5UAL,2026-08-31,0.0835413
a0W2G00000MNqctUAD,2026-08-31,0.13882115
a0W2G00000MNrHIUA1,2026-08-31,0.24896568
a0W2G00000MNrIfUAL,2026-08-31,0.08741273
a0W2G00000MNrQKUA1,2026-08-31,0.46033907
a0W2G00000MNrWNUA1,2026-08-31,0.079439335
a0W2G00000MNrqhUAD,2026-08-31,0.25962213
a0W2G00000MNrsTUAT,2026-08-31,0.040891856
a0W2G00000MNru0UAD,2026-08-31,0.060176957
a0W2G00000MNsf1UAD,2026-08-31,0.21056707
a0W3m00000SXSXgEAP,2026-08-31,0.785534
a0W3m00000SXShWEAX,2026-08-31,0.4630804
a0W3m00000SXTNgEAP,2026-08-31,0.1380281
a0W3m00000SXTQLEA5,2026-08-31,0.8064192
a0W3m00000SXTaQEAX,2026-08-31,0.71764654
a0W3m00000SXTbsEAH,2026-08-31,0.22816338
a0W3m00000SXTh7EAH,2026-08-31,0.045117408
a0W3m00000SXV8zEAH,2026-08-31,0.13472308
a0W3m00000SXV9iEAH,2026-08-31,0.23589163
a0W3m00000SXWDpEAP,2026-08-31,0.42259043
a0W3m00000SXWDuEAP,2026-08-31,0.29884318
a0W3m00000SXWGeEAP,2026-08-31,0.64151806
a0W3m00000SXWKqEAP,2026-08-31,0.11914829
a0W3m00000SXWs9EAH,2026-08-31,0.28889704
a0W3m00000SXWuPEAX,2026-08-31,0.6580228
a0W3m00000SXXhLEAX,2026-08-31,0.041431025
a0W3m00000SXYTjEAP,2026-08-31,0.7759933
a0W3m00000SXYVuEAP,2026-08-31,0.73065025
a0W3m00000SXZLvEAP,2026-08-31,0.050288044
a0W3m00000SXZZiEAP,2026-08-31,0.15451826
a0W3m00000SXaXbEAL,2026-08-31,0.13907732
a0W3m00000SXdipEAD,2026-08-31,0.6048985
a0W3m00000SXdkbEAD,2026-08-31,0.08321715
a0W3m00000SXdmcEAD,2026-08-31,0.07468892
a0W3m00000SXdoJEAT,2026-08-31,0.21573086
a0W3m00000SXe1IEAT,2026-08-31,0.8549315
a0W3m00000SXfVmEAL,2026-08-31,0.056442313
a0W3m00000SXhdjEAD,2026-08-31,0.39863524
a0W3m00000SXhsFEAT,2026-08-31,0.46136326
a0W3m00000SY2qLEAT,2026-08-31,0.03454953
a0W3m00000SY4flEAD,2026-08-31,0.49115533
a0W3m00000SY5VhEAL,2026-08-31,0.16526788
a0W3m00000SY7JyEAL,2026-08-31,0.32504365
a0W3m00000SY7dJEAT,2026-08-31,0.18597434
a0W3m00000SY7goEAD,2026-08-31,0.61388594
a0W3m00000SY7oFEAT,2026-08-31,0.72884005
a0W3m00000SY8ZkEAL,2026-08-31,0.8710974
a0W3m00000SY8axEAD,2026-08-31,0.5266771
a0W3m00000SY9PcEAL,2026-08-31,0.84245795
a0W3m00000SY9ZHEA1,2026-08-31,0.2987638
a0W3m00000SYCbREAX,2026-08-31,0.12724446
a0W3m00000SYCfUEAX,2026-08-31,0.24926877
a0W3m00000SYGWBEA5,2026-08-31,0.4449091
a0W3m00000SYGbAEAX,2026-08-31,0.05450438
a0W3m00000SYH64EAH,2026-08-31,0.08060895
a0W3m00000SYMjYEAX,2026-08-31,0.20098816
a0W3m00000SYOJCEA5,2026-08-31,0.11126318
a0W3m00000SYOMSEA5,2026-08-31,0.6644405
a0W3m00000SYOPTEA5,2026-08-31,0.65290636
a0W3m00000SYPDCEA5,2026-08-31,0.15014991
a0W3m00000SYR10EAH,2026-08-31,0.31962234
a0W3m00000SYR6lEAH,2026-08-31,0.070336305
a0W3m00000SYSD5EAP,2026-08-31,0.1840386
a0W3m00000SYSRBEA5,2026-08-31,0.35070974
a0W3m00000SYUyDEAX,2026-08-31,0.086981274
a0W3m00000SYUyIEAX,2026-08-31,0.08499161
a0W3m00000SYUz1EAH,2026-08-31,0.5000458
a0W3m00000SYV5nEAH,2026-08-31,0.18459335
a0W3m00000SYV6HEAX,2026-08-31,0.1307415
a0W3m00000SYV7bEAH,2026-08-31,0.49430174
a0W3m00000SYV9tEAH,2026-08-31,0.93044734
a0W3m00000SYVJCEA5,2026-08-31,0.104409285
a0W3m00000SYX67EAH,2026-08-31,0.36323988
a0W3m00000SYXA1EAP,2026-08-31,0.09755534
a0W3m00000SYc5aEAD,2026-08-31,0.12685488
a0W3m00000SYd1rEAD,2026-08-31,0.6207849
a0W3m00000SYeqkEAD,2026-08-31,0.2573154
a0W3m00000SYf3gEAD,2026-08-31,0.7553328
a0W3m00000SYfAsEAL,2026-08-31,0.1218154
a0W3m00000SYfKPEA1,2026-08-31,0.8680605
a0W3m00000UAdneEAD,2026-08-31,0.18949683
a0W3m00000UAebZEAT,2026-08-31,0.12222805
a0W3m00000UAh6aEAD,2026-08-31,0.47695142
a0W3m00000UAhNIEA1,2026-08-31,0.15830134
a0W3m00000UAi0aEAD,2026-08-31,0.8388921
a0W3m00000UAi22EAD,2026-08-31,0.40871504
a0W3m00000UAi2bEAD,2026-08-31,0.06651488
a0W3m00000UAi9hEAD,2026-08-31,0.118469484
a0W3m00000UAiHvEAL,2026-08-31,0.53668654
a0W3m00000UAiPGEA1,2026-08-31,0.80436355
a0W3m00000UAj94EAD,2026-08-31,0.6644013
a0W3m00000UAkLNEA1,2026-08-31,0.1892537
a0W3m00000UAl2bEAD,2026-08-31,0.06804311
a0W3m00000UAlYZEA1,2026-08-31,0.70668125
a0W3m00000UAlzcEAD,2026-08-31,0.16924472
a0W3m00000UAnWCEA1,2026-08-31,0.81253195
a0W3m00000VamkxEAB,2026-08-31,0.16760826
a0W3m00000VamllEAB,2026-08-31,0.3232139
a0W3m00000VamxbEAB,2026-08-31,0.7902931
a0W3m00000VapMUEAZ,2026-08-31,0.2734724
a0W3m00000VapvNEAR,2026-08-31,0.442233
a0W3m00000Vaq3lEAB,2026-08-31,0.17065233
a0W3m00000VarAJEAZ,2026-08-31,0.07818503
a0W3m00000VarWXEAZ,2026-08-31,0.46331298
a0W3m00000VarbVEAR,2026-08-31,0.20595041
a0W3m00000VarpcEAB,2026-08-31,0.45663282
a0W3m00000Vas4bEAB,2026-08-31,0.70058006
a0W3m00000VasA5EAJ,2026-08-31,0.07762129
a0W3m00000VatDAEAZ,2026-08-31,0.40879294
a0W3m00000VatMfEAJ,2026-08-31,0.08497863
a0W3m00000VauGXEAZ,2026-08-31,0.10972992
a0W3m00000VavMYEAZ,2026-08-31,0.41666138
a0W3m00000VavT2EAJ,2026-08-31,0.23603594
a0W3m00000VavoZEAR,2026-08-31,0.8757767
a0W3m00000VawhFEAR,2026-08-31,0.21125422
a0W3m00000VaxFoEAJ,2026-08-31,0.24705563
a0W3m00000Vb07yEAB,2026-08-31,0.31081462
a0W3m00000Vb1QPEAZ,2026-08-31,0.23607282
a0W3m00000Vb2FXEAZ,2026-08-31,0.564297
a0W3m00000Vb30aEAB,2026-08-31,0.21128304
a0W3m00000Vb3YVEAZ,2026-08-31,0.62776893
a0W3m00000Vb3bBEAR,2026-08-31,0.4552758
a0W3m00000Vb3gNEAR,2026-08-31,0.851866
a0W3m00000Vb5VQEAZ,2026-08-31,0.039464578
a0W3m00000Vb5YkEAJ,2026-08-31,0.1357333
a0W3m00000Vb5gBEAR,2026-08-31,0.20751865
a0W3m00000Vb7AcEAJ,2026-08-31,0.069730066
a0W3m00000Vb873EAB,2026-08-31,0.92236084
a0W3m00000Vb8JvEAJ,2026-08-31,0.25196844
a0W3m00000Vb8K0EAJ,2026-08-31,0.20451751
a0W3m00000Vb9mmEAB,2026-08-31,0.06013884
a0W3m00000VbB8nEAF,2026-08-31,0.8502271
a0W3m00000VbBDFEA3,2026-08-31,0.121253274
a0W3m00000VbDT0EAN,2026-08-31,0.08407259
a0W3m00000VbDdvEAF,2026-08-31,0.58915514
a0W3m00000VbDeyEAF,2026-08-31,0.3008186
a0W3m00000VbEhQEAV,2026-08-31,0.55574214
a0W3m00000VbErwEAF,2026-08-31,0.09945862
a0W3m00000VbG5rEAF,2026-08-31,0.29287416
a0W3m00000VbGS3EAN,2026-08-31,0.4727094
a0W3m00000VbGT1EAN,2026-08-31,0.38823214
a0W3m00000VbGXNEA3,2026-08-31,0.16697836
a0W3m00000VbHEqEAN,2026-08-31,0.2953203
a0W3m00000VbHGDEA3,2026-08-31,0.7813958
a0W3m00000VbIDUEA3,2026-08-31,0.07516517
a0W3m00000VbIISEA3,2026-08-31,0.5523744
a0W3m00000VbJ4NEAV,2026-08-31,0.9419531
a0W3m00000VbKgREAV,2026-08-31,0.62723005
a0W3m00000VbKj6EAF,2026-08-31,0.21970397
a0W3m00000VbKq7EAF,2026-08-31,0.30571893
a0W3m00000VbLL3EAN,2026-08-31,0.09653087
a0W3m00000VbLN4EAN,2026-08-31,0.081866294
a0W3m00000VbLNTEA3,2026-08-31,0.091992006
a0W3m00000VbM0qEAF,2026-08-31,0.35911837
a0W3m00000VbMGxEAN,2026-08-31,0.1563187
a0W3m00000VbMnSEAV,2026-08-31,0.25482753
a0W3m00000VbMwZEAV,2026-08-31,0.44194523
a0W3m00000VbN1PEAV,2026-08-31,0.13014783
a0W3m00000VbNSVEA3,2026-08-31,0.34491357
a0W3m00000VbPXhEAN,2026-08-31,0.25939375
a0W3m00000VbQxMEAV,2026-08-31,0.8059006
a0W3m00000XMZwwEAH,2026-08-31,0.11609269
a0W3m00000XMauhEAD,2026-08-31,0.17153534
a0W3m00000XMaw9EAD,2026-08-31,0.4273212
a0W3m00000XMd4rEAD,2026-08-31,0.25823957
a0W3m00000XMdwoEAD,2026-08-31,0.12660427
a0W3m00000XMfjJEAT,2026-08-31,0.07243648
a0W3m00000XMfqVEAT,2026-08-31,0.07174489
a0W3m00000XMfvEEAT,2026-08-31,0.3655411
a0W3m00000XN4vdEAD,2026-08-31,0.3139211
a0W3m00000XN6Z3EAL,2026-08-31,0.8697946
a0W3m00000XN6mwEAD,2026-08-31,0.11769144
a0W3m00000XN7FsEAL,2026-08-31,0.05471831
a0W3m00000XN833EAD,2026-08-31,0.85337526
a0W3m00000XN978EAD,2026-08-31,0.6357048
a0W3m00000XNCSVEA5,2026-08-31,0.42154762
a0W3m00000XNFGWEA5,2026-08-31,0.70451736
a0W3m00000XNGPhEAP,2026-08-31,0.045122955
a0W3m00000XNJhcEAH,2026-08-31,0.044461627
a0W3m00000XNJipEAH,2026-08-31,0.4518619
a0W3m00000XNJlDEAX,2026-08-31,0.8127257
a0W3m00000XNLeUEAX,2026-08-31,0.7198965
a0W3m00000XNLiZEAX,2026-08-31,0.13511808
a0W3m00000XNLldEAH,2026-08-31,0.120996945
a0W3m00000XNMKeEAP,2026-08-31,0.3180812
a0W3m00000XNPhuEAH,2026-08-31,0.34371358
a0W3m00000XNQc1EAH,2026-08-31,0.04770299
a0W3m00000XNQy0EAH,2026-08-31,0.6160461
a0W3m00000XOdftEAD,2026-08-31,0.269522
a0W3m00000XOduzEAD,2026-08-31,0.11258793
a0W3m00000XOdzPEAT,2026-08-31,0.10762306
a0W3m00000XOe49EAD,2026-08-31,0.87599474
a0W3m00000XOeznEAD,2026-08-31,0.9045592
a0W3m00000XOf4kEAD,2026-08-31,0.28499025
a0W3m00000XOhIkEAL,2026-08-31,0.35943115
a0W3m00000XOho7EAD,2026-08-31,0.52002484
a0W3m00000XOiOAEA1,2026-08-31,0.07036437
a0W3m00000XOipfEAD,2026-08-31,0.36333755
a0W3m00000XOit7EAD,2026-08-31,0.33909342
a0W3m00000XOj0oEAD,2026-08-31,0.26160616
a0W3m00000XOkILEA1,2026-08-31,0.22046429
a0W3m00000XOlqWEAT,2026-08-31,0.17057152
a0W3m00000XOoYuEAL,2026-08-31,0.061177474
a0W3m00000XOp5MEAT,2026-08-31,0.5355299
a0W3m00000XOp9iEAD,2026-08-31,0.44447252
a0W3m00000XOpRSEA1,2026-08-31,0.06030598
a0W3m00000XOqV2EAL,2026-08-31,0.085286416
a0W3m00000XOrACEA1,2026-08-31,0.71514845
a0W3m00000XOrJ6EAL,2026-08-31,0.07567073
a0W3m00000XOrK4EAL,2026-08-31,0.94342506
a0W3m00000XOrUgEAL,2026-08-31,0.6200036
a0W3m00000XOrZZEA1,2026-08-31,0.25030032
a0W3m00000XOtJXEA1,2026-08-31,0.104482695
a0W3m00000XPuDmEAL,2026-08-31,0.39930943
a0W3m00000XPvnUEAT,2026-08-31,0.21033828
a0W3m00000XPxCzEAL,2026-08-31,0.093202546
a0W3m00000XPxD9EAL,2026-08-31,0.07806614
a0W3m00000XPyVbEAL,2026-08-31,0.10185091
a0W3m00000XQ0SbEAL,2026-08-31,0.89288026
a0W3m00000XQ0WYEA1,2026-08-31,0.17257799
a0W3m00000XQ0fpEAD,2026-08-31,0.27731192
a0W3m00000XQ2iBEAT,2026-08-31,0.16139957
a0W3m00000XQ3STEA1,2026-08-31,0.84629524
a0W3m00000XQ3WzEAL,2026-08-31,0.24546628
a0W3m00000XQ3l1EAD,2026-08-31,0.093691505
a0W3m00000XQ4U1EAL,2026-08-31,0.24287002
a0W3m00000XQ4wNEAT,2026-08-31,0.3625265
a0W3m00000XQ4xfEAD,2026-08-31,0.8445823
a0W3m00000XQ6ALEA1,2026-08-31,0.12620196
a0W3m00000XQ6BTEA1,2026-08-31,0.15341194
a0W3m00000XQ6nwEAD,2026-08-31,0.31234646
a0W3m00000XQ6ugEAD,2026-08-31,0.12025511
a0W3m00000XQ755EAD,2026-08-31,0.17772721
a0W3m00000XQ8ygEAD,2026-08-31,0.12700681
a0W3m00000XQ91QEAT,2026-08-31,0.09935808
a0W3m00000XQ945EAD,2026-08-31,0.09526275
a0W3m00000XQ9VBEA1,2026-08-31,0.087214604
a0W3m00000XQ9XWEA1,2026-08-31,0.036054887
a0W3m00000XQ9apEAD,2026-08-31,0.06532735
a0W3m00000XQ9cCEAT,2026-08-31,0.62290466
a0W3m00000XQ9g4EAD,2026-08-31,0.11365131
a0W3m00000XQ9pbEAD,2026-08-31,0.61928946
a0W3m00000XQASoEAP,2026-08-31,0.08997693
a0W3m00000XQBdOEAX,2026-08-31,0.86076134
a0W3m00000XQBvgEAH,2026-08-31,0.27112782
a0W3m00000XQCj7EAH,2026-08-31,0.07919668
a0W3m00000XQDbBEAX,2026-08-31,0.27557668
a0W3m00000XQDfSEAX,2026-08-31,0.08272077
a0W3m00000XQHjQEAX,2026-08-31,0.6865468
a0W3m00000XQI6oEAH,2026-08-31,0.21493994
a0W3m00000XQIOTEA5,2026-08-31,0.07770226
a0W3m00000XQJQAEA5,2026-08-31,0.22014269
a0W3m00000XQJcEEAX,2026-08-31,0.42652345
a0W3m00000XQJjoEAH,2026-08-31,0.7832068
a0W3m00000XQMaQEAX,2026-08-31,0.40447688
a0W3m00000XQMiAEAX,2026-08-31,0.112360835
a0W3m00000XQMiZEAX,2026-08-31,0.13939743
a0W3m00000XQOlyEAH,2026-08-31,0.06250229
a0W3m00000XQOpCEAX,2026-08-31,0.19048792
a0W3m00000XQQ9wEAH,2026-08-31,0.50955206
a0W3m00000XQR5jEAH,2026-08-31,0.23131034
a0W3m00000XQTYJEA5,2026-08-31,0.61377126
a0W3m00000XQUY7EAP,2026-08-31,0.32540184
a0W3m00000XQUyoEAH,2026-08-31,0.6793077
a0W3m00000XQVOBEA5,2026-08-31,0.4997202
a0W3m00000XQWIAEA5,2026-08-31,0.323102
a0W3m00000XQXZqEAP,2026-08-31,0.4833383
a0W3m00000XQYFhEAP,2026-08-31,0.5199544
a0W3m00000XQYPrEAP,2026-08-31,0.11781303
a0W3m00000XQa57EAD,2026-08-31,0.2666762
a0W3m00000XQaH7EAL,2026-08-31,0.5493758
a0W3m00000XQaM7EAL,2026-08-31,0.12620196
a0W3m00000XQacZEAT,2026-08-31,0.7628904
a0W3m00000XQb7mEAD,2026-08-31,0.062323622
a0W3m00000XQbTBEA1,2026-08-31,0.4958877
a0W3m00000XQccsEAD,2026-08-31,0.041798547
a0W3m00000XQcnCEAT,2026-08-31,0.4176727
a0W3m00000XQeZnEAL,2026-08-31,0.5414276
a0W3m00000XQedBEAT,2026-08-31,0.5464658
a0W3m00000XQerNEAT,2026-08-31,0.4829042
a0W3m00000XQgCbEAL,2026-08-31,0.11439724
a0W3m00000XQglREAT,2026-08-31,0.22510287
a0W3m00000XQi8NEAT,2026-08-31,0.732338
a0W3m00000XQifbEAD,2026-08-31,0.74684304
a0W3m00000XQjfXEAT,2026-08-31,0.8057268
a0W3m00000XQl02EAD,2026-08-31,0.11089216
a0W3m00000XQlu5EAD,2026-08-31,0.074708894
a0W3m00000XmeH1EAJ,2026-08-31,0.04539056
a0W3m00000XmeKLEAZ,2026-08-31,0.42462534
a0W3m00000XmeU3EAJ,2026-08-31,0.074719585
a0W3m00000XmfFNEAZ,2026-08-31,0.11518956
a0W3m00000XmfGLEAZ,2026-08-31,0.4550512
a0W3m00000XmfLXEAZ,2026-08-31,0.059711836
a0W3m00000XmfYeEAJ,2026-08-31,0.7684372
a0W3m00000XmgpWEAR,2026-08-31,0.059493303
a0W3m00000XmhRWEAZ,2026-08-31,0.13048062
a0W3m00000XmhXQEAZ,2026-08-31,0.085272506
a0W3m00000XmhkbEAB,2026-08-31,0.1316516
a0W3m00000XmhyREAR,2026-08-31,0.18681723
a0W3m00000XmiAOEAZ,2026-08-31,0.3392004
a0W3m00000Xmk1tEAB,2026-08-31,0.09093478
a0W3m00000Xmk28EAB,2026-08-31,0.44494677
a0W3m00000Xmk2NEAR,2026-08-31,0.12393084
a0W3m00000XmkKgEAJ,2026-08-31,0.30243233
a0W3m00000XmkLjEAJ,2026-08-31,0.3265655
a0W3m00000XmkU6EAJ,2026-08-31,0.915146
a0W3m00000XmlZlEAJ,2026-08-31,0.7356259
a0W3m00000XmldpEAB,2026-08-31,0.36083224
a0W3m00000Xmlf4EAB,2026-08-31,0.5218733
a0W3m00000XmorAEAR,2026-08-31,0.09013661
a0W3m00000Xmq6XEAR,2026-08-31,0.8714096
a0W3m00000XmrPtEAJ,2026-08-31,0.07464818
a0W3m00000XmrhdEAB,2026-08-31,0.8963179
a0W3m00000XnCZMEA3,2026-08-31,0.89650327
a0W3m00000XnE5PEAV,2026-08-31,0.1109529
a0W3m00000XnEFGEA3,2026-08-31,0.12852502
a0W3m00000XnFWgEAN,2026-08-31,0.12742426
a0W3m00000XnFpgEAF,2026-08-31,0.90155095
a0W3m00000XnGghEAF,2026-08-31,0.84810865
a0W3m00000XnIz1EAF,2026-08-31,0.34525248
a0W3m00000XnJ9DEAV,2026-08-31,0.12942885
a0W3m00000XnJUxEAN,2026-08-31,0.9171048
a0W3m00000XnJXYEA3,2026-08-31,0.42534512
a0W3m00000XnJd5EAF,2026-08-31,0.08349317
a0W3m00000XnKQ6EAN,2026-08-31,0.86070544
a0W3m00000XnKW1EAN,2026-08-31,0.4571869
a0W3m00000XnKxAEAV,2026-08-31,0.0768324
a0W3m00000XnMk6EAF,2026-08-31,0.09752245
a0W3m00000XnNV8EAN,2026-08-31,0.11583429
a0W3m00000XnNeLEAV,2026-08-31,0.12849993
a0W3m00000XnOULEA3,2026-08-31,0.4243517
a0W3m00000XnPCeEAN,2026-08-31,0.27332646
a0W3m00000XnPm2EAF,2026-08-31,0.89404756
a0W3m00000XnQeXEAV,2026-08-31,0.2878022
a0W3m00000XnRYBEA3,2026-08-31,0.412885
a0W3m00000XnT2jEAF,2026-08-31,0.5515782
a0W3m00000XnT7cEAF,2026-08-31,0.13000275
a0W3m00000XnTPvEAN,2026-08-31,0.12760264
a0W3m00000ZCpX6EAL,2026-08-31,0.09916949
a0W3m00000ZCpXGEA1,2026-08-31,0.19215761
a0W3m00000ZCpXVEA1,2026-08-31,0.09945463
a0W3m00000ZCpZMEA1,2026-08-31,0.079237126
a0W3m00000ZCyq1EAD,2026-08-31,0.10471683
a0W3m00000ZCzGZEA1,2026-08-31,0.05098082
a0W3m00000ZD0NKEA1,2026-08-31,0.03737786
a0W3m00000ZD5I2EAL,2026-08-31,0.18934694
a0W3m00000ZDBHMEA5,2026-08-31,0.8953695
a0W3m00000ZDDMfEAP,2026-08-31,0.07424428
a0W3m00000ZDFRCEA5,2026-08-31,0.5076986
a0W3m00000ZDHHPEA5,2026-08-31,0.8529053
a0W3m00000ZDKc3EAH,2026-08-31,0.8722406
a0W3m00000ZDOntEAH,2026-08-31,0.04854505
a0W3m00000ZDPEuEAP,2026-08-31,0.48156545
a0W3m00000ZDPvtEAH,2026-08-31,0.54159576
a0W3m00000ZDvojEAD,2026-08-31,0.050357886
a0W3m00000ZDvsqEAD,2026-08-31,0.1259705
a0W3m00000ZDvttEAD,2026-08-31,0.18230279
a0W3m00000ZE0VrEAL,2026-08-31,0.9282265
a0W3m00000ZE0qfEAD,2026-08-31,0.09208998
a0W3m00000ZE114EAD,2026-08-31,0.16903344
a0W3m00000ZE5VKEA1,2026-08-31,0.051353224
a0W3m00000ZE5vmEAD,2026-08-31,0.44646183
a0W3m00000ZE6eCEAT,2026-08-31,0.86916673
a0W3m00000ZE7ZEEA1,2026-08-31,0.48956615
a0W3m00000ZE85lEAD,2026-08-31,0.24657652
a0W3m00000ZE8hAEAT,2026-08-31,0.2509134
a0W3m00000ZE9lAEAT,2026-08-31,0.07596211
a0W3m00000ZEADtEAP,2026-08-31,0.11510354
a0W3m00000ZEAHcEAP,2026-08-31,0.11217186
a0W3m00000ZEASqEAP,2026-08-31,0.86990565
a0W3m00000ZEDEcEAP,2026-08-31,0.040827338
a0W3m00000ZEDRWEA5,2026-08-31,0.22856197
a0W3m00000ZEE80EAH,2026-08-31,0.09727933
a0W3m00000ZEEl4EAH,2026-08-31,0.4616891
a0W3m00000ZEEzpEAH,2026-08-31,0.04480857
a0W3m00000ZEFBaEAP,2026-08-31,0.17501147
a0W3m00000ZEFHsEAP,2026-08-31,0.236805
a0W3m00000ZEFiMEAX,2026-08-31,0.07424443
a0W3m00000ZEGEmEAP,2026-08-31,0.12327688
a0W3m00000ZEIm9EAH,2026-08-31,0.09481715
a0W3m00000ZEJZtEAP,2026-08-31,0.2576941
a0W3m00000ZEKf0EAH,2026-08-31,0.76605296
a0W3m00000ZEN9VEAX,2026-08-31,0.69537777
a0W3m00000ZEoxBEAT,2026-08-31,0.8746397
a0W3m00000ZEq5YEAT,2026-08-31,0.07465484
a0W3m00000ZEsY5EAL,2026-08-31,0.08924992
a0W3m00000ZEuBmEAL,2026-08-31,0.8448493
a0W3m00000ZjT1NEAV,2026-08-31,0.06571487
a0W3m00000ZjTB0EAN,2026-08-31,0.33769912
a0W3m00000ZjUPTEA3,2026-08-31,0.087577134
a0W3m00000ZjUXrEAN,2026-08-31,0.109815314
a0W3m00000ZjVMYEA3,2026-08-31,0.8712556
a0W3m00000ZjVp6EAF,2026-08-31,0.108087346
a0W3m00000ZjVwFEAV,2026-08-31,0.17717282
a0W3m00000ZjWDuEAN,2026-08-31,0.6671023
a0W3m00000ZjY9REAV,2026-08-31,0.47495523
a0W3m00000ZjZJ3EAN,2026-08-31,0.076071106
a0W3m00000ZjZxhEAF,2026-08-31,0.45703527
a0W3m00000Zja49EAB,2026-08-31,0.132312
a0W3m00000Zjb4lEAB,2026-08-31,0.43295452
a0W3m00000ZjbzDEAR,2026-08-31,0.12193727
a0W3m00000Zjc0kEAB,2026-08-31,0.08596016
a0W3m00000ZjczEEAR,2026-08-31,0.11780686
a0W3m00000Zjd5CEAR,2026-08-31,0.36108252
a0W3m00000ZkO1OEAV,2026-08-31,0.04037573
a0W3m00000ZkP3QEAV,2026-08-31,0.24580866
a0W3m00000ZkP8fEAF,2026-08-31,0.19778292
a0W3m00000ZkQxmEAF,2026-08-31,0.927676
a0W3m00000ZkRHNEA3,2026-08-31,0.054682244
a0W3m00000ZkRIuEAN,2026-08-31,0.079928905
a0W3m00000ZkRVUEA3,2026-08-31,0.31133336
a0W3m00000ZkSdbEAF,2026-08-31,0.14002322
a0W3m00000ZkTVOEA3,2026-08-31,0.084613875
a0W3m00000ZkUZHEA3,2026-08-31,0.04477397
a0W3m00000ZkUZWEA3,2026-08-31,0.03454953
a0W3m00000ZkViqEAF,2026-08-31,0.44672322
a0W3m00000ZkVvGEAV,2026-08-31,0.035579078
a0W3m00000ZkXWmEAN,2026-08-31,0.08320178
a0W3m00000ZkXfPEAV,2026-08-31,0.18531206
a0W3m00000ZkXjCEAV,2026-08-31,0.09176362
a0W3m00000ZkXktEAF,2026-08-31,0.034134336
a0W3m00000ZkYpqEAF,2026-08-31,0.13712153
a0W3m00000ZkZ7oEAF,2026-08-31,0.05245762
a0W3m00000ZkaCBEAZ,2026-08-31,0.69703597
a0W3m00000ZkapNEAR,2026-08-31,0.22563952
a0W3m00000ZkbTNEAZ,2026-08-31,0.25986266
a0W3m00000Zkdv3EAB,2026-08-31,0.14805977
a0W3m00000Zkdz0EAB,2026-08-31,0.057207484
a0W3m00000ZkdzZEAR,2026-08-31,0.627226
a0W3m00000Zke70EAB,2026-08-31,0.5796169
a0W3m00000ZkeI2EAJ,2026-08-31,0.12453233
a0W3m00000ZkerHEAR,2026-08-31,0.2885175
a0W3m00000ZkeyNEAR,2026-08-31,0.21778129
a0W3m00000Zkfk9EAB,2026-08-31,0.08187978
a0W3m00000Zkfx3EAB,2026-08-31,0.87293375
a0W3m00000ZkggDEAR,2026-08-31,0.038836762
a0W3m00000ZkgtREAR,2026-08-31,0.64102274
a0W3m00000ZkhcqEAB,2026-08-31,0.6095288
a0W3m00000ZkhdoEAB,2026-08-31,0.6056417
a0W3m00000ZkhtXEAR,2026-08-31,0.4094238
a0W3m00000Zki1REAR,2026-08-31,0.36081383
a0W3m00000Zkj7REAR,2026-08-31,0.24223523
a0W3m00000ZkkQqEAJ,2026-08-31,0.85114753
a0W3m00000ZkkXtEAJ,2026-08-31,0.07033713
a0W3m00000Zkl3kEAB,2026-08-31,0.1594793
a0W3m00000ZkldoEAB,2026-08-31,0.043030094
a0W3m00000ZkliUEAR,2026-08-31,0.10139625
a0W3m00000ZkmusEAB,2026-08-31,0.053871367
a0W3m00000ZkmyQEAR,2026-08-31,0.09443677
a0W3m00000Zkn4JEAR,2026-08-31,0.119729884
a0W3m00000ZknM9EAJ,2026-08-31,0.07976735
a0W3m00000ZknbbEAB,2026-08-31,0.06755866
a0W3m00000ZkntnEAB,2026-08-31,0.114937805
a0W3m00000ZkoCLEAZ,2026-08-31,0.10887071
a0W3m00000ZkoF6EAJ,2026-08-31,0.062317178
a0W3m00000ZkogCEAR,2026-08-31,0.50327706
a0W3m00000ZkrXEEAZ,2026-08-31,0.47034502
a0W3m00000Zks1AEAR,2026-08-31,0.15728982
a0W3m00000b4RDDEA2,2026-08-31,0.22799487
a0W3m00000b4RHjEAM,2026-08-31,0.0889891
a0W3m00000b4RlOEAU,2026-08-31,0.11034952
a0W3m00000b4Rn5EAE,2026-08-31,0.7893303
a0W3m00000b4RvsEAE,2026-08-31,0.05553782
a0W3m00000b4SZ0EAM,2026-08-31,0.10407524
a0W3m00000b4UMiEAM,2026-08-31,0.54106927
a0W3m00000b4V96EAE,2026-08-31,0.35606107
a0W3m00000b4WU0EAM,2026-08-31,0.0650471
a0W3m00000b4X6EEAU,2026-08-31,0.10861242
a0W3m00000b4ZFAEA2,2026-08-31,0.34918222
a0W3m00000b4ZK5EAM,2026-08-31,0.27117202
a0W3m00000b4b76EAA,2026-08-31,0.5061439
a0W3m00000b4gguEAA,2026-08-31,0.09492643
a0W3m00000b4gmdEAA,2026-08-31,0.054324076
a0W3m00000b4hk0EAA,2026-08-31,0.21289866
a0W3m00000b4lYFEAY,2026-08-31,0.60168654
a0W3m00000b4mCdEAI,2026-08-31,0.21107131
a0W3m00000b4pJbEAI,2026-08-31,0.263001
a0W3m00000b4pLSEAY,2026-08-31,0.18483563
a0W3m00000b4plVEAQ,2026-08-31,0.41857666
a0W3m00000b4qAkEAI,2026-08-31,0.099792026
a0W3m00000b4tEvEAI,2026-08-31,0.06504621
a0W3m00000bpsDJEAY,2026-08-31,0.13041587
a0W3m00000bpsotEAA,2026-08-31,0.9147071
a0W3m00000bptU6EAI,2026-08-31,0.41273233
a0W3m00000bpthhEAA,2026-08-31,0.50601804
a0W3m00000bpu7XEAQ,2026-08-31,0.9146401
a0W3m00000bpu7mEAA,2026-08-31,0.10484441
a0W3m00000bpvPDEAY,2026-08-31,0.33067608
a0W3m00000bpwOXEAY,2026-08-31,0.24769115
a0W3m00000bpwRbEAI,2026-08-31,0.9107658
a0W3m00000bpwUzEAI,2026-08-31,0.044257194
a0W3m00000bpxh8EAA,2026-08-31,0.2499699
a0W3m00000bq03QEAQ,2026-08-31,0.70751274
a0W3m00000bq0lhEAA,2026-08-31,0.37417772
a0W3m00000bq1KwEAI,2026-08-31,0.33073834
a0W3m00000bq4KPEAY,2026-08-31,0.05528446
a0W3m00000bq4xKEAQ,2026-08-31,0.037072167
a0W3m00000bq5OzEAI,2026-08-31,0.11698731
a0W3m00000bq84fEAA,2026-08-31,0.046451293
a0W3m00000bq8XSEAY,2026-08-31,0.27050072
a0W3m00000bq8mhEAA,2026-08-31,0.63817066
a0W3m00000bq8qjEAA,2026-08-31,0.46181718
a0W3m00000bqAZaEAM,2026-08-31,0.35956365
a0W3m00000bqAeaEAE,2026-08-31,0.1213522
a0W3m00000bqB3BEAU,2026-08-31,0.16505378
a0W3m00000bqBXpEAM,2026-08-31,0.25411007
a0W3m00000bqDiSEAU,2026-08-31,0.6633144
a0W3m00000bqDjQEAU,2026-08-31,0.33071023
a0W3m00000bqFipEAE,2026-08-31,0.33083406
a0W3m00000bqGOvEAM,2026-08-31,0.88493407
a0W3m00000bqIsnEAE,2026-08-31,0.3231603
a0W3m00000bqJH9EAM,2026-08-31,0.09291813
a0W3m00000bqJTZEA2,2026-08-31,0.9178398
a0W3m00000bqJaGEAU,2026-08-31,0.6215054
a0W3m00000bqKFOEA2,2026-08-31,0.1298704
a0W3m00000bqKFxEAM,2026-08-31,0.14225896
a0W3m00000bywDhEAI,2026-08-31,0.04050319
a0W3m00000byx2zEAA,2026-08-31,0.037987404
a0W3m00000byxhWEAQ,2026-08-31,0.22616631
a0W3m00000byxsKEAQ,2026-08-31,0.9240603
a0W3m00000byzGXEAY,2026-08-31,0.2311135
a0W3m00000byzxbEAA,2026-08-31,0.16525505
a0W3m00000bz0M7EAI,2026-08-31,0.06871835
a0W3m00000bz1XvEAI,2026-08-31,0.72818875
a0W3m00000bz2GMEAY,2026-08-31,0.119765
a0W3m00000bz4A5EAI,2026-08-31,0.04857261
a0W3m00000bz6YgEAI,2026-08-31,0.08468082
a0W3m00000bz95nEAA,2026-08-31,0.80510575
a0W3m00000bzBB6EAM,2026-08-31,0.054363847
a0W3m00000bzCeuEAE,2026-08-31,0.14102681
a0W3m00000bzDhaEAE,2026-08-31,0.07542333
a0W3m00000bztAEEAY,2026-08-31,0.10972715
a0W3m00000bztHNEAY,2026-08-31,0.05564423
a0W3m00000bztPGEAY,2026-08-31,0.15678698
a0W3m00000bztaFEAQ,2026-08-31,0.07570778
a0W3m00000cJcWxEAK,2026-08-31,0.22842589
a0W3m00000cJeLxEAK,2026-08-31,0.22965504
a0W3m00000cJkGwEAK,2026-08-31,0.087577134
a0W3m00000cJsg6EAC,2026-08-31,0.057322595
a0W3m00000cJt1PEAS,2026-08-31,0.05363169
a0W3m00000cJwPxEAK,2026-08-31,0.9070983
a0W3m00000cKA8tEAG,2026-08-31,0.8360532
a0W3m00000cKESwEAO,2026-08-31,0.6574084
a0W3m00000cKH10EAG,2026-08-31,0.34080273
a0W3m00000cKHVPEA4,2026-08-31,0.67801887
a0W3m00000cKK1iEAG,2026-08-31,0.09503803
a0W3m00000cKQhMEAW,2026-08-31,0.20674033
a0W3m00000cdtyQEAQ,2026-08-31,0.4135657
a0W3m00000cdu7CEAQ,2026-08-31,0.22838
a0W3m00000cdv7rEAA,2026-08-31,0.45738423
a0W3m00000cdwApEAI,2026-08-31,0.42197347
a0W3m00000cdxbsEAA,2026-08-31,0.8897548
a0W3m00000cdzcKEAQ,2026-08-31,0.08991516
a0W3m00000ce0QBEAY,2026-08-31,0.6402553
a0W3m00000ce0nvEAA,2026-08-31,0.22248764
a0W3m00000ce12vEAA,2026-08-31,0.096438564
a0W3m00000ce1AKEAY,2026-08-31,0.4984662
a0W3m00000ce45BEAQ,2026-08-31,0.052582096
a0W3m00000ce5UlEAI,2026-08-31,0.14107132
a0W3m00000ce6L2EAI,2026-08-31,0.089577645
a0W3m00000ce6T7EAI,2026-08-31,0.17035137
a0W3m00000ce6gnEAA,2026-08-31,0.62495553
a0W3m00000ce8CsEAI,2026-08-31,0.770817
a0W3m00000ce8obEAA,2026-08-31,0.045777522
a0W3m00000ceAF5EAM,2026-08-31,0.22533642
a0W3m00000ceF0NEAU,2026-08-31,0.12454329
a0W3m00000ceF2wEAE,2026-08-31,0.4624817
a0W3m00000ceHiFEAU,2026-08-31,0.12923488
a0W3m00000ceI2IEAU,2026-08-31,0.89235914
a0W3m00000ceIdREAU,2026-08-31,0.75294656
a0W3m00000ceIgcEAE,2026-08-31,0.10369021
a0W3m00000ceKavEAE,2026-08-31,0.93300295
a0W3m00000ceLC9EAM,2026-08-31,0.058489088
a0W3m00000ceMjbEAE,2026-08-31,0.36707515
a0W3m00000ceRMcEAM,2026-08-31,0.04868726
a0W3m00000ceVPHEA2,2026-08-31,0.5500794
a0W3m00000ceVqBEAU,2026-08-31,0.04628329
a0W3m00000cebTcEAI,2026-08-31,0.3559561
a0W3m00000cyTDTEA2,2026-08-31,0.26744038
a0W3m00000cykjvEAA,2026-08-31,0.072659
a0W3m00000d6datEAA,2026-08-31,0.066524625
a0W3m00000d6m6GEAQ,2026-08-31,0.3295122
a0W3m00000d6mfoEAA,2026-08-31,0.10984336
a0W3m00000d6mp8EAA,2026-08-31,0.76367784
a0W3m00000d71nuEAA,2026-08-31,0.88527954
a0W3m00000d71rgEAA,2026-08-31,0.20788531
a0W3m00000d73l8EAA,2026-08-31,0.1315892
a0W3m00000d74hhEAA,2026-08-31,0.49881443
a0W3m00000d75RGEAY,2026-08-31,0.38904634
a0W3m00000d75qgEAA,2026-08-31,0.5696461
a0W3m00000d7A3vEAE,2026-08-31,0.7607232
a0W3m00000d7BXAEA2,2026-08-31,0.86702895
a0W3m00000d7CYoEAM,2026-08-31,0.5515517
a0W3m00000d7Cg3EAE,2026-08-31,0.54144555
a0W3m00000d7EhKEAU,2026-08-31,0.7955441
a0W3m00000d7ImxEAE,2026-08-31,0.9096149
a0W3m00000d7NivEAE,2026-08-31,0.17939578
a0W3m00000d7NpvEAE,2026-08-31,0.15152994
a0W3m00000d7OoyEAE,2026-08-31,0.03898905
a0W3m00000d7Q2bEAE,2026-08-31,0.08114853
a0W3m00000d7VVkEAM,2026-08-31,0.13809243
a0W3m00000d7VX7EAM,2026-08-31,0.7920267
a0W3m00000d7VXHEA2,2026-08-31,0.06382071
a0W3m00000d7VXWEA2,2026-08-31,0.056879975
a0W3m00000d7VXlEAM,2026-08-31,0.066030495
a0W3m00000d7VYKEA2,2026-08-31,0.18426576
a0W3m00000d7VZ3EAM,2026-08-31,0.09884745
a0W3m00000d7VZcEAM,2026-08-31,0.078326344
a0W3m00000d7d4IEAQ,2026-08-31,0.056581583
a0W3m00000d7tEaEAI,2026-08-31,0.09555482
a0W3m00000d7tFxEAI,2026-08-31,0.11999808
a0W3m00000d7uGrEAI,2026-08-31,0.087577134
a0W3m00000d7uS2EAI,2026-08-31,0.04822524
a0W3m00000d7zpfEAA,2026-08-31,0.2563114
a0W3m00000d81b5EAA,2026-08-31,0.82311153
a0W3m00000d81fQEAQ,2026-08-31,0.0555142
a0W3m00000d8ASyEAM,2026-08-31,0.06791331
a0W3m00000d8M8yEAE,2026-08-31,0.09460257
a0W3m00000d8MIsEAM,2026-08-31,0.05220944
a0W3m00000d8OAwEAM,2026-08-31,0.052481066
a0W3m00000d8SvPEAU,2026-08-31,0.08072355
a0W3m00000d8Sw3EAE,2026-08-31,0.1525709
a0W3m00000d8dlkEAA,2026-08-31,0.41743523
a0W3m00000d8eE8EAI,2026-08-31,0.18887118
a0W3m00000d8gYiEAI,2026-08-31,0.08124175
a0W3m00000d8o9PEAQ,2026-08-31,0.42418638
a0W3m00000dFh2gEAC,2026-08-31,0.050009333
a0W3m00000dFhXyEAK,2026-08-31,0.18737344
a0W3m00000dFhstEAC,2026-08-31,0.45879552
a0W3m00000dFngXEAS,2026-08-31,0.81207407
a0W3m00000dFoKGEA0,2026-08-31,0.63747776
a0W3m00000dG0s5EAC,2026-08-31,0.6120866
a0W3m00000dGEoLEAW,2026-08-31,0.27640238
a0W3m00000dGEuSEAW,2026-08-31,0.072175786
a0W3m00000dGUYBEA4,2026-08-31,0.08499302
a0W3m00000dGUgSEAW,2026-08-31,0.3708325
a0W3m00000dGUyDEAW,2026-08-31,0.22464323
a0W3m00000dGaTIEA0,2026-08-31,0.09408906
a0W3m00000dGkCmEAK,2026-08-31,0.082928866
a0W3m00000dGl4QEAS,2026-08-31,0.5762933
a0W3m00000dGn9GEAS,2026-08-31,0.038446937
a0W3m00000dGnaMEAS,2026-08-31,0.04868736
a0W3m00000dGnj4EAC,2026-08-31,0.7122219
a0W3m00000dGo43EAC,2026-08-31,0.87697875
a0W3m00000dGpq0EAC,2026-08-31,0.05264135
a0W3m00000dGqJzEAK,2026-08-31,0.76390254
a0W3m00000dGqmIEAS,2026-08-31,0.7425152
a0W3m00000dGreIEAS,2026-08-31,0.08209362
a0W3m00000dGvWIEA0,2026-08-31,0.60322255
a0W3m00000dGxaiEAC,2026-08-31,0.31608212
a0W3m00000dHID2EAO,2026-08-31,0.69541794
a0W3m00000dHJ5dEAG,2026-08-31,0.062401235
a0W3m00000dHJciEAG,2026-08-31,0.0835594
a0W3m00000dHMg6EAG,2026-08-31,0.13621506
a0W3m00000dHMxWEAW,2026-08-31,0.55571127
a0W3m00000dHOZkEAO,2026-08-31,0.10714712
a0W3m00000dHObqEAG,2026-08-31,0.68389183
a0W3m00000dHPOpEAO,2026-08-31,0.08273298
a0W3m00000dHSUTEA4,2026-08-31,0.12393084
a0W3m00000dHT7GEAW,2026-08-31,0.653096
a0W3m00000dHTk7EAG,2026-08-31,0.857416
a0W3m00000dHTnBEAW,2026-08-31,0.31708527
a0W3m00000dHUPuEAO,2026-08-31,0.10923247
a0W3m00000dHUTHEA4,2026-08-31,0.08212974
a0W3m00000dHUjeEAG,2026-08-31,0.6445096
a0W3m00000dHVALEA4,2026-08-31,0.85166186
a0W3m00000dHVEIEA4,2026-08-31,0.19260833
a0W3m00000dHVJ3EAO,2026-08-31,0.7522005
a0W3m00000dHWMHEA4,2026-08-31,0.21719457
a0W3m00000dHXKgEAO,2026-08-31,0.18282047
a0W3m00000dHXP7EAO,2026-08-31,0.033395328
a0W3m00000dHXcBEAW,2026-08-31,0.9227671
a0W3m00000dHZTUEA4,2026-08-31,0.09588194
a0W3m00000dHZU3EAO,2026-08-31,0.27845097
a0W3m00000dHZUNEA4,2026-08-31,0.10393635
a0W3m00000dHanCEAS,2026-08-31,0.075923555
a0W3m00000dHayeEAC,2026-08-31,0.08307663
a0W3m00000dHazNEAS,2026-08-31,0.3319724
a0W3m00000dHbDFEA0,2026-08-31,0.82745224
a0W3m00000dHvmREAS,2026-08-31,0.5255595
a0W3m00000dHvomEAC,2026-08-31,0.10818937
a0W3m00000dHvqJEAS,2026-08-31,0.058420233
a0W3m00000dHwJQEA0,2026-08-31,0.07711748
a0W3m00000dHwKKEA0,2026-08-31,0.48144007
a0W3m00000dHwKTEA0,2026-08-31,0.33982208
a0W3m00000dHwKsEAK,2026-08-31,0.053864405
a0W3m00000dHwLMEA0,2026-08-31,0.044840112
a0W3m00000dHwLgEAK,2026-08-31,0.61128855
a0W3m00000dHwLqEAK,2026-08-31,0.16126142
a0W3m00000dHwLvEAK,2026-08-31,0.07891816
a0W3m00000dHwM5EAK,2026-08-31,0.40536818
a0W3m00000dHwMoEAK,2026-08-31,0.17390598
a0W3m00000dHwN8EAK,2026-08-31,0.040299855
a0W3m00000dHwNcEAK,2026-08-31,0.059756424
a0W3m00000dHwn6EAC,2026-08-31,0.04418432
a0W3m00000dHzO5EAK,2026-08-31,0.13092399
a0W3m00000dI1ZCEA0,2026-08-31,0.7381668
a0W3m00000dI2pfEAC,2026-08-31,0.7702384
a0W3m00000dI3cXEAS,2026-08-31,0.9152099
a0W3m00000dI4frEAC,2026-08-31,0.743625
a0W3m00000dI9lcEAC,2026-08-31,0.04041334
a0W3m00000dU9ulEAC,2026-08-31,0.85714567
a0W3m00000dUA9gEAG,2026-08-31,0.23174487
a0W3m00000dUAr9EAG,2026-08-31,0.5220539
a0W3m00000dUAsqEAG,2026-08-31,0.2025891
a0W3m00000dUB19EAG,2026-08-31,0.15508461
a0W3m00000dUB4NEAW,2026-08-31,0.25207144
a0WA0000006XHHkMAO,2026-08-31,0.041070424
a0WA0000007kMMDMA2,2026-08-31,0.49132016
a0WA0000007kYsAMAU,2026-08-31,0.12964264
a0WA0000007kZx6MAE,2026-08-31,0.11855867
a0WA0000007l2UtMAI,2026-08-31,0.5844512
a0WA0000007lAdtMAE,2026-08-31,0.5066722
a0WA0000007lB4HMAU,2026-08-31,0.15762028
a0WA0000007lGGQMA2,2026-08-31,0.59961325
a0WA0000007lKfeMAE,2026-08-31,0.82810944
a0WA0000007lLX7MAM,2026-08-31,0.06425554
a0WA0000007lXUwMAM,2026-08-31,0.18712966
a0WA0000007lbsFMAQ,2026-08-31,0.1831412
a0WA0000007lfBBMAY,2026-08-31,0.57243705
a0WA0000007lhBaMAI,2026-08-31,0.21111636
a0WA0000007lqopMAA,2026-08-31,0.12732206
a0WA0000007lt2TMAQ,2026-08-31,0.17580502
a0WA0000007luWNMAY,2026-08-31,0.1560716
a0WA0000007lwTQMAY,2026-08-31,0.7748395
a0WA0000007m51cMAA,2026-08-31,0.35272488
a0WA0000007mCHvMAM,2026-08-31,0.7568305
a0WA0000007mDSOMA2,2026-08-31,0.721835
a0WA0000008pOCwMAM,2026-08-31,0.3397063
a0WA0000008pOJkMAM,2026-08-31,0.30306312
a0WA0000008pOJqMAM,2026-08-31,0.16925658
a0WA0000008pOMDMA2,2026-08-31,0.43465325
a0WA0000008pOMGMA2,2026-08-31,0.09273836
a0WA0000008pOMUMA2,2026-08-31,0.26941854
a0WA0000008pORtMAM,2026-08-31,0.12682731
a0WA0000008pOfsMAE,2026-08-31,0.275196
a0WA0000008sMSGMA2,2026-08-31,0.06456505
a0WA0000008sMStMAM,2026-08-31,0.8504497
a0WA0000008sMUNMA2,2026-08-31,0.18900138
a0WA0000008sMUOMA2,2026-08-31,0.08328231
a0WA0000008sMUhMAM,2026-08-31,0.22456165
a0WA0000008sMWoMAM,2026-08-31,0.2188723
a0WA0000008sMaGMAU,2026-08-31,0.74361897
a0WA0000008sMmnMAE,2026-08-31,0.11961528
a0WA0000008sMn3MAE,2026-08-31,0.112190686
a0WA0000008sMtOMAU,2026-08-31,0.13116026
a0WA0000008sMx6MAE,2026-08-31,0.65860105
a0WA0000008sNGEMA2,2026-08-31,0.06892064
a0WA0000008sNIpMAM,2026-08-31,0.33933505
a0WA0000008sNNoMAM,2026-08-31,0.3616297
a0WA0000008sNR2MAM,2026-08-31,0.14513613
a0WA0000008sT0dMAE,2026-08-31,0.07281962
a0WA0000008sT4yMAE,2026-08-31,0.10993759
a0WA0000008sT8VMAU,2026-08-31,0.19505769
a0WA0000008sTFBMA2,2026-08-31,0.08877639
a0WA0000008sTMcMAM,2026-08-31,0.08627352
a0WA0000008sTNiMAM,2026-08-31,0.49269354
a0WA0000008sTXRMA2,2026-08-31,0.104176104
a0WA0000008sTdLMAU,2026-08-31,0.058707863
a0WA0000008sTkwMAE,2026-08-31,0.4850934
a0WA0000008sUCXMA2,2026-08-31,0.09063619
a0WA0000008sUMQMA2,2026-08-31,0.7147459
a0WA0000008sUMZMA2,2026-08-31,0.66444975
a0WA0000008sUPqMAM,2026-08-31,0.066491544
a0WA0000008sUfmMAE,2026-08-31,0.87374955
a0WA0000008sUk8MAE,2026-08-31,0.7585758
a0WA0000008sUkUMAU,2026-08-31,0.5186501
a0WA0000008sUm5MAE,2026-08-31,0.6731458
a0WA0000008sUsYMAU,2026-08-31,0.7853286
a0WA0000008sUthMAE,2026-08-31,0.9381149
a0WA0000008sUu3MAE,2026-08-31,0.12744679
a0WA0000008sV6WMAU,2026-08-31,0.040299855
a0WA0000008sV6mMAE,2026-08-31,0.037723646
a0WA0000008sVpsMAE,2026-08-31,0.19052893
a0WA0000008sVrdMAE,2026-08-31,0.04917626
a0WA0000008sW4UMAU,2026-08-31,0.6427832
a0WA0000008sW80MAE,2026-08-31,0.9205124
a0WA0000008sWDeMAM,2026-08-31,0.13125111
a0WA0000008sWDnMAM,2026-08-31,0.8626619
a0WA0000008sWGSMA2,2026-08-31,0.6300341
a0WA0000008sWKpMAM,2026-08-31,0.7744113
a0WA0000008sWQlMAM,2026-08-31,0.03617204
a0WA0000008sWW2MAM,2026-08-31,0.06874707
a0WA0000008sWZoMAM,2026-08-31,0.09694667
a0WA00000095dq0MAA,2026-08-31,0.14560708
a0WA0000009KBTzMAO,2026-08-31,0.88616145
a0WA0000009KD7jMAG,2026-08-31,0.45401788
a0WA0000009KD9IMAW,2026-08-31,0.17742006
a0WA0000009LuuzMAC,2026-08-31,0.047845345
a0WA0000009U17LMAS,2026-08-31,0.060112722
a0WA0000009VuJBMA0,2026-08-31,0.18384871
a0WA0000009bP0QMAU,2026-08-31,0.22623624
a0WA000000ArWhBMAV,2026-08-31,0.06289353
a0WA000000ArewpMAB,2026-08-31,0.04240346
a0WA000000Arm4OMAR,2026-08-31,0.3040267
a0WA000000AroRzMAJ,2026-08-31,0.43736577
a0WA000000ArsXyMAJ,2026-08-31,0.3513587
a0WA000000Aryz3MAB,2026-08-31,0.7854014
a0WA000000AsvmoMAB,2026-08-31,0.6560983
a0WA000000At01WMAR,2026-08-31,0.35700738
a0WA000000At0xlMAB,2026-08-31,0.26895514
a0WA000000AtUNOMA3,2026-08-31,0.3604618
a0WA000000BJ3RkMAL,2026-08-31,0.36765444
a0WA000000BJC1mMAH,2026-08-31,0.050523546
a0WA000000BJXGlMAP,2026-08-31,0.15008971
a0WA000000BJqpQMAT,2026-08-31,0.10850704
a0WA000000BKAU7MAP,2026-08-31,0.5773155
a0WA000000BKnu8MAD,2026-08-31,0.54230726
a0WA000000BL2zeMAD,2026-08-31,0.21643087
a0WA000000BL4LlMAL,2026-08-31,0.083933495
a0WA000000BLS7UMAX,2026-08-31,0.122714356
a0WA000000BLltiMAD,2026-08-31,0.17376812
a0WA000000BLzY3MAL,2026-08-31,0.15560454
a0WA000000BMMMkMAP,2026-08-31,0.7968561
a0WA000000BMnVxMAL,2026-08-31,0.0887873
a0WA000000BMoC0MAL,2026-08-31,0.6608791
a0WA000000BqoQ2MAJ,2026-08-31,0.7605698
a0WA000000BqtjQMAR,2026-08-31,0.5854421
a0WA000000BqxmbMAB,2026-08-31,0.19704068
a0WA000000Bs8jnMAB,2026-08-31,0.107859336
a0WA000000BsKP1MAN,2026-08-31,0.41081825
a0WA000000BsKd1MAF,2026-08-31,0.458644
a0WA000000BsRSvMAN,2026-08-31,0.5211329
a0WA000000Bsa8NMAR,2026-08-31,0.058952175
a0WA000000BscbgMAB,2026-08-31,0.07282981
a0WA000000BscblMAB,2026-08-31,0.19348092
a0WA000000BslcWMAR,2026-08-31,0.06304252
a0WA000000BsxziMAB,2026-08-31,0.16978613
a0WA000000Bt0tuMAB,2026-08-31,0.04596581
a0WA000000Bt2RQMAZ,2026-08-31,0.5503676
a0WA000000Bt5jRMAR,2026-08-31,0.5205793
a0WA000000BtBfAMAV,2026-08-31,0.08370849
a0WA000000BtT1vMAF,2026-08-31,0.8659972
a0WA000000BtTPyMAN,2026-08-31,0.67667156
a0WA000000BtVd5MAF,2026-08-31,0.26468825
a0WA000000BthTuMAJ,2026-08-31,0.23186326
a0WA000000Bti5MMAR,2026-08-31,0.18097694
a0WA000000Bu0iKMAR,2026-08-31,0.8075357
a0WA000000BuGhAMAV,2026-08-31,0.08900932
a0WA000000BuGiXMAV,2026-08-31,0.44675735
a0WA000000BuHfeMAF,2026-08-31,0.07651577
a0WA000000CaWELMA3,2026-08-31,0.3948861
a0WA000000CahY0MAJ,2026-08-31,0.088891014
a0WA000000CarupMAB,2026-08-31,0.10585212
a0WA000000Cau1RMAR,2026-08-31,0.091358766
a0WA000000CawlfMAB,2026-08-31,0.097749054
a0WA000000CbEC6MAN,2026-08-31,0.1821084
a0WA000000CbL1HMAV,2026-08-31,0.09946131
a0WA000000CboITMAZ,2026-08-31,0.7945748
a0WA000000CcQjvMAF,2026-08-31,0.09513461
a0WA000000CcVokMAF,2026-08-31,0.7544129
a0WA000000Ef309MAB,2026-08-31,0.17503121
a0WA000000Ef4HiMAJ,2026-08-31,0.63493323
a0WA000000Ef7v8MAB,2026-08-31,0.45366162
a0WA000000EfRwDMAV,2026-08-31,0.54139787
a0WA000000EfyPuMAJ,2026-08-31,0.25528005
a0WA000000EgKHSMA3,2026-08-31,0.16245653
a0WA000000EgR26MAF,2026-08-31,0.110971764
a0WA000000F9xElMAJ,2026-08-31,0.4337722
a0WA000000F9y3nMAB,2026-08-31,0.11553737
a0WA000000FA9LmMAL,2026-08-31,0.23455736
a0WA000000FAA1kMAH,2026-08-31,0.0655452
a0WA000000FALvLMAX,2026-08-31,0.061943304
a0WA000000FAuO7MAL,2026-08-31,0.8946679
a0WA000000FAvCaMAL,2026-08-31,0.1267427
a0WA000000FBU9zMAH,2026-08-31,0.03683564
a0WA000000FBffkMAD,2026-08-31,0.49187768
a0WA000000FC6oeMAD,2026-08-31,0.4171676
a0WA000000FC96lMAD,2026-08-31,0.09902337
a0WA000000FdjFnMAJ,2026-08-31,0.26658714
a0WA000000Fe26vMAB,2026-08-31,0.511066
a0WA000000Fe53nMAB,2026-08-31,0.5681512
a0WA000000FesnYMAR,2026-08-31,0.56119925
a0WA000000FfA9kMAF,2026-08-31,0.117087886
a0WA000000FfNxwMAF,2026-08-31,0.10329382
a0WA000000FfQd8MAF,2026-08-31,0.9356174
a0WA000000FffCvMAJ,2026-08-31,0.14247915
a0WA000000FfuikMAB,2026-08-31,0.3007455
a0WA000000FfxF0MAJ,2026-08-31,0.38024035
a0WA000000FgU3RMAV,2026-08-31,0.7839485
a0WA000000FgfRlMAJ,2026-08-31,0.35266414
a0WA000000FgjshMAB,2026-08-31,0.79708946
a0WA000000FgnbaMAB,2026-08-31,0.77405035
a0WA000000Fh3m1MAB,2026-08-31,0.07015768
a0WA000000FhEM0MAN,2026-08-31,0.17558444
a0WA000000FhOvlMAF,2026-08-31,0.70394206
a0WA000000G2UKUMA3,2026-08-31,0.07771356
a0WA000000GbActMAF,2026-08-31,0.12962244
a0WA000000GbHQsMAN,2026-08-31,0.09818653
a0WA000000GbWCLMA3,2026-08-31,0.20759276
a0WA000000GblnpMAB,2026-08-31,0.0821672
a0WA000000GbofJMAR,2026-08-31,0.070642166
a0WA000000Gbrm2MAB,2026-08-31,0.7525827
a0WA000000GbyN7MAJ,2026-08-31,0.5962616
a0WA000000Gc0oWMAR,2026-08-31,0.44839224
a0WA000000Gc7NaMAJ,2026-08-31,0.7526881
a0WA000000Gc7OYMAZ,2026-08-31,0.05273761
a0WA000000Gc7Q7MAJ,2026-08-31,0.040823687
a0WA000000Gc7QCMAZ,2026-08-31,0.8456247
a0WA000000GcLIqMAN,2026-08-31,0.75055516
a0WA000000GcbVAMAZ,2026-08-31,0.33876824
a0WA000000GccP0MAJ,2026-08-31,0.45254454
a0WA000000GcfNTMAZ,2026-08-31,0.051750783
a0WA000000GcsH9MAJ,2026-08-31,0.4130435
a0WA000000Gd7dhMAB,2026-08-31,0.15146874
a0WA000000Gd8BoMAJ,2026-08-31,0.6343235
a0WA000000GdW7oMAF,2026-08-31,0.05374066
a0WA000000GdgryMAB,2026-08-31,0.77415115
a0WA000000GdltgMAB,2026-08-31,0.11784299
a0WA000000H4k4dMAB,2026-08-31,0.24255913
a0WA000000H4nbnMAB,2026-08-31,0.5620029
a0WA000000H4tZIMAZ,2026-08-31,0.56731534
a0WA000000H53Q3MAJ,2026-08-31,0.36693704
a0WA000000H5BtuMAF,2026-08-31,0.10052107
a0WA000000H5hgHMAR,2026-08-31,0.096840724
a0WA000000H5nlhMAB,2026-08-31,0.052776832
a0WA000000H69dbMAB,2026-08-31,0.072400466
a0WA000000H6C8KMAV,2026-08-31,0.5426838
a0WA000000H6H4xMAF,2026-08-31,0.85688967
a0WA000000H6MoGMAV,2026-08-31,0.054975018
a0WA000000H6RckMAF,2026-08-31,0.17157829
a0WA000000H6n9GMAR,2026-08-31,0.8187281
a0WA000000H6v0vMAB,2026-08-31,0.22106247
a0WA000000H74phMAB,2026-08-31,0.11367502
a0WA000000H7YSLMA3,2026-08-31,0.06864216
a0WA000000H7v7dMAB,2026-08-31,0.07677928
a0WA000000H7zLtMAJ,2026-08-31,0.89429224
a0WA000000H819kMAB,2026-08-31,0.46898097
a0WA000000H88ioMAB,2026-08-31,0.101370856
a0WA000000H8ClGMAV,2026-08-31,0.62871164
a0WA000000H8NfLMAV,2026-08-31,0.6972148
a0WA000000H8SSNMA3,2026-08-31,0.8596083
a0WA000000H8W3GMAV,2026-08-31,0.124825485
a0WA000000H8emUMAR,2026-08-31,0.05424754
a0WA000000HAsswMAD,2026-08-31,0.074203126
a0WA000000HLi4nMAD,2026-08-31,0.05024544
a0WA000000HLu0oMAD,2026-08-31,0.04511366
a0WA000000HLuGAMA1,2026-08-31,0.09462284
a0WA000000HLx3zMAD,2026-08-31,0.19206686
a0WA000000HLxuRMAT,2026-08-31,0.76341355
a0WA000000HM6RAMA1,2026-08-31,0.14642061
a0WA000000HMG7oMAH,2026-08-31,0.037614245
a0WA000000Ha3WPMAZ,2026-08-31,0.21883023
a0WA000000Ha4T8MAJ,2026-08-31,0.073782705
a0WA000000Ha9YiMAJ,2026-08-31,0.15014838
a0WA000000HaGCvMAN,2026-08-31,0.14680405
a0WA000000HaIPFMA3,2026-08-31,0.21805555
a0WA000000HjSFEMA3,2026-08-31,0.6093904
a0WA000000HjgpnMAB,2026-08-31,0.10792531
a0WA000000Hjuf6MAB,2026-08-31,0.16451472
a0WA000000Hk744MAB,2026-08-31,0.91452974
a0WA000000Hk7hcMAB,2026-08-31,0.06750596
a0WA000000HsJs1MAF,2026-08-31,0.084613875
a0WA000000HsZWXMA3,2026-08-31,0.18294688
a0WA000000HscgFMAR,2026-08-31,0.3243616
a0WA000000HscgPMAR,2026-08-31,0.043406628
a0WA000000Hsj62MAB,2026-08-31,0.44088218
a0WA000000HsjvKMAR,2026-08-31,0.07377163
a0WA000000HsljhMAB,2026-08-31,0.13711433
a0WA000000HsmZOMAZ,2026-08-31,0.5260799
a0WA000000HsndeMAB,2026-08-31,0.31982607
a0WA000000Hsnm8MAB,2026-08-31,0.061782394
a0WA000000HsnnMMAR,2026-08-31,0.035926085
a0WA000000Hsr52MAB,2026-08-31,0.7378823
a0WA000000HsrLvMAJ,2026-08-31,0.19487603
a0WA000000Hst9EMAR,2026-08-31,0.67425853
a0WA000000HsxyCMAR,2026-08-31,0.10018627
a0WA000000Ht6tWMAR,2026-08-31,0.08355453
a0WA000000Ht7ikMAB,2026-08-31,0.09447819
a0WA000000Ht7jyMAB,2026-08-31,0.14653681
a0WA000000HtH6PMAV,2026-08-31,0.15420349
a0WA000000HtL3SMAV,2026-08-31,0.046651527
a0WA000000HtjTuMAJ,2026-08-31,0.22156279
a0WA000000J03dKMAR,2026-08-31,0.6515722
a0WA000000J0kTjMAJ,2026-08-31,0.41896617
a0WA000000J0m6xMAB,2026-08-31,0.28241226
a0WA000000J0mnrMAB,2026-08-31,0.055634256
a0WA000000J3gPbMAJ,2026-08-31,0.66598105
a0WA000000J3zmhMAB,2026-08-31,0.3183796
a0WA000000J417mMAB,2026-08-31,0.31924957
a0WA000000J43FyMAJ,2026-08-31,0.78319764
a0WA000000J43G9MAJ,2026-08-31,0.8876813
a0WA000000J43GYMAZ,2026-08-31,0.8050407
a0WA000000J43L3MAJ,2026-08-31,0.31056628
a0WA000000J44nvMAB,2026-08-31,0.14882323
a0WA000000J48aWMAR,2026-08-31,0.057742044
a0WA000000J4AlFMAV,2026-08-31,0.13872105
a0WA000000J4H9vMAF,2026-08-31,0.07514112
a0WA000000J4Ia4MAF,2026-08-31,0.09949932
a0WA000000J4hrhMAB,2026-08-31,0.12640661
a0WA000000J4kEWMAZ,2026-08-31,0.8196768
a0WA000000J4kYzMAJ,2026-08-31,0.94264627
a0WA000000J4lu8MAB,2026-08-31,0.21715115
a0WA000000J4luDMAR,2026-08-31,0.14683679
a0WA000000J4ojnMAB,2026-08-31,0.08495144
a0WA000000J4rttMAB,2026-08-31,0.83894044
a0WA000000J5276MAB,2026-08-31,0.78863275
a0WA000000J5277MAB,2026-08-31,0.05308809
a0WA000000J5zHBMAZ,2026-08-31,0.38372475
a0WA000000J61VnMAJ,2026-08-31,0.40333638
a0WA000000J631fMAB,2026-08-31,0.1497704
a0WA000000J6LSbMAN,2026-08-31,0.081076995
a0WA000000J6NAcMAN,2026-08-31,0.11917153
a0WA000000JjroNMAR,2026-08-31,0.07123911
a0WA000000Jjt18MAB,2026-08-31,0.08163005
a0WA000000JjyfXMAR,2026-08-31,0.5775838
a0WA000000Jk3GXMAZ,2026-08-31,0.10325794
a0WA000000Jk6OWMAZ,2026-08-31,0.26841292
a0WA000000Jk6P9MAJ,2026-08-31,0.34239066
a0WA000000Jk6ReMAJ,2026-08-31,0.70905966
a0WA000000Jk8EZMAZ,2026-08-31,0.07091128
a0WA000000Jk8FPMAZ,2026-08-31,0.07656146
a0WA000000Jk8PqMAJ,2026-08-31,0.11402034
a0WA000000Jk8TCMAZ,2026-08-31,0.89107645
a0WA000000Jk8siMAB,2026-08-31,0.45609626
a0WA000000Jk9AOMAZ,2026-08-31,0.791459
a0WA000000JtbGjMAJ,2026-08-31,0.28294438
a0WA000000JtnTUMAZ,2026-08-31,0.14481208
a0WA000000JtvcbMAB,2026-08-31,0.72610134
a0WA000000JtzeaMAB,2026-08-31,0.49161738
a0WA000000Ju4VYMAZ,2026-08-31,0.19535977
a0WA000000Ju5T3MAJ,2026-08-31,0.1913965
a0WA000000JvvnEMAR,2026-08-31,0.045968793
a0WA000000JvwR1MAJ,2026-08-31,0.66828114
a0WA000000Jvz0CMAR,2026-08-31,0.48498017
a0WA000000Jw0VjMAJ,2026-08-31,0.22403608
a0WA000000Jw4g9MAB,2026-08-31,0.30414787
a0WA000000JwAfiMAF,2026-08-31,0.43360296
a0WA000000JwAiFMAV,2026-08-31,0.076332495
a0WA000000JwCjOMAV,2026-08-31,0.16115871
a0WA000000JwLEBMA3,2026-08-31,0.11812986
a0WA000000JwOnUMAV,2026-08-31,0.070460014
a0WA000000JwOnXMAV,2026-08-31,0.5540788
a0WA000000JwOoiMAF,2026-08-31,0.12657647
a0WA000000JwVbsMAF,2026-08-31,0.26069823
a0WA000000JwVs7MAF,2026-08-31,0.38444906
a0WA000000JwXXeMAN,2026-08-31,0.050289392
a0WA000000JwdFLMAZ,2026-08-31,0.28365713
a0WA000000K7YrYMAV,2026-08-31,0.51092875
a0WA000000K7aBSMAZ,2026-08-31,0.19199385
a0WA000000K7awfMAB,2026-08-31,0.11512515
a0WA000000K7ck8MAB,2026-08-31,0.14508933
a0WA000000K7dIwMAJ,2026-08-31,0.064735934
a0WA000000K7dhoMAB,2026-08-31,0.90635204
a0WA000000K7f2oMAB,2026-08-31,0.61959475
a0WA000000K7f2tMAB,2026-08-31,0.089572124
a0WA000000K7f4rMAB,2026-08-31,0.11522417
a0WA000000K7gXdMAJ,2026-08-31,0.28928083
a0WA000000K7goPMAR,2026-08-31,0.052905787
a0WA000000K7hHWMAZ,2026-08-31,0.28985536
a0WA000000K7hI0MAJ,2026-08-31,0.12620196
a0WA000000K7hSQMAZ,2026-08-31,0.37318206
a0WA000000K7haWMAR,2026-08-31,0.37518096
a0WA000000K7haYMAR,2026-08-31,0.08433425
a0WA000000K7hadMAB,2026-08-31,0.07860861
a0WA000000K7hb2MAB,2026-08-31,0.29226223
a0WA000000K7iPQMAZ,2026-08-31,0.88319105
a0WA000000K7iXuMAJ,2026-08-31,0.82703024
a0WA000000K7iXzMAJ,2026-08-31,0.93332493
a0WA000000K7jA2MAJ,2026-08-31,0.09464734
a0WA000000K7jA7MAJ,2026-08-31,0.09517034
a0WA000000K7jnaMAB,2026-08-31,0.10217329
a0WA000000K7kPYMAZ,2026-08-31,0.078584544
a0WA000000K7kjsMAB,2026-08-31,0.74478346
a0WA000000K7ksZMAR,2026-08-31,0.68129784
a0WA000000K7ktrMAB,2026-08-31,0.65121776
a0WA000000K7lkTMAR,2026-08-31,0.38491657
a0WA000000K7mpaMAB,2026-08-31,0.32287318
a0WA000000K7nBtMAJ,2026-08-31,0.7763775
a0WA000000K7p3zMAB,2026-08-31,0.08273298
a0WA000000K7pAmMAJ,2026-08-31,0.18066324
a0WA000000K7pBXMAZ,2026-08-31,0.8293856
a0WA000000K7pG4MAJ,2026-08-31,0.56900144
a0WA000000K7pGOMAZ,2026-08-31,0.10111141
a0WA000000K7pJKMAZ,2026-08-31,0.35005048
a0WA000000K7pKQMAZ,2026-08-31,0.37028506
a0WA000000K7pYOMAZ,2026-08-31,0.101038866
a0WA000000K7pavMAB,2026-08-31,0.40428266
a0WA000000K7pcZMAR,2026-08-31,0.37900937
a0WA000000K7qnXMAR,2026-08-31,0.7635819
a0WA000000K7qoCMAR,2026-08-31,0.12408379
a0WA000000KPC5PMAX,2026-08-31,0.9448334
a0WA000000KPDwzMAH,2026-08-31,0.33734667
a0WA000000KPE0JMAX,2026-08-31,0.9301258
a0WA000000KPELYMA5,2026-08-31,0.25603035
a0WA000000KPEbuMAH,2026-08-31,0.472892
a0WA000000KPF0qMAH,2026-08-31,0.30437678
a0WA000000KPFAeMAP,2026-08-31,0.821903
a0WA000000KPFG6MAP,2026-08-31,0.18351623
a0WA000000KPFfgMAH,2026-08-31,0.16426268
a0WA000000KPFgTMAX,2026-08-31,0.090510674
a0WA000000KPFqsMAH,2026-08-31,0.589922
a0WA000000KPGLBMA5,2026-08-31,0.15610427
a0WA000000KPGS4MAP,2026-08-31,0.092054516
a0WA000000KPH9YMAX,2026-08-31,0.5236951
a0WA000000KPHNGMA5,2026-08-31,0.34000072
a0WA000000KPHPKMA5,2026-08-31,0.14319263
a0WA000000KPJ6lMAH,2026-08-31,0.7859446
a0WA000000KPJ7oMAH,2026-08-31,0.76819193
a0WA000000KPLNnMAP,2026-08-31,0.83313316
a0WA000000KPLTcMAP,2026-08-31,0.31140968
a0WA000000KPLgsMAH,2026-08-31,0.057905182
a0WA000000KPM1IMAX,2026-08-31,0.28934127
a0WA000000KPMuLMAX,2026-08-31,0.37891334
a0WA000000KPMwlMAH,2026-08-31,0.66051906
a0WA000000KPN32MAH,2026-08-31,0.9133467
a0WA000000KPPCGMA5,2026-08-31,0.7803599
a0WA000000KPPD6MAP,2026-08-31,0.10158605
a0WA000000KPQh0MAH,2026-08-31,0.80188525
a0WA000000KPQhyMAH,2026-08-31,0.16040938
a0WA000000KPQiTMAX,2026-08-31,0.07320961
a0WA000000KPQiYMAX,2026-08-31,0.50011224
a0WA000000KPQrDMAX,2026-08-31,0.47875908
a0WA000000KPR7HMAX,2026-08-31,0.24283604
a0WA000000KPRN4MAP,2026-08-31,0.37092847
a0WA000000KPRc9MAH,2026-08-31,0.03737786
a0WA000000KPRhZMAX,2026-08-31,0.35534254
a0WA000000KPSInMAP,2026-08-31,0.3984017
a0WA000000KPSJJMA5,2026-08-31,0.6526301
a0WA000000KPSYVMA5,2026-08-31,0.21966359
a0WA000000KPT16MAH,2026-08-31,0.8556674
a0WA000000KPTBYMA5,2026-08-31,0.6068791
a0WA000000KPUGtMAP,2026-08-31,0.34277764
a0WA000000KPUMhMAP,2026-08-31,0.6089936
a0WOG0000006pSr2AI,2026-08-31,0.23632513
a0WOG00000072Zm2AI,2026-08-31,0.39241996
a0WOG00000074rh2AA,2026-08-31,0.32572377
a0WOG0000007Enp2AE,2026-08-31,0.28472382
a0WOG0000007NUX2A2,2026-08-31,0.8773162
a0WOG0000007PWL2A2,2026-08-31,0.35622117
a0WOG0000007WO92AM,2026-08-31,0.47751674
a0WOG0000007aZp2AI,2026-08-31,0.08664944
a0WOG0000007niL2AQ,2026-08-31,0.26117182
a0WOG00000084rF2AQ,2026-08-31,0.20608641
a0WOG00000088LN2AY,2026-08-31,0.07622958
a0WOG0000008HTV2A2,2026-08-31,0.10639579
a0WOG0000008TUf2AM,2026-08-31,0.27307522
a0WOG0000008hW12AI,2026-08-31,0.4153018
a0WOG0000008hpN2AQ,2026-08-31,0.08065569
a0WOG0000008hvp2AA,2026-08-31,0.25349638
a0WOG00000091RV2AY,2026-08-31,0.07131321
a0WOG0000009NyI2AU,2026-08-31,0.8325616
a0WOG0000009Ve52AE,2026-08-31,0.7543575
a0WOG0000009gT32AI,2026-08-31,0.57673246
a0WOG000000DC0A2AW,2026-08-31,0.08717171
a0WOG000000DCMj2AO,2026-08-31,0.36133304
a0WOG000000DCpl2AG,2026-08-31,0.14452146
a0WOG000000DCt02AG,2026-08-31,0.32171896
a0WOG000000DCub2AG,2026-08-31,0.15866421
a0WOG000000DCxp2AG,2026-08-31,0.15243272
a0WOG000000DD4H2AW,2026-08-31,0.20413974
a0WOG000000DHz82AG,2026-08-31,0.09036827
a0WOG000000DITl2AO,2026-08-31,0.108776785
a0WOG000000DJKz2AO,2026-08-31,0.07919668
a0WOG000000DL0E2AW,2026-08-31,0.0812705
a0WOG000000DLmb2AG,2026-08-31,0.08209362
a0WOG000000DPAH2A4,2026-08-31,0.09259737
a0WOG000000DVKX2A4,2026-08-31,0.1949384
a0WOG000000DVpB2AW,2026-08-31,0.21369287
a0WOG000000Db9p2AC,2026-08-31,0.11852328
a0WOG000000Dfa12AC,2026-08-31,0.06525583
a0WOG000000Dfzp2AC,2026-08-31,0.89735305
a0WOG000000DqqQ2AS,2026-08-31,0.61995256
a0WOG000000Dw2z2AC,2026-08-31,0.049976416
a0WOG000000E6S92AK,2026-08-31,0.27808088
a0WOG000000E7Pp2AK,2026-08-31,0.7313337
a0WOG000000E88z2AC,2026-08-31,0.44514576
a0WOG000000EN9d2AG,2026-08-31,0.09457443
a0WOG000000EvT32AK,2026-08-31,0.08781609
a0WOG000000EwFS2A0,2026-08-31,0.089733206
a0WOG000000EwIf2AK,2026-08-31,0.04513666
a0WOG000000F0PV2A0,2026-08-31,0.1354456
a0WOG000000IthB2AS,2026-08-31,0.09180806
a0WOG000000JHQ92AO,2026-08-31,0.90795237
a0WOG000000JPE12AO,2026-08-31,0.21231595
a0WOG000000JW4D2AW,2026-08-31,0.17168313
a0WOG000000JgLJ2A0,2026-08-31,0.55165607
a0WOG000000JjhN2AS,2026-08-31,0.044570837
a0WOG000000Jug12AC,2026-08-31,0.78970236
a0WOG000000JwEn2AK,2026-08-31,0.3470452
a0WOG000000Jzz62AC,2026-08-31,0.29350412
a0WOG000000K1ft2AC,2026-08-31,0.12579297
a0WOG000000K3L82AK,2026-08-31,0.26416135
a0WOG000000K4gz2AC,2026-08-31,0.1159614
a0WOG000000K6sT2AS,2026-08-31,0.88605034
a0WOG000000KJOH2A4,2026-08-31,0.40889326
a0WOG000000KJPt2AO,2026-08-31,0.23171803
a0WOG000000KJeP2AW,2026-08-31,0.48771545
a0WOG000000KKnN2AW,2026-08-31,0.78187305
a0WOG000000KKoz2AG,2026-08-31,0.10907857
a0WOG000000KLcz2AG,2026-08-31,0.7407242
a0WOG000000KM632AG,2026-08-31,0.15714864
a0WOG000000KMPN2A4,2026-08-31,0.076071106
a0WOG000000KMh72AG,2026-08-31,0.20447828
a0WOG000000KN6v2AG,2026-08-31,0.091999955
a0WOG000000KVNp2AO,2026-08-31,0.058881626
a0WOG000000KWTZ2A4,2026-08-31,0.7970944
a0WOG000000KZfy2AG,2026-08-31,0.17585489
a0WOG000000KsnR2AS,2026-08-31,0.60596275
a0WOG000000KxlV2AS,2026-08-31,0.36827457
a0WOG000000Kyw52AC,2026-08-31,0.09277335
a0WOG000000L65e2AC,2026-08-31,0.335728
a0WOG000000L7892AC,2026-08-31,0.6850871
a0WOG000000L7o52AC,2026-08-31,0.8167479
a0WOG000000L7o62AC,2026-08-31,0.13938484
a0WOG000000L82b2AC,2026-08-31,0.5095827
a0WOG000000L84D2AS,2026-08-31,0.7522794
a0WOG000000LC9S2AW,2026-08-31,0.4945326
a0WOG000000LIBd2AO,2026-08-31,0.079118855
a0WOG000000LJdx2AG,2026-08-31,0.78146416
a0WOG000000LQCP2A4,2026-08-31,0.074556224
a0WOG000000Lay92AC,2026-08-31,0.9140327
a0WOG000000LyUF2A0,2026-08-31,0.6443604
a0WOG000000MH3p2AG,2026-08-31,0.26908612
a0WOG000000MH5R2AW,2026-08-31,0.6778506
a0WOG000000MHob2AG,2026-08-31,0.41476095
a0WOG000000MIW92AO,2026-08-31,0.37143198
a0WOG000000MJAT2A4,2026-08-31,0.07183003
a0WOG000000MMoH2AW,2026-08-31,0.28061005
a0WOG000000Mom92AC,2026-08-31,0.88549894
a0WOG000000MzG92AK,2026-08-31,0.1270327
a0WOG000000Mzsr2AC,2026-08-31,0.7682553
a0WOG000000NFnx2AG,2026-08-31,0.7255001
a0WOG000000NOOE2A4,2026-08-31,0.81603044
a0WOG000000NV4j2AG,2026-08-31,0.109448746
a0WOG000000NX9n2AG,2026-08-31,0.07841394
a0WOG000000Ntrp2AC,2026-08-31,0.03780242
a0WOG000000NxKL2A0,2026-08-31,0.30756578
a0WOG000000Nyeb2AC,2026-08-31,0.8536309
a0WOG000000O6M12AK,2026-08-31,0.488129
a0WOG000000OEg92AG,2026-08-31,0.112798765
a0WOG000000Qk8r2AC,2026-08-31,0.15042694
a0WOG000000QkC52AK,2026-08-31,0.20102848
a0WOG000000QvXJ2A0,2026-08-31,0.66390663
a0WOG000000QwGT2A0,2026-08-31,0.69696385
a0WOG000000QwWd2AK,2026-08-31,0.06601965
a0WOG000000QxxJ2AS,2026-08-31,0.6191497
a0WOG000000QyAD2A0,2026-08-31,0.5864147
a0WOG000000RIqT2AW,2026-08-31,0.6832998
a0WOG000000RsU92AK,2026-08-31,0.4625366
a0WOG000000RxLl2AK,2026-08-31,0.64780235
a0WOG000000RzLx2AK,2026-08-31,0.31516325
a0WOG000000STDZ2A4,2026-08-31,0.35372433
a0WOG000000STlS2AW,2026-08-31,0.51429886
a0WOG000000SU812AG,2026-08-31,0.3777305
a0WOG000000SZHN2A4,2026-08-31,0.38682497
a0WOG000000ScLi2AK,2026-08-31,0.09453146
a0WOG000000SeFR2A0,2026-08-31,0.07817478
a0WOG000000Srqz2AC,2026-08-31,0.039397758
a0WOG000000Sydx2AC,2026-08-31,0.521482
a0WOG000000Szi72AC,2026-08-31,0.17788397
a0WOG000000T04f2AC,2026-08-31,0.31573895
a0WOG000000T0MP2A0,2026-08-31,0.33689475
a0WOG000000T0O12AK,2026-08-31,0.12517294
a0WOG000000T0Xh2AK,2026-08-31,0.08741866
a0WOG000000T0av2AC,2026-08-31,0.079439335
a0WOG000000T0e92AC,2026-08-31,0.7642298
a0WOG000000T0fl2AC,2026-08-31,0.10206218
a0WOG000000T0r32AC,2026-08-31,0.9055724
a0WOG000000T2Hm2AK,2026-08-31,0.5675044
a0WOG000000TJaL2AW,2026-08-31,0.09978884
a0WOG000000TReL2AW,2026-08-31,0.75661826
a0WOG000000TY9Z2AW,2026-08-31,0.2169058
a0WOG000000Tdqn2AC,2026-08-31,0.20350939
a0WOG000000Tfnl2AC,2026-08-31,0.056165732
a0WOG000000TnBp2AK,2026-08-31,0.13288994
a0WOG000000ToxW2AS,2026-08-31,0.19886786
a0WOG000000TsEj2AK,2026-08-31,0.23480724
a0WOG000000Tsxt2AC,2026-08-31,0.060280267
a0WOG000000TvEE2A0,2026-08-31,0.21530141
a0WOG000000TzEb2AK,2026-08-31,0.20468026
a0WOG000000UGLt2AO,2026-08-31,0.75415653
a0WOG000000UIAn2AO,2026-08-31,0.04470754
a0WOG000000UKHR2A4,2026-08-31,0.07860861
a0WOG000000US6v2AG,2026-08-31,0.39821833
a0WOG000000UYlp2AG,2026-08-31,0.15068616
a0WOG000000UaHN2A0,2026-08-31,0.63135016
a0WOG000000UbYP2A0,2026-08-31,0.5091652
a0WOG000000Ucav2AC,2026-08-31,0.50842994
a0WOG000000Ucr32AC,2026-08-31,0.079237126
a0WOG000000UdGr2AK,2026-08-31,0.080724925
a0WOG000000UddR2AS,2026-08-31,0.9236605
a0WOG000000UvGz2AK,2026-08-31,0.12737404
a0WOG000000V5cv2AC,2026-08-31,0.40018314
a0WOG000000V8692AC,2026-08-31,0.70856565
a0WOG000000V9mz2AC,2026-08-31,0.06627675
a0WOG000000VGDN2A4,2026-08-31,0.85333514
a0WOG000000VGi12AG,2026-08-31,0.13129723
a0WOG000000VMQr2AO,2026-08-31,0.8195294
a0WOG000000VRbp2AG,2026-08-31,0.5095029
a0WOG000000VTaP2AW,2026-08-31,0.61145014
a0WOG000000VaYf2AK,2026-08-31,0.04249253
a0WOG000000Vedt2AC,2026-08-31,0.09083111
a0WOG000000Veqn2AC,2026-08-31,0.54464746
a0WOG000000Vgfh2AC,2026-08-31,0.045350473
a0WOG000000ViG52AK,2026-08-31,0.1059071
a0WOG000000ViHi2AK,2026-08-31,0.6498635
a0WOG000000VkZe2AK,2026-08-31,0.42865878
a0WOG000000Vxwf2AC,2026-08-31,0.61776996
a0WOG000000W2DB2A0,2026-08-31,0.9018769
a0WOG000000WD8b2AG,2026-08-31,0.47699273
a0WOG000000WH492AG,2026-08-31,0.19151159
a0WOG000000WHLt2AO,2026-08-31,0.8924941
a0WOG000000WLMH2A4,2026-08-31,0.9034205
a0WOG000000Wmfp2AC,2026-08-31,0.20340893
a0WOG000000Wwor2AC,2026-08-31,0.28065154
a0WOG000000X6D72AK,2026-08-31,0.877131
a0WOG000000XAgX2AW,2026-08-31,0.8427849
a0WOG000000XEXG2A4,2026-08-31,0.04717031
a0WOG000000XXWf2AO,2026-08-31,0.11427368
a0WOG000000Xcsw2AC,2026-08-31,0.16873252
a0WOG000000XlOL2A0,2026-08-31,0.25909966
a0WOG000000XmIn2AK,2026-08-31,0.8803506
a0WOG000000XpWn2AK,2026-08-31,0.16236006
a0WOG000000XsUf2AK,2026-08-31,0.8795337
a0WOG000000Y4pB2AS,2026-08-31,0.6812652
a0WOG000000YBib2AG,2026-08-31,0.9126031
a0WOG000000YD1F2AW,2026-08-31,0.45724523
a0WOG000000YDu62AG,2026-08-31,0.087577134
a0WOG000000YEAD2A4,2026-08-31,0.08689795
a0WOG000000YRDt2AO,2026-08-31,0.60557836
a0WOG000000YTXR2A4,2026-08-31,0.74493587
a0WOG000000YU6v2AG,2026-08-31,0.10534016
a0WOG000000YXPl2AO,2026-08-31,0.7701147
a0WOG000000Yc2r2AC,2026-08-31,0.21057214
a0WOG000000YkRp2AK,2026-08-31,0.10612244
a0WOG000000Ym2D2AS,2026-08-31,0.1404877
a0WOG000000YneD2AS,2026-08-31,0.18680963
a0WOG000000Yp6X2AS,2026-08-31,0.046214104
a0WOG000000YwmL2AS,2026-08-31,0.042893726
a0WOG000000ZHh82AG,2026-08-31,0.13806228
a0WOG000000ZIID2A4,2026-08-31,0.5437714
a0WOG000000dG4v2AE,2026-08-31,0.17494789
a0WOG000000dfo52AA,2026-08-31,0.90769446
a0WOG000000e2372AA,2026-08-31,0.5102573
a0WOG000000eCaL2AU,2026-08-31,0.071079746
a0WOG000000eDkx2AE,2026-08-31,0.8303394
a0WOG000000eOQD2A2,2026-08-31,0.036097266
a0WOG000000eRaz2AE,2026-08-31,0.041458283
a0WOG000000earB2AQ,2026-08-31,0.40796596
a0WOG000000edgz2AA,2026-08-31,0.30096307
a0WOG000000f5zp2AA,2026-08-31,0.8433278
a0WOG000000fBp72AE,2026-08-31,0.07999896
a0WOG000000fE0b2AE,2026-08-31,0.61841774
a0WOG000000fNAL2A2,2026-08-31,0.91448206
a0WOG000000fbrd2AA,2026-08-31,0.06650979
a0WOG000000fe1V2AQ,2026-08-31,0.09209064
a0WOG000000fgXx2AI,2026-08-31,0.2577577
a0WOG000000fgeP2AQ,2026-08-31,0.66402215
a0WOG000000fgw92AA,2026-08-31,0.103480004
a0WOG000000fgzN2AQ,2026-08-31,0.0768324
a0WOG000000fh932AA,2026-08-31,0.13078363
a0WOG000000fh952AA,2026-08-31,0.08159868
a0WOG000000fhDt2AI,2026-08-31,0.070039615
a0WOG000000nyiz2AA,2026-08-31,0.617016
a0WOG000000o35x2AA,2026-08-31,0.3110904
a0WOG000000o8wr2AA,2026-08-31,0.1668165
a0WOG000000oFQT2A2,2026-08-31,0.30895272
a0WOG000000oI8D2AU,2026-08-31,0.088898934
a0WOG000000oID32AM,2026-08-31,0.12169602
a0WOG000000oIpl2AE,2026-08-31,0.86379796
a0WOG000000oIub2AE,2026-08-31,0.1749109
a0WOG000000oYuX2AU,2026-08-31,0.9188342
a0WOG000000obNl2AI,2026-08-31,0.11026424
a0WOG000000p6JV2AY,2026-08-31,0.22287486
a0WOG000000p77V2AQ,2026-08-31,0.768031
a0WOG000000pfXN2AY,2026-08-31,0.06044915
a0WOG000000phAz2AI,2026-08-31,0.22638221
a0WOG000000pjG12AI,2026-08-31,0.65495116
a0WOG000000pw6n2AA,2026-08-31,0.3776686
a0WOG000000qwkg2AA,2026-08-31,0.087210596
a0WOG000000qyxl2AA,2026-08-31,0.092153266
a0WOG000000r1nZ2AQ,2026-08-31,0.0686602
a0WOG000000r2Rt2AI,2026-08-31,0.58130646
a0WOG000000r37p2AA,2026-08-31,0.10450491
a0WOG000000r5Xq2AI,2026-08-31,0.11223548
a0WOG000000rAXW2A2,2026-08-31,0.6802153
a0WOG000000rAdx2AE,2026-08-31,0.05231369
a0WOG000000rCav2AE,2026-08-31,0.37125337
a0WOG000000rOtp2AE,2026-08-31,0.7445877
a0WOG000000rQIv2AM,2026-08-31,0.12073066
a0WOG000000raF42AI,2026-08-31,0.31282687
a0WOG000000rcOv2AI,2026-08-31,0.0874188
a0WOG000000rfhl2AA,2026-08-31,0.3222903
a0WOG000000rjTd2AI,2026-08-31,0.4985924
a0WOG000000rv1l2AA,2026-08-31,0.6485158
a0WOG000000ryE92AI,2026-08-31,0.34337723
a0WOG000000s0UT2AY,2026-08-31,0.18571945
a0WOG000000s5if2AA,2026-08-31,0.43367073
a0WOG000000s6mn2AA,2026-08-31,0.42806286
a0WOG000000sOVB2A2,2026-08-31,0.4989737
a0WOG000000sPav2AE,2026-08-31,0.22474651
a0WOG000000sU9B2AU,2026-08-31,0.08689795
a0WOG000000stnW2AQ,2026-08-31,0.14610767
a0WOG000000suI92AI,2026-08-31,0.15471053
a0WOG000000svJ32AI,2026-08-31,0.05819805
a0WOG000000sx1V2AQ,2026-08-31,0.06941244
a0WOG000000szsv2AA,2026-08-31,0.09955898
a0WOG000000t3en2AA,2026-08-31,0.087577134
a0WOG000000tRZ32AM,2026-08-31,0.19909634
a0WOG000000tXRZ2A2,2026-08-31,0.10111751
a0WOG000000tYaX2AU,2026-08-31,0.8095495
a0WOG000000to4D2AQ,2026-08-31,0.15023
a0WOG000000trRt2AI,2026-08-31,0.9048932
a0WOG000000u9ev2AA,2026-08-31,0.11210828
a0WOG000000uMgz2AE,2026-08-31,0.65698916
a0WOG000000uOPR2A2,2026-08-31,0.35627228
a0WOG000000ubXx2AI,2026-08-31,0.09999624
a0WOG000000umzd2AA,2026-08-31,0.5867502
a0WOG000000vCAz2AM,2026-08-31,0.2015341
a0WOG000000vDwc2AE,2026-08-31,0.07829188
a0WOG000000vLkT2AU,2026-08-31,0.1728252
a0WOG000000vV2H2AU,2026-08-31,0.0847183
a0WOG000000vheX2AQ,2026-08-31,0.37947536
a0WOG000000vip72AA,2026-08-31,0.13464594
a0WOG000000vv1Z2AQ,2026-08-31,0.09196369
a0WOG000000w3qL2AQ,2026-08-31,0.18977058
a0WOG000000wC7F2AU,2026-08-31,0.14870974
a0WOG000000wJdN2AU,2026-08-31,0.05517394
a0WOG000000wfHJ2AY,2026-08-31,0.23282585
a0WOG000000x4h72AA,2026-08-31,0.11518269
a0WOG000000x5Zx2AI,2026-08-31,0.9385009
a0WOG000000xCef2AE,2026-08-31,0.06679538
a0WOG000000xDCX2A2,2026-08-31,0.7507238
a0WOG000000xDE92AM,2026-08-31,0.675819
a0WOG000000xeEL2AY,2026-08-31,0.21194674
a0WOG000000xfYc2AI,2026-08-31,0.13358732
a0WOG000000xhfF2AQ,2026-08-31,0.05728641
a0WOG000000xnzB2AQ,2026-08-31,0.85662997
a0WOG000000xrOU2AY,2026-08-31,0.18813156
a0WOG000000xyHt2AI,2026-08-31,0.06643901
a0WOG000000y7kz2AA,2026-08-31,0.0901458
a0WOG000000yDwr2AE,2026-08-31,0.09837873
a0WOG000000yKdN2AU,2026-08-31,0.054160926
a0WOG000000yjVJ2AY,2026-08-31,0.83271563
a0WOG000000ym3N2AQ,2026-08-31,0.6548151
a0WOG000000ypfZ2AQ,2026-08-31,0.042508528
a0WOG000000yqAD2AY,2026-08-31,0.06422775
a0WOG000000z0w22AA,2026-08-31,0.0865709
a0WOG000000z2Xx2AI,2026-08-31,0.27959642
a0WOG000000z3qb2AA,2026-08-31,0.83512306
a0WOG000000z3sD2AQ,2026-08-31,0.24383028
a0WOG000000z3yf2AA,2026-08-31,0.1376651
a0WOG000000z40H2AQ,2026-08-31,0.38946944
a0WOG000000z41t2AA,2026-08-31,0.24462734
a0WOG000000z5Sb2AI,2026-08-31,0.061046097
a0WOG000000zR9m2AE,2026-08-31,0.88435316
a0WOG000000zWhJ2AU,2026-08-31,0.23627634
a0WOG000000zWm92AE,2026-08-31,0.08332136
a0WOG000000zZ452AE,2026-08-31,0.05780312
a0WOG000000zcBd2AI,2026-08-31,0.8345426
a0WOG000000zvZF2AY,2026-08-31,0.14705774
a0WOG000000zy8v2AA,2026-08-31,0.64949155
a0WOG000000zzPx2AI,2026-08-31,0.03799876
a0WOG00000101Q92AI,2026-08-31,0.71415114
a0WOG00000102Np2AI,2026-08-31,0.6003917
a0WOG00000107tm2AA,2026-08-31,0.069878034
a0WOG0000010WNV2A2,2026-08-31,0.480739
a0WOG0000010hdt2AA,2026-08-31,0.67928356
a0WOG0000010p1x2AA,2026-08-31,0.34572476
a0WOG0000010sav2AA,2026-08-31,0.92474043
a0WOG0000010y212AA,2026-08-31,0.20576571
a0WOG0000011UzZ2AU,2026-08-31,0.23164463
a0WOG0000011xlR2AQ,2026-08-31,0.037556127
a0WOG00000127BJ2AY,2026-08-31,0.06866036
a0WOG00000129jN2AQ,2026-08-31,0.082257435
a0WOG0000012GbB2AU,2026-08-31,0.08618767
a0WOG0000012Yg92AE,2026-08-31,0.49679995
a0WOG0000012dZN2AY,2026-08-31,0.3224078
a0WOG0000012pST2AY,2026-08-31,0.060743786
a0WOG0000013PHR2A2,2026-08-31,0.6405786
a0WOG0000013iqL2AQ,2026-08-31,0.21064334
a0WOG0000013jXt2AI,2026-08-31,0.07478771
a0WOG00000140X72AI,2026-08-31,0.2717205
a0WOG00000140aL2AQ,2026-08-31,0.10152327
a0WOG00000149dd2AA,2026-08-31,0.35380262
a0WOG0000014Nzx2AE,2026-08-31,0.48782435
a0WOG0000014UGg2AM,2026-08-31,0.20270886
a0WOG0000014ZbK2AU,2026-08-31,0.750155
a0WOG0000014bJl2AI,2026-08-31,0.19461691
a0WOG0000014lJ72AI,2026-08-31,0.079439335
a0WOG0000014mv72AA,2026-08-31,0.11470231
a0WOG0000014wWH2AY,2026-08-31,0.67750573
a0WOG0000014wjB2AQ,2026-08-31,0.0768324
a0WOG0000014yoD2AQ,2026-08-31,0.57599676
a0WOG0000015vUv2AI,2026-08-31,0.049666278
a0WOG00000169JN2AY,2026-08-31,0.8747319
a0WOG0000016PRP2A2,2026-08-31,0.29422867
a0WOG0000016UsT2AU,2026-08-31,0.095200896
a0WOG0000016Uvh2AE,2026-08-31,0.12866054
a0WOG0000016XyP2AU,2026-08-31,0.730936
a0WOG0000016rIn2AI,2026-08-31,0.24693549
a0WOG0000016rQs2AI,2026-08-31,0.032742076
a0WOG0000016wTl2AI,2026-08-31,0.087577134
a0WOG00000179ij2AA,2026-08-31,0.35214654
a0WOG0000017ueP2AQ,2026-08-31,0.07311006
a0WOG0000018MUE2A2,2026-08-31,0.8774615
a0WOG0000018NYM2A2,2026-08-31,0.45733497
a0WOG0000018Oiv2AE,2026-08-31,0.07495224
a0WOG0000018OkX2AU,2026-08-31,0.8725468
a0WOG0000018pPl2AI,2026-08-31,0.052620783
a0WOG0000018xbp2AA,2026-08-31,0.20114361
a0WOG0000019D8j2AE,2026-08-31,0.039469466
a0WOG0000019DVK2A2,2026-08-31,0.6063479
a0WOG0000019USv2AM,2026-08-31,0.08373397
a0WOG0000019YZl2AM,2026-08-31,0.29209116
a0WOG0000019lLh2AI,2026-08-31,0.06371697
a0WOG0000019sAH2AY,2026-08-31,0.063379094
a0WOG0000019uaI2AQ,2026-08-31,0.8105677
a0WOG000001Nk822AC,2026-08-31,0.04271856
a0WOG000001NlqT2AS,2026-08-31,0.8067984
a0WOG000001NsTm2AK,2026-08-31,0.8617499
a0WOG000001NwKT2A0,2026-08-31,0.53338164
a0WOG000001O6V72AK,2026-08-31,0.058359914
a0WOG000001OJSL2A4,2026-08-31,0.9161886
a0WOG000001OJde2AG,2026-08-31,0.15706225
a0WOG000001ORBN2A4,2026-08-31,0.12687492
a0WOG000001OV252AG,2026-08-31,0.19170418
a0WOG000001OZwv2AG,2026-08-31,0.17001505
a0WOG000001OeBp2AK,2026-08-31,0.929157
a0WOG000001OoG12AK,2026-08-31,0.45974386
a0WOG000001Otvd2AC,2026-08-31,0.09771472
a0WOG000001P1bR2AS,2026-08-31,0.0679066
a0WOG000001P21G2AS,2026-08-31,0.11155826
a0WOG000001P9KU2A0,2026-08-31,0.7938636
a0WOG000001PE7F2AW,2026-08-31,0.38969308
a0WOG000001PHRh2AO,2026-08-31,0.03714214
a0WOG000001PzMI2A0,2026-08-31,0.692873
a0WOG000001QJhZ2AW,2026-08-31,0.90032077
a0WOG000001QSJR2A4,2026-08-31,0.22479415
a0WOG000001UHne2AG,2026-08-31,0.33987227
a0WOG000001ULUf2AO,2026-08-31,0.15706225
a0WOG000001UQR72AO,2026-08-31,0.32996738
a0WOG000001Uett2AC,2026-08-31,0.23912461
a0WOG000001UmMn2AK,2026-08-31,0.13398686
a0WOG000001Uoy52AC,2026-08-31,0.26313663
a0WOG000001VSKP2A4,2026-08-31,0.49048787
a0WOG000001VXK52AO,2026-08-31,0.2293086
a0WOG000001Vd692AC,2026-08-31,0.1846787
a0WOG000001VhHp2AK,2026-08-31,0.107745074
a0WOG000001Vk1C2AS,2026-08-31,0.04479639
a0WOG000001VnAL2A0,2026-08-31,0.59287566
a0WOG000001We9q2AC,2026-08-31,0.20148304
a0WOG000001WnWT2A0,2026-08-31,0.32481384
a0WOG000001Wnmb2AC,2026-08-31,0.18316634
a0WOG000001XDYz2AO,2026-08-31,0.27468416
a0WOG000001XLI12AO,2026-08-31,0.23255298
a0WOG000001XSrN2AW,2026-08-31,0.19459523
a0WOG000001XVnd2AG,2026-08-31,0.17716837
a0WOG000001XuSf2AK,2026-08-31,0.100683965
a0WOG000001YBTV2A4,2026-08-31,0.24368306
a0WOG000001YCZF2A4,2026-08-31,0.39950302
a0WOG000001YEzF2AW,2026-08-31,0.06906639
a0WOG000001YbJA2A0,2026-08-31,0.14152898
a0WOG000001Ye8v2AC,2026-08-31,0.14409524
a0WOG000001Yfg52AC,2026-08-31,0.14988483
a0WOG000001Yjbe2AC,2026-08-31,0.18623483
a0WOG000001YpPJ2A0,2026-08-31,0.5334793
a0WOG000001YyR02AK,2026-08-31,0.856532
a0WOG000001ZNKX2A4,2026-08-31,0.45622307
a0WOG000001ZPHV2A4,2026-08-31,0.3786438
a0WOG000001ZPnl2AG,2026-08-31,0.19793943
a0WOG000001ZUKQ2A4,2026-08-31,0.5348258
a0WOG000001ZXi52AG,2026-08-31,0.8190137
a0WOG000001ZrVV2A0,2026-08-31,0.24560669
a0WOG000001ZrYj2AK,2026-08-31,0.33578143
a0WOG000001Zx9V2AS,2026-08-31,0.10796912
a0WOG000001Zywn2AC,2026-08-31,0.089577645
a0WOG000001aoFR2AY,2026-08-31,0.4321347
a0WOG000001f5OA2AY,2026-08-31,0.69490933
a0WOG000001f5rB2AQ,2026-08-31,0.038373437
a0WOG000001f6Tt2AI,2026-08-31,0.11747948
a0WOG000001fAsT2AU,2026-08-31,0.13593507
a0WOG000001fNhd2AE,2026-08-31,0.14612366
a0WOG000001fPWX2A2,2026-08-31,0.16291896
a0WOG000001fmeP2AQ,2026-08-31,0.1563971
a0WOG000001fohp2AA,2026-08-31,0.09632291
a0WOG000001fyFl2AI,2026-08-31,0.3750612
a0WOG000001g5Nh2AI,2026-08-31,0.041162673
a0WOG000001gLFa2AM,2026-08-31,0.11485009
a0WOG000001gOAD2A2,2026-08-31,0.40394527
a0WOG000001gOVB2A2,2026-08-31,0.07622958
a0WOG000001gVLO2A2,2026-08-31,0.091715366
a0WOG000001gYCn2AM,2026-08-31,0.05686398
a0WOG000001gZDk2AM,2026-08-31,0.35724887
a0WOG000001geBl2AI,2026-08-31,0.30591488
a0WOG000001gl3Z2AQ,2026-08-31,0.04205756
a0WOG000001gynB2AQ,2026-08-31,0.046957545
a0WOG000001h6hW2AQ,2026-08-31,0.52584624
a0WOG000001h70r2AA,2026-08-31,0.120916024
a0WOG000001h7NR2AY,2026-08-31,0.15986925
a0WOG000001h7SH2AY,2026-08-31,0.49297103
a0WOG000001h7Tt2AI,2026-08-31,0.15058744
a0WOG000001h7k12AA,2026-08-31,0.2178414
a0WOG000001h8Ht2AI,2026-08-31,0.7625089
a0WOG000001h9KP2AY,2026-08-31,0.90137434
a0WOG000001hE3x2AE,2026-08-31,0.4800905
a0WOG000001hEC12AM,2026-08-31,0.28994986
a0WOG000001hTRB2A2,2026-08-31,0.059555218
a0WOG000001hUa92AE,2026-08-31,0.56335837
a0WOG000001hgug2AA,2026-08-31,0.0506006
a0WOG000001huO92AI,2026-08-31,0.8805922
a0WOG000001i1pR2AQ,2026-08-31,0.28467494
a0WOG000001i4lh2AA,2026-08-31,0.11892809
a0WOG000001iMU52AM,2026-08-31,0.6227738
a0WOG000001iRWz2AM,2026-08-31,0.19916785
a0WOG000001iWlB2AU,2026-08-31,0.18928209
a0WOG000001iXfd2AE,2026-08-31,0.100111865
a0WOG000001jH2X2AU,2026-08-31,0.21025656
a0WOG000001jHLt2AM,2026-08-31,0.7134019
a0WOG000001jI9t2AE,2026-08-31,0.045028962
a0WOG000001jKOb2AM,2026-08-31,0.06373208
a0WOG000001jwQf2AI,2026-08-31,0.32719705
a0WOG000001jyvV2AQ,2026-08-31,0.0543291
a0WOG000001kXA52AM,2026-08-31,0.04711703
a0WOG000001kbon2AA,2026-08-31,0.8083323
a0WOG000001kdU12AI,2026-08-31,0.08724779
a0WOG000001l1Hp2AI,2026-08-31,0.8746136
a0WOG000001l3oH2AQ,2026-08-31,0.5223422
a0WOG000001l6W12AI,2026-08-31,0.5419651
a0WOG000001l7Ld2AI,2026-08-31,0.33411175
a0WOG000001l7Or2AI,2026-08-31,0.17667508
a0WOG000001p9zx2AA,2026-08-31,0.079439335
a0WOG000001pCrN2AU,2026-08-31,0.07918831
a0WOG000001pc132AA,2026-08-31,0.11975462
a0WOG000001pjH32AI,2026-08-31,0.10944299
a0WOG000001pro62AA,2026-08-31,0.08059735
a0WOG000001qF5d2AE,2026-08-31,0.6260805
a0WOG000001qKQI2A2,2026-08-31,0.79758936
a0WOG000001qVIT2A2,2026-08-31,0.11937338
a0WOG000001qZdp2AE,2026-08-31,0.2184773
a0WOG000001qeIX2AY,2026-08-31,0.062317
a0WOG000001qohh2AA,2026-08-31,0.35585228
a0WOG000001rBsn2AE,2026-08-31,0.87098193
a0WOG000001rFGT2A2,2026-08-31,0.25941485
a0WOG000001rVhp2AE,2026-08-31,0.20203193
a0WOG000001rmab2AA,2026-08-31,0.39752096
a0WOG000001rtgv2AA,2026-08-31,0.7503133
a0WOG000001rx4b2AA,2026-08-31,0.116132334
a0WOG000001s75Z2AQ,2026-08-31,0.28018618
a0WOG000001s7QX2AY,2026-08-31,0.21294385
a0WOG000001sB5x2AE,2026-08-31,0.10518242
a0WOG000001tExp2AE,2026-08-31,0.09063692
a0WOG000001tLmP2AU,2026-08-31,0.33081424
a0WOG000001tU6X2AU,2026-08-31,0.07358528
a0WOG000001tUcn2AE,2026-08-31,0.51022875
a0WOG000001tW9x2AE,2026-08-31,0.806456
a0WOG000001tyB32AI,2026-08-31,0.5358456
a0WOG000001uA7N2AU,2026-08-31,0.12994029
a0WOG000001uFgX2AU,2026-08-31,0.61002135
a0WOG000001uHX32AM,2026-08-31,0.28317797
a0WOG000001uObl2AE,2026-08-31,0.792297
a0WOG000001ubFd2AI,2026-08-31,0.10602987
a0WOG000001udJ32AI,2026-08-31,0.37376
a0WOG000001uosn2AA,2026-08-31,0.4418997
a0WOG000001uq4z2AA,2026-08-31,0.19125202
a0WOG000001uqsz2AA,2026-08-31,0.54911196
a0WOG000001uubd2AA,2026-08-31,0.7166302
a0WOG00000265VJ2AY,2026-08-31,0.07504427
a0WOG0000026D332AE,2026-08-31,0.16980377
a0WOG0000026K6A2AU,2026-08-31,0.5990636
a0WOG0000026KHR2A2,2026-08-31,0.068977945
a0WOG0000026KZC2A2,2026-08-31,0.07462954
a0WOG0000026Kqv2AE,2026-08-31,0.39823943
a0WOG0000026QrV2AU,2026-08-31,0.57480115
a0WOG0000026U2H2AU,2026-08-31,0.13536823
a0WOG00000297yn2AA,2026-08-31,0.102538355
a0WOG000002980P2AQ,2026-08-31,0.12835114
a0WOG0000029Ajl2AE,2026-08-31,0.6179663
a0WOG0000029Isb2AE,2026-08-31,0.06473858
a0WOG0000029Mub2AE,2026-08-31,0.06774143
a0WOG0000029Mxp2AE,2026-08-31,0.08243738
a0WOG0000029Nlp2AE,2026-08-31,0.7869467
a0WOG0000029RPe2AM,2026-08-31,0.1327095
a0WOG0000029WkI2AU,2026-08-31,0.08057934
a0WOG0000029dsE2AQ,2026-08-31,0.32661837
a0WOG0000029mNe2AI,2026-08-31,0.11867425
a0WOG0000029qO52AI,2026-08-31,0.48685285
a0WOG0000029ylN2AQ,2026-08-31,0.084613875
a0WOG000002A2CH2A0,2026-08-31,0.13616611
a0WOG000002A75V2AS,2026-08-31,0.2644196
a0WOG000002AA9p2AG,2026-08-31,0.10607674
a0WOG000002AC8P2AW,2026-08-31,0.68692416
a0WOG000002AZuc2AG,2026-08-31,0.09770375
a0WOG000002AgrF2AS,2026-08-31,0.088356
a0WOG000002BmjJ2AS,2026-08-31,0.8082194
a0WOG000002Bpdx2AC,2026-08-31,0.058797307
a0WOG000002Cj3S2AS,2026-08-31,0.089577645
a0WOG000002Cmyz2AC,2026-08-31,0.49270007
a0WOG000002Cy5h2AC,2026-08-31,0.037300467
a0WOG000002Czt02AC,2026-08-31,0.10180725
a0WOG000002D7XB2A0,2026-08-31,0.06720837
a0WOG000002DRPR2A4,2026-08-31,0.86884975
a0WOG000002Exez2AC,2026-08-31,0.46030754
a0WOG000002FLz32AG,2026-08-31,0.4305854
a0WOG000002FP3O2AW,2026-08-31,0.108152434
a0WOG000002FPxq2AG,2026-08-31,0.08561253
a0WOG000002FQ4H2AW,2026-08-31,0.091849595
a0WOG000002FQ5t2AG,2026-08-31,0.13111745
a0WOG000002FQCL2A4,2026-08-31,0.110661045
a0WOG000002FQDx2AO,2026-08-31,0.10750334
a0WOG000002FQHC2A4,2026-08-31,0.14745179
a0WOG000002FQM12AO,2026-08-31,0.1509207
a0WOG000002FQNd2AO,2026-08-31,0.20059
a0WOG000002FQPF2A4,2026-08-31,0.1369789
a0WOG000002FQlp2AG,2026-08-31,0.49677235
a0WOG000002FQvW2AW,2026-08-31,0.14277017
a0WOG000002FRWc2AO,2026-08-31,0.6335101
a0WOG000002FRoL2AW,2026-08-31,0.091174774
a0WOG000002FRpx2AG,2026-08-31,0.0872591
a0WOG000002FRtB2AW,2026-08-31,0.084447585
a0WOG000002FRy12AG,2026-08-31,0.08909672
a0WOG000002FS4T2AW,2026-08-31,0.11276325
a0WOG000002FS652AG,2026-08-31,0.11945741
a0WOG000002FS7h2AG,2026-08-31,0.11399186
a0WOG000002Fgdh2AC,2026-08-31,0.07301625
a0WOG000002FyXN2A0,2026-08-31,0.04343266
a0WOG000002GJf32AG,2026-08-31,0.3128414
a0WOG000002GrVR2A0,2026-08-31,0.7506349
a0WOG000002HIdh2AG,2026-08-31,0.34622934
a0WOG000002HP2T2AW,2026-08-31,0.1287471
a0WOG000002HYH32AO,2026-08-31,0.11546045
a0WOG000002Hqqf2AC,2026-08-31,0.13430533
a0WOG000002ICMX2A4,2026-08-31,0.365833
a0WOG000002IJsg2AG,2026-08-31,0.05212309
a0WOG000002IKqL2AW,2026-08-31,0.040735807
a0WOG000002ILxh2AG,2026-08-31,0.30492684
a0WOG000002IfbR2AS,2026-08-31,0.23655534
a0WOG000002IoDJ2A0,2026-08-31,0.05290458
a0WOG000002Itw92AC,2026-08-31,0.08643839
a0WOG000002IzGn2AK,2026-08-31,0.17701727
a0WOG000002J1VV2A0,2026-08-31,0.5278892
a0WOG000002J9kn2AC,2026-08-31,0.13819148
a0WOG000002JBY52AO,2026-08-31,0.711924
a0WOG000002JU2s2AG,2026-08-31,0.16887885
a0WOG000002JX5a2AG,2026-08-31,0.11424422
a0WOG000002JeLZ2A0,2026-08-31,0.76522857
a0WOG000002K4xZ2AS,2026-08-31,0.37012243
a0WOG000002KEjT2AW,2026-08-31,0.1327563
a0WOG000002KFL72AO,2026-08-31,0.1974817
a0WOG000002KGsH2AW,2026-08-31,0.5423003
a0WOG000002KHQ92AO,2026-08-31,0.12713654
a0WOG000002KHun2AG,2026-08-31,0.41060993
a0WOG000002KJTZ2A4,2026-08-31,0.9126523
a0WOG000002KRKf2AO,2026-08-31,0.7951474
a0WOG000002KT382AG,2026-08-31,0.89611423
a0WOG000002KWaT2AW,2026-08-31,0.15118995
a0WOG000002KWdh2AG,2026-08-31,0.72526586
a0WOG000002KjEL2A0,2026-08-31,0.6397113
a0WOG000002LCt32AG,2026-08-31,0.15624587
a0WOG000002LK7R2AW,2026-08-31,0.3249278
a0WOG000002LQO92AO,2026-08-31,0.63476527
a0WOG000002LQj72AG,2026-08-31,0.30569655
a0WOG000002LXsf2AG,2026-08-31,0.39330807
a0WOG000002Ld3d2AC,2026-08-31,0.07321199
a0WOG000002LiJR2A0,2026-08-31,0.2325881
a0WOG000002LiWL2A0,2026-08-31,0.13561
a0WOG000002M7uX2AS,2026-08-31,0.053562284
a0WOG000002MAHJ2A4,2026-08-31,0.3200715
a0WOG000002MCe52AG,2026-08-31,0.45905295
a0WOG000002MGWP2A4,2026-08-31,0.13379906
a0WOG000002MPoD2AW,2026-08-31,0.033726715
a0WOG000002MQ2j2AG,2026-08-31,0.9319766
a0WOG000002MlK52AK,2026-08-31,0.8976827
a0WOG000002MlyP2AS,2026-08-31,0.29895633
a0WOG000002Mnk52AC,2026-08-31,0.05515029
a0WOG000002Mpyn2AC,2026-08-31,0.07123911
a0WOG000002N1qH2AS,2026-08-31,0.10781014
a0WOG000002NBb72AG,2026-08-31,0.87579024
a0WOG000002NBrF2AW,2026-08-31,0.45676515
a0WOG000002NEFd2AO,2026-08-31,0.04964066
a0WOG000002NEqj2AG,2026-08-31,0.15764257
a0WOG000002NNkL2AW,2026-08-31,0.033449844
a0WOG000002NpFB2A0,2026-08-31,0.16982011
a0WOG000002OAzZ2AW,2026-08-31,0.7335415
a0WOG000002OIPF2A4,2026-08-31,0.10732579
a0WOG000002OIvV2AW,2026-08-31,0.22659543
a0WOG000002OLdF2AW,2026-08-31,0.57491416
a0WOG000002OMr32AG,2026-08-31,0.12903994
a0WOG000002ONbp2AG,2026-08-31,0.47039667
a0WOG000002OPdd2AG,2026-08-31,0.34650204
a0WOG000002OoCD2A0,2026-08-31,0.09108049
a0WOG000002Ook52AC,2026-08-31,0.84198725
a0WOG000002OqAn2AK,2026-08-31,0.61210936
a0WOG000002Or3d2AC,2026-08-31,0.08305074
a0WOG000002OtIL2A0,2026-08-31,0.67633706
a0WOG000002OvaI2AS,2026-08-31,0.43894657
a0WOG000002OvyT2AS,2026-08-31,0.2417778
a0WOG000002P1HV2A0,2026-08-31,0.11227212
a0WOG000002P2wj2AC,2026-08-31,0.07507524
a0WOG000002P4AX2A0,2026-08-31,0.085402936
a0WOG000002PIBt2AO,2026-08-31,0.29995176
a0WOG000002PXdx2AG,2026-08-31,0.51302093
a0WOG000002Pa2M2AS,2026-08-31,0.40018687
a0WOG000002PcCD2A0,2026-08-31,0.14173174
a0WOG000002PhLZ2A0,2026-08-31,0.17301421
a0WOG000002PhS12AK,2026-08-31,0.12807742
a0WOG000002Pj5d2AC,2026-08-31,0.084001586
a0WOG000002SnPd2AK,2026-08-31,0.09392158
a0WOG000002SnXh2AK,2026-08-31,0.07845499
a0WOG000002StGX2A0,2026-08-31,0.36657685
a0WOG000002Sxjx2AC,2026-08-31,0.30239102
a0WOG000002T4of2AC,2026-08-31,0.9149347
a0WOG000002T5812AC,2026-08-31,0.1431273
a0WOG000002TFKH2A4,2026-08-31,0.1608827
a0WOG000002TSar2AG,2026-08-31,0.13987076
a0WOG000002TSiv2AG,2026-08-31,0.05023894
a0WOG000002TTzx2AG,2026-08-31,0.40465638
a0WOG000002TWhh2AG,2026-08-31,0.4544504
a0WOG000002TYd32AG,2026-08-31,0.05523537
a0WOG000002TZm12AG,2026-08-31,0.10155338
a0WOG000002TbXh2AK,2026-08-31,0.26662585
a0WOG000002TgAn2AK,2026-08-31,0.17535625
a0WOG000002TkhR2AS,2026-08-31,0.6841991
a0WOG000002TmZZ2A0,2026-08-31,0.1821515
a0WOG000002UALl2AO,2026-08-31,0.22054312
a0WOG000002UAOz2AO,2026-08-31,0.6770459
a0WOG000002UFgP2AW,2026-08-31,0.12722865
a0WOG000002UHn32AG,2026-08-31,0.8615039
a0WOG000002UIpZ2AW,2026-08-31,0.21122997
a0WOG000002UL4H2AW,2026-08-31,0.52916056
a0WOG000002ULkE2AW,2026-08-31,0.6711458
a0WOG000002UPcX2AW,2026-08-31,0.6898562
a0WOG000002UPfl2AG,2026-08-31,0.4517914
a0WOG000002UyQc2AK,2026-08-31,0.3806241
a0WOG000002V0dh2AC,2026-08-31,0.10774475
a0WOG000002VE8n2AG,2026-08-31,0.09737437
a0WOG000002VEjt2AG,2026-08-31,0.20767155
a0WOG000002VwTB2A0,2026-08-31,0.6416136
a0WOG000002Vy1x2AC,2026-08-31,0.09379284
a0WOG000002W2Tl2AK,2026-08-31,0.22234723
a0WOG000002WAnt2AG,2026-08-31,0.055384535
a0WOG000002WEQ52AO,2026-08-31,0.09694317
a0WOG000002WFcH2AW,2026-08-31,0.5348297
a0WOG000002WGYL2A4,2026-08-31,0.53944707
a0WOG000002WLxp2AG,2026-08-31,0.07258953
a0WOG000002WMQr2AO,2026-08-31,0.21963538
a0WOG000002WMVh2AO,2026-08-31,0.45686495
a0WOG000002WPOj2AO,2026-08-31,0.1189199
a0WOG000002Wc4D2AS,2026-08-31,0.067811176
a0WOG000002X0Hr2AK,2026-08-31,0.18163413
a0WOG000002XBZq2AO,2026-08-31,0.21769156
a0WOG000002XBgI2AW,2026-08-31,0.04577218
a0WOG000002XCZ72AO,2026-08-31,0.06911437
a0WOG000002XDBp2AO,2026-08-31,0.54297954
a0WOG000002XDdF2AW,2026-08-31,0.05288575
a0WOG000002mmdt2AA,2026-08-31,0.2555699
a0WOG000002mtXJ2AY,2026-08-31,0.6166878
a0WOG000002mxB72AI,2026-08-31,0.114012286
a0WOG000002myrx2AA,2026-08-31,0.20552143
a0WOG000002n4pJ2AQ,2026-08-31,0.41159496
a0WOG000002nI4H2AU,2026-08-31,0.11905817
a0WOG000002nLTZ2A2,2026-08-31,0.2711262
a0WOG000002nXUj2AM,2026-08-31,0.03748013
a0WOG000002nYIk2AM,2026-08-31,0.38451076
a0WOG000002nYyg2AE,2026-08-31,0.36865762
a0WOG000002nZLF2A2,2026-08-31,0.058312275
a0WOG000002naHJ2AY,2026-08-31,0.10052743
a0WOG000002ngHt2AI,2026-08-31,0.08189417
a0WOG000002ngmX2AQ,2026-08-31,0.04089235
a0WOG000002nrI92AI,2026-08-31,0.05181873
a0WOG000002nwuX2AQ,2026-08-31,0.38480076
a0WOG000002nxCH2AY,2026-08-31,0.56833535
a0WOG000002nyOT2AY,2026-08-31,0.69309694
a0WOG000002nycz2AA,2026-08-31,0.7839494
a0WOG000002o0lF2AQ,2026-08-31,0.8733504
a0WOG000002o81F2AQ,2026-08-31,0.10413514
a0WOG000002oA332AE,2026-08-31,0.093227774
a0WOG000002oDTx2AM,2026-08-31,0.061320104
a0WOG000002oLZZ2A2,2026-08-31,0.49848807
a0WOG000002oLbB2AU,2026-08-31,0.19362248
a0WOG000002oNzZ2AU,2026-08-31,0.09942266
a0WOG000002oSpZ2AU,2026-08-31,0.3014352
a0WOG000002oWjV2AU,2026-08-31,0.12929747
a0WOG000002oqez2AA,2026-08-31,0.39581847
a0WOG000002p6qD2AQ,2026-08-31,0.9246858
a0WOG000002p80n2AA,2026-08-31,0.21880664
a0WOG000002pAaT2AU,2026-08-31,0.63153476
a0WOG000002pDdB2AU,2026-08-31,0.20981784
a0WOG000002pYUk2AM,2026-08-31,0.65049314
a0WOG000002pa8L2AQ,2026-08-31,0.66948646
a0WOG000002pbVp2AI,2026-08-31,0.31093174
a0WOG000002pd1N2AQ,2026-08-31,0.67761457
a0WOG000002pgYj2AI,2026-08-31,0.6307192
a0WOG000002phWP2AY,2026-08-31,0.081606075
a0WOG000002pob72AA,2026-08-31,0.4676907
a0WOG000002prkH2AQ,2026-08-31,0.18180785
a0WOG000002q3Wv2AI,2026-08-31,0.08689795
a0WOG000002q4ZR2AY,2026-08-31,0.48537377
a0WOG000002q55h2AA,2026-08-31,0.57018816
a0WOG000002snaT2AQ,2026-08-31,0.761627
a0WOG000002szF32AI,2026-08-31,0.06107159
a0WOG000002t09V2AQ,2026-08-31,0.08381692
a0WOG000002t2jB2AQ,2026-08-31,0.41561797
a0WOG000002t8Td2AI,2026-08-31,0.10341988
a0WOG000002tCyf2AE,2026-08-31,0.7234497
a0WOG000002tDTJ2A2,2026-08-31,0.08102275
a0WOG000002tEZ32AM,2026-08-31,0.13440378
a0WOG000002tGUP2A2,2026-08-31,0.8360641
a0WOG000002tGXd2AM,2026-08-31,0.16313313
a0WOG000002tHv72AE,2026-08-31,0.36041233
a0WOG000002tKkv2AE,2026-08-31,0.2689184
a0WOG000002tQC12AM,2026-08-31,0.92102516
a0WOG000002tg3u2AA,2026-08-31,0.069935374
a0WOG000002tvu92AA,2026-08-31,0.5773381
a0WOG000002u2fV2AQ,2026-08-31,0.40096948
a0WOG000002u7NR2AY,2026-08-31,0.04641695
a0WOG000002u9aX2AQ,2026-08-31,0.18554872
a0WOG000002uBSf2AM,2026-08-31,0.12702125
a0WOG000002uFMb2AM,2026-08-31,0.31334376
a0WOG000002uN2P2AU,2026-08-31,0.0724401
a0WOG000002uhM52AI,2026-08-31,0.12762775
a0WOG000002umfA2AQ,2026-08-31,0.5795784
a0WOG000002uupZ2AQ,2026-08-31,0.51265526
a0WOG000002uzR32AI,2026-08-31,0.5476666
a0WOG000002v0bd2AA,2026-08-31,0.82667017
a0WOG000002v1Fx2AI,2026-08-31,0.05900914
a0WOG000002vXpJ2AU,2026-08-31,0.4957165
a0WOG000002vkOL2AY,2026-08-31,0.10353795
a0WOG000002vkhh2AA,2026-08-31,0.16476831
a0WOG000002vycb2AA,2026-08-31,0.49928018
a0WOG000002w2pt2AA,2026-08-31,0.08606354
a0WOG000002w3h72AA,2026-08-31,0.35859573
a0WOG000002w6VJ2AY,2026-08-31,0.8361535
a0WOG000002w9mX2AQ,2026-08-31,0.33684653
a0WOG000002wIuf2AE,2026-08-31,0.09862966
a0WOG000002wJqj2AE,2026-08-31,0.08160145
a0WOG000002wNj32AE,2026-08-31,0.38055593
a0WOG000002wSQz2AM,2026-08-31,0.07578739
a0WOG000002wXiP2AU,2026-08-31,0.5579655
a0WOG000002wYzR2AU,2026-08-31,0.3534471
a0WOG000002wj252AA,2026-08-31,0.3671805
a0WOG000002wpPB2AY,2026-08-31,0.28713697
a0WOG000002wtML2AY,2026-08-31,0.2805212
a0WOG000002wtnl2AA,2026-08-31,0.04140065
a0WOG000002x3n72AA,2026-08-31,0.23279966
a0WOG000002x8ur2AA,2026-08-31,0.07893648
a0WOG000002xGHJ2A2,2026-08-31,0.38880336
a0WOG000002xOEr2AM,2026-08-31,0.052674543
a0WOG000002xOWc2AM,2026-08-31,0.059522122
a0WOG000002xPHN2A2,2026-08-31,0.8105941
a0WOG000002xU5l2AE,2026-08-31,0.49785313
a0WOG000002xbyT2AQ,2026-08-31,0.43517667
a0WOG000002xe572AA,2026-08-31,0.12947734
a0WOG000002xfsP2AQ,2026-08-31,0.5081169
a0WOG000002xgoT2AQ,2026-08-31,0.10103508
a0WOG000002xlEf2AI,2026-08-31,0.10254998
a0WOG000002xlo92AA,2026-08-31,0.781249
a0WOG000002xmfN2AQ,2026-08-31,0.31558183
a0WOG000002xmkD2AQ,2026-08-31,0.106998585
a0WOG000002xwy62AA,2026-08-31,0.045517176
a0WOG000002xyqD2AQ,2026-08-31,0.31786212
a0WOG000002y4dt2AA,2026-08-31,0.8058407
a0WOG000002yIov2AE,2026-08-31,0.06648373
a0WOG000002yM2v2AE,2026-08-31,0.109895
a0WOG000002yMxN2AU,2026-08-31,0.38221702
a0WOG000002yPtd2AE,2026-08-31,0.65508586
a0WOG000002yRXF2A2,2026-08-31,0.15086795
a0WOG000002yRsD2AU,2026-08-31,0.87743056
a0WOG000002yadl2AA,2026-08-31,0.06906639
a0WOG000002z0un2AA,2026-08-31,0.076285735
a0WOG000002z8lt2AA,2026-08-31,0.48032886
a0WOG000002zAir2AE,2026-08-31,0.16334063
a0WOG000002zRi62AE,2026-08-31,0.03914744
a0WOG000002zURR2A2,2026-08-31,0.26999903
a0WOG000002zWUr2AM,2026-08-31,0.11562496
a0WOG000002zWuf2AE,2026-08-31,0.6783115
a0WOG000002znlq2AA,2026-08-31,0.8833588
a0WOG00000305CT2AY,2026-08-31,0.07622958
a0WOG00000307RB2AY,2026-08-31,0.10069776
a0WOG0000030E1G2AU,2026-08-31,0.6297169
a0WOG0000030Eqr2AE,2026-08-31,0.31780237
a0WOG0000030FIH2A2,2026-08-31,0.6887087
a0WOG0000030GO12AM,2026-08-31,0.036151223
a0WOG0000030HYb2AM,2026-08-31,0.6608405
a0WOG0000030IT32AM,2026-08-31,0.08822466
a0WOG0000030O2D2AU,2026-08-31,0.038544256
a0WOG0000030QC52AM,2026-08-31,0.27772564
a0WOG0000030ocb2AA,2026-08-31,0.091174774
a0WOG0000030s572AA,2026-08-31,0.7302233
a0WOG0000030sJd2AI,2026-08-31,0.44296917
a0WOG0000030v4b2AA,2026-08-31,0.17042996
a0WOG0000030vML2AY,2026-08-31,0.16031696
a0WOG0000030wNF2AY,2026-08-31,0.28106663
a0WOG0000031D9Z2AU,2026-08-31,0.12314014
a0WOG0000031ETp2AM,2026-08-31,0.2138796
a0WOG0000031GLx2AM,2026-08-31,0.48811287
a0WOG0000031b742AA,2026-08-31,0.90325046
a0WOG0000031iTV2AY,2026-08-31,0.09123299
a0WOG0000031klR2AQ,2026-08-31,0.88297045
a0WOG0000031nMj2AI,2026-08-31,0.5370562
a0WOG0000031t5Z2AQ,2026-08-31,0.09738072
a0WOG00000326af2AA,2026-08-31,0.07375703
a0WOG00000328m92AA,2026-08-31,0.16529754
a0WOG00000328pN2AQ,2026-08-31,0.48298138
a0WOG00000329a92AA,2026-08-31,0.2752107
a0WOG00000329of2AA,2026-08-31,0.0467783
a0WOG0000032Anx2AE,2026-08-31,0.15538111
a0WOG0000032Asn2AE,2026-08-31,0.28847855
a0WOG0000034cL72AI,2026-08-31,0.8222021
a0WOG0000034vFj2AI,2026-08-31,0.9035285
a0WOG0000034w252AA,2026-08-31,0.566046
a0WOG0000035LdC2AU,2026-08-31,0.049795713
a0WOG0000035PQf2AM,2026-08-31,0.37832072
a0WOG0000035W8n2AE,2026-08-31,0.09171253
a0WOG0000035Z0D2AU,2026-08-31,0.07947869
a0WOG0000035ZEk2AM,2026-08-31,0.49907058
a0WOG0000035Zkz2AE,2026-08-31,0.12679692
a0WOG0000035ZoE2AU,2026-08-31,0.46252847
a0WOG0000035dS12AI,2026-08-31,0.7792939
a0WOG0000035gph2AA,2026-08-31,0.19872876
a0WOG0000035kwX2AQ,2026-08-31,0.5972575
a0WOG0000035neH2AQ,2026-08-31,0.04673644
a0WOG0000035s9J2AQ,2026-08-31,0.100709274
a0WOG0000035uMP2AY,2026-08-31,0.7642248
a0WOG0000035vTl2AI,2026-08-31,0.7744492
a0WOG0000035vdR2AQ,2026-08-31,0.6471109
a0WOG0000035wKz2AI,2026-08-31,0.09012218
a0WOG0000036EBR2A2,2026-08-31,0.7732889
a0WOG0000036JuH2AU,2026-08-31,0.32200372
a0WOG000003H6th2AC,2026-08-31,0.06271612
a0WOG000003HD8n2AG,2026-08-31,0.5442513
a0WOG000003HKWr2AO,2026-08-31,0.053824794
a0WOG000003HKlN2AW,2026-08-31,0.11466368
a0WOG000003HNHp2AO,2026-08-31,0.2745119
a0WOG000003HOCI2A4,2026-08-31,0.11778439
a0WOG000003HPgD2AW,2026-08-31,0.87793875
a0WOG000003HQ4P2AW,2026-08-31,0.23171332
a0WOG000003HQ7d2AG,2026-08-31,0.115901366
a0WOG000003HQlx2AG,2026-08-31,0.065269195
a0WOG000003HR5K2AW,2026-08-31,0.55370265
a0WOG000003HRGb2AO,2026-08-31,0.07681427
a0WOG000003HuvJ2AS,2026-08-31,0.12918524
a0WOG000003Hyaj2AC,2026-08-31,0.36779514
a0WOG000003IUSX2A4,2026-08-31,0.084529996
a0WOG000003ImZ72AK,2026-08-31,0.13998355
a0WOG000003IngT2AS,2026-08-31,0.10707001
a0WOG000003Iovt2AC,2026-08-31,0.2834582
a0WOG000003IxhR2AS,2026-08-31,0.15071228
a0WOG000003Ixr72AC,2026-08-31,0.14003313
a0WOG000003Ixsj2AC,2026-08-31,0.11574832
a0WOG000003JXY22AO,2026-08-31,0.16583104
a0WOG000003JYCL2A4,2026-08-31,0.10366674
a0WOG000003Javh2AC,2026-08-31,0.18175559
a0WOG000003JeMb2AK,2026-08-31,0.5654725
a0WOG000003JfqX2AS,2026-08-31,0.3586037
a0WOG000003Jh7Z2AS,2026-08-31,0.06446507
a0WOG000003Jj9O2AS,2026-08-31,0.9373186
a0WOG000003JkVG2A0,2026-08-31,0.28109175
a0WOG000003JkgX2AS,2026-08-31,0.14051071
a0WOG000003JmAT2A0,2026-08-31,0.56877446
a0WOG000003Joll2AC,2026-08-31,0.16719826
a0WOG000003K0Bp2AK,2026-08-31,0.5010347
a0WOG000003K0bd2AC,2026-08-31,0.11269466
a0WOG000003K8Vx2AK,2026-08-31,0.046190348
a0WOG000003KFfV2AW,2026-08-31,0.7911515
a0WOG000003KIbl2AG,2026-08-31,0.042531427
a0WOG000003KMnR2AW,2026-08-31,0.25343555
a0WOG000003KbjF2AS,2026-08-31,0.08745416
a0WOG000003Kcyf2AC,2026-08-31,0.4145685
a0WOG000003KsiT2AS,2026-08-31,0.9059056
a0WOG000003Kvej2AC,2026-08-31,0.6900487
a0WOG000003Kwir2AC,2026-08-31,0.5502993
a0WOG000003KxDV2A0,2026-08-31,0.7695169
a0WOG000003Kxbh2AC,2026-08-31,0.07348031
a0WOG000003KyeD2AS,2026-08-31,0.52179474
a0WOG000003L4LR2A0,2026-08-31,0.4503256
a0WOG000003LCqr2AG,2026-08-31,0.5277585
a0WOG000003LFlV2AW,2026-08-31,0.31274444
a0WOG000003LG1d2AG,2026-08-31,0.059679795
a0WOG000003LaI52AK,2026-08-31,0.33159477
a0WOG000003Lvpb2AC,2026-08-31,0.2551503
a0WOG000003Lwwv2AC,2026-08-31,0.6545141
a0WOG000003Ly972AC,2026-08-31,0.8623348
a0WOG000003M1QL2A0,2026-08-31,0.3215793
a0WOG000003M1q92AC,2026-08-31,0.15522465
a0WOG000003M3n72AC,2026-08-31,0.071037896
a0WOG000003M4xh2AC,2026-08-31,0.94234246
a0WOG000003ME0z2AG,2026-08-31,0.6654101
a0WOG000003MN5t2AG,2026-08-31,0.2396731
a0WOG000003MPIz2AO,2026-08-31,0.08383437
a0WOG000003MSn72AG,2026-08-31,0.6942992
a0WOG000003Mp5N2AS,2026-08-31,0.85970026
a0WOG000003MsEX2A0,2026-08-31,0.25595522
a0WOG000003MuBV2A0,2026-08-31,0.10300282
a0WOG000003Mucv2AC,2026-08-31,0.055824913
a0WOG000003NMAz2AO,2026-08-31,0.4283866
a0WOG000003NSuj2AG,2026-08-31,0.103978105
a0WOG000003NiTF2A0,2026-08-31,0.18400179
a0WOG000003NlUL2A0,2026-08-31,0.5220997
a0WOG000003NmS12AK,2026-08-31,0.46900478
a0WOG000003Nq0z2AC,2026-08-31,0.9109624
a0WOG000003ODTq2AO,2026-08-31,0.26046348
a0WOG000003OTaD2AW,2026-08-31,0.2758237
a0WOG000003OUT32AO,2026-08-31,0.06496853
a0WOG000003OYI92AO,2026-08-31,0.9214824
a0WOG000003OaLZ2A0,2026-08-31,0.29292464
a0WOG000003Oaev2AC,2026-08-31,0.26739627
a0WOG000003Oc412AC,2026-08-31,0.075653516
a0WOG000003Oc5d2AC,2026-08-31,0.059434686
a0WOG000003Oell2AC,2026-08-31,0.51483357
a0WOG000003Oft72AC,2026-08-31,0.11202176
a0WOG000003Opaj2AC,2026-08-31,0.8521509
a0WOG000003Or9V2AS,2026-08-31,0.098088294
a0WOG000003Ox0P2AS,2026-08-31,0.043540083
a0WOG000003Ozob2AC,2026-08-31,0.8493984
a0WOG000003P2Pt2AK,2026-08-31,0.2962309
a0WOG000003P5Ar2AK,2026-08-31,0.58589953
a0WOG000003P8DZ2A0,2026-08-31,0.25348577
a0WOG000003PAfC2AW,2026-08-31,0.18749754
a0WOG000003PCqf2AG,2026-08-31,0.8049926
a0WOG000003PVi12AG,2026-08-31,0.052664004
a0WOG000003Pc6n2AC,2026-08-31,0.101119064
a0WOG000003Pei52AC,2026-08-31,0.57138413
a0WOG000003Pn5R2AS,2026-08-31,0.55347174
a0WOG000003PpC52AK,2026-08-31,0.060131226
a0WOG000003PwLd2AK,2026-08-31,0.5532941
a0WOG000003PwtV2AS,2026-08-31,0.14900748
a0WOG000003Pxw12AC,2026-08-31,0.17227024
a0WOG000003Q5Tm2AK,2026-08-31,0.3976281
a0WOG000003QF3J2AW,2026-08-31,0.19135983
a0WOG000003QM1Z2AW,2026-08-31,0.18910637
a0WOG000003QOY12AO,2026-08-31,0.50304407
a0WOG000003Qe3J2AS,2026-08-31,0.2794224
a0WOG000003QhNl2AK,2026-08-31,0.039001476
a0WOG000003QjkX2AS,2026-08-31,0.098088294
a0WOG000003QwjN2AS,2026-08-31,0.21941929
a0WOG000003QyBh2AK,2026-08-31,0.23881571
a0WOG000003QyV32AK,2026-08-31,0.22041327
a0WOG000003QzMH2A0,2026-08-31,0.45155948
a0WOG000003R2K92AK,2026-08-31,0.04461235
a0WOG000003R3892AC,2026-08-31,0.19271228
a0WOG000003R4gv2AC,2026-08-31,0.5723877
a0WOG000003R4tp2AC,2026-08-31,0.15161581
a0WOG000003R8B32AK,2026-08-31,0.09370906
a0WOG000003RMKT2A4,2026-08-31,0.7090706
a0WOG000003RUpt2AG,2026-08-31,0.4475922
a0WOG000003RUzZ2AW,2026-08-31,0.05142171
a0WOG000003RVSb2AO,2026-08-31,0.68181235
a0WOG000003RXcT2AW,2026-08-31,0.23071373
a0WOG000003RcVh2AK,2026-08-31,0.09334696
a0WOG000003S88z2AC,2026-08-31,0.20656176
a0WOG000003S8nJ2AS,2026-08-31,0.304968
a0WOG000003S93R2AS,2026-08-31,0.21650618
a0WOG000003SJQz2AO,2026-08-31,0.8301946
a0WOG000003SN6P2AW,2026-08-31,0.13485518
a0WOG000003SZva2AG,2026-08-31,0.34860113
a0WOG000003SdPh2AK,2026-08-31,0.3074634
a0WOG000003SdhR2AS,2026-08-31,0.3971206
a0WOG000003Se2Q2AS,2026-08-31,0.18927659
a0WOG000003SlNF2A0,2026-08-31,0.12365661
a0WOG000003SlYY2A0,2026-08-31,0.6498044
a0WOG000003Slez2AC,2026-08-31,0.38821554
a0WOG000003Syh32AC,2026-08-31,0.20650664
a0WOG000003SykH2AS,2026-08-31,0.18706352
a0WOG000003SynV2AS,2026-08-31,0.5432393
a0WOG000003Syqj2AC,2026-08-31,0.08689795
a0WOG000003SyxB2AS,2026-08-31,0.10759795
a0WOG000003Sz5F2AS,2026-08-31,0.22938386
a0WOG000003Sz6r2AC,2026-08-31,0.15472661
a0WOG000003SzDJ2A0,2026-08-31,0.8406164
a0WOG000003SzEv2AK,2026-08-31,0.26626894
a0WOG000003T4Mf2AK,2026-08-31,0.11172345
a0WOG000003T5nO2AS,2026-08-31,0.085969634
a0WOG000003T63V2AS,2026-08-31,0.20002124
a0WOG000003T6pu2AC,2026-08-31,0.074479304
a0WOG000003T9RB2A0,2026-08-31,0.038446937
a0WOG000003TB812AG,2026-08-31,0.7621049
a0WOG000003TD4z2AG,2026-08-31,0.37279665
a0WOG000003TK4r2AG,2026-08-31,0.07783985
a0WOG000003TLKH2A4,2026-08-31,0.59676003
a0WOG000003TbC92AK,2026-08-31,0.38980898
a0WOG000003TbdZ2AS,2026-08-31,0.076546066
a0WOG000003Tc4z2AC,2026-08-31,0.22633952
a0WOG000003TdQr2AK,2026-08-31,0.6272321
a0WOG000003Tdp32AC,2026-08-31,0.664897
a0WOG000003Tdqf2AC,2026-08-31,0.06906639
a0WOG000003Te1x2AC,2026-08-31,0.62212247
a0WOG000003TjuT2AS,2026-08-31,0.64326155
a0WOG000003Tnmn2AC,2026-08-31,0.59845823
a0WOG000003To9N2AS,2026-08-31,0.13379817
a0WOG000003UE0b2AG,2026-08-31,0.19181322
a0WOG000003UH052AG,2026-08-31,0.6255202
a0WOG000003UHmT2AW,2026-08-31,0.04342178
a0WOG000003UKij2AG,2026-08-31,0.12796403
a0WOG000003ULBl2AO,2026-08-31,0.17942248
a0WOG000003UVXh2AO,2026-08-31,0.09600732
a0WOG000003UZWT2A4,2026-08-31,0.101156324
a0WOG000003Ua1A2AS,2026-08-31,0.90042174
a0WOG000003Uc2v2AC,2026-08-31,0.34242117
a0WOG000003UdtR2AS,2026-08-31,0.03560159
a0WOG000003UlSn2AK,2026-08-31,0.27310356
a0WOG000003bxll2AA,2026-08-31,0.062380616
a0WOG000003c0gP2AQ,2026-08-31,0.68814373
a0WOG000003c6KP2AY,2026-08-31,0.13061756
a0WOG000003cGJl2AM,2026-08-31,0.18028212
a0WOG000003cGtG2AU,2026-08-31,0.06906639
a0WOG000003cIYT2A2,2026-08-31,0.6114326
a0WOG000003cMkA2AU,2026-08-31,0.07329943
a0WOG000003cQnm2AE,2026-08-31,0.19219123
a0WOG000003cR8j2AE,2026-08-31,0.26527575
a0WOG000003cbRR2AY,2026-08-31,0.09465872
a0WOG000003cbsr2AA,2026-08-31,0.09934037
a0WOG000003cj7F2AQ,2026-08-31,0.89657325
a0WOG000003cjiM2AQ,2026-08-31,0.08265841
a0WOG000003ck6X2AQ,2026-08-31,0.06704828
a0WOG000003cwAv2AI,2026-08-31,0.111848295
a0WOG000003cx5N2AQ,2026-08-31,0.23323967
a0WOG000003d37Z2AQ,2026-08-31,0.10572651
a0WOG000003d4bW2AQ,2026-08-31,0.046072796
a0WOG000003d5kT2AQ,2026-08-31,0.074410565
a0WOG000003d6AH2AY,2026-08-31,0.08673379
a0WOG000003d9he2AA,2026-08-31,0.09069694
a0WOG000003dBEn2AM,2026-08-31,0.08185223
a0WOG000003dC4T2AU,2026-08-31,0.2239479
a0WOG000003dGXq2AM,2026-08-31,0.03737786
a0WOG000003dIjK2AU,2026-08-31,0.84576946
a0WOG000003dUHS2A2,2026-08-31,0.696067
a0WOG000003ddEH2AY,2026-08-31,0.42377234
a0WOG000004AmM22AK,2026-08-31,0.10872911
a0WOG000004ArC12AK,2026-08-31,0.06641965
a0WOG000004ArDd2AK,2026-08-31,0.5247509
a0WOG000004AvcD2AS,2026-08-31,0.12046115
a0WOG000004Avp72AC,2026-08-31,0.6589608
a0WOG000004B02P2AS,2026-08-31,0.059681643
a0WOG000004Bihm2AC,2026-08-31,0.0768324
a0WOG000004Bjif2AC,2026-08-31,0.37733918
a0WOG000004CBev2AG,2026-08-31,0.9439142
a0WOG000004CShN2AW,2026-08-31,0.112234935
a0WOG000004CTdR2AW,2026-08-31,0.76906925
a0WOG000004CUOD2A4,2026-08-31,0.0768324
a0WOG000004CYDJ2A4,2026-08-31,0.06300158
a0WOG000004CYhx2AG,2026-08-31,0.08954108
a0WOG000004Cnc92AC,2026-08-31,0.08618767
a0WOG000004Cngz2AC,2026-08-31,0.8502315
a0WOG000004D5HJ2A0,2026-08-31,0.11592265
a0WOG000004D5qo2AC,2026-08-31,0.15822886
a0WOG000004DnF72AK,2026-08-31,0.54545534
a0WOG000004Dnbh2AC,2026-08-31,0.053757727
a0WOG000004DqRV2A0,2026-08-31,0.13472524
a0WOG000004E9ab2AC,2026-08-31,0.2679993
a0WOG000004EALN2A4,2026-08-31,0.09519731
a0WOG000004EDaz2AG,2026-08-31,0.64852566
a0WOG000004ER652AG,2026-08-31,0.1925694
a0WOG000004EUAP2A4,2026-08-31,0.8041231
a0WOG000004EVHl2AO,2026-08-31,0.60315645
a0WOG000004EdFJ2A0,2026-08-31,0.52822524
a0WOG000004EnGH2A0,2026-08-31,0.6682946
a0WOG000004EzPV2A0,2026-08-31,0.60555077
a0WOG000004F6Z32AK,2026-08-31,0.087577134
a0WOG000004F81N2AS,2026-08-31,0.10411524
a0WOG000004FDib2AG,2026-08-31,0.8771412
a0WOG000004FE0L2AW,2026-08-31,0.1493506
a0WOG000004FNI92AO,2026-08-31,0.2274596
a0WOG000004Fmy92AC,2026-08-31,0.11250882
a0WOG000004G1qf2AC,2026-08-31,0.087577134
a0WOG000004GA4L2AW,2026-08-31,0.6157762
a0WOG000004GCPV2A4,2026-08-31,0.13385674
a0WOG000004GD3p2AG,2026-08-31,0.29022315
a0WOG000004GDLZ2A4,2026-08-31,0.061887734
a0WOG000004GDlN2AW,2026-08-31,0.1921766
a0WOG000004GNmM2AW,2026-08-31,0.8564292
a0WOG000004GPRZ2A4,2026-08-31,0.9129778
a0WOG000004Ghxx2AC,2026-08-31,0.26958215
a0WOG000004Gn8w2AC,2026-08-31,0.11938036
a0WOG000004GpFZ2A0,2026-08-31,0.59408855
a0WOG000004GtPd2AK,2026-08-31,0.5235077
a0WOG000004HRxZ2AW,2026-08-31,0.42430124
a0WOG000004HjXt2AK,2026-08-31,0.28404477
a0WOG000004HkvN2AS,2026-08-31,0.12274446
a0WOG000004Hm4L2AS,2026-08-31,0.11337278
a0WOG000004Hm5x2AC,2026-08-31,0.38718528
a0WOG000004Hprp2AC,2026-08-31,0.7723795
a0WOG000004Hq7x2AC,2026-08-31,0.8455852
a0WOG000004HqeD2AS,2026-08-31,0.23434877
a0WOG000004HqhR2AS,2026-08-31,0.07520628
a0WOG000004HsbB2AS,2026-08-31,0.36001745
a0WOG000004I7C12AK,2026-08-31,0.1620178
a0WOG000004ILy92AG,2026-08-31,0.13294792
a0WOG000004Ia7Z2AS,2026-08-31,0.10670212
a0WOG000004IiWX2A0,2026-08-31,0.087577134
a0WOG000004Ik0T2AS,2026-08-31,0.29970163
a0WOG000004IqIn2AK,2026-08-31,0.34846503
a0WOG000004Ita12AC,2026-08-31,0.19279236
a0WOG000004JlvN2AS,2026-08-31,0.21312706
a0WOG000004JnkH2AS,2026-08-31,0.04069313
a0WOG000004Joy52AC,2026-08-31,0.13707294
a0WOG000004Js5d2AC,2026-08-31,0.34197262
a0WOG000004JsAT2A0,2026-08-31,0.048679776
a0WOG000004K1s52AC,2026-08-31,0.13979761
a0WOG000004KENt2AO,2026-08-31,0.08951457
a0WOG000004KWEL2A4,2026-08-31,0.08743632
a0WOG000004Kaxt2AC,2026-08-31,0.087577134
a0WOG000004KgGv2AK,2026-08-31,0.66116625
a0WOG000004Kik92AC,2026-08-31,0.08689795
a0WOG000004Kill2AC,2026-08-31,0.6953693
a0WOG000004KnBx2AK,2026-08-31,0.6897534
a0WOG000004Knn52AC,2026-08-31,0.093243614
a0WOG000004LN2X2AW,2026-08-31,0.07183003
a0WOG000004LRhF2AW,2026-08-31,0.09910051
a0WOG000004LUjx2AG,2026-08-31,0.6460206
a0WOG000004LWCH2A4,2026-08-31,0.5258699
a0WOG000004M7Wn2AK,2026-08-31,0.13830718
a0WOG000004MBnJ2AW,2026-08-31,0.7297195
a0WOG000004MCzV2AW,2026-08-31,0.8954411
a0WOG000004Mkmf2AC,2026-08-31,0.6811491
a0WOG000004MuKc2AK,2026-08-31,0.52815497
a0WOG000004N4NB2A0,2026-08-31,0.22554237
a0WOG000004NsGj2AK,2026-08-31,0.62247556
a0WOG000004NzZx2AK,2026-08-31,0.57919973
a0WOG000004O88b2AC,2026-08-31,0.80350727
a0WOG000004O9HZ2A0,2026-08-31,0.11679857
a0WOG000004OT9p2AG,2026-08-31,0.14686789
a0WOG000004OVJh2AO,2026-08-31,0.090230785
a0WOG000004OpLd2AK,2026-08-31,0.7101083
a0WOG000004OqO92AK,2026-08-31,0.07832516
a0WOG000004PJJh2AO,2026-08-31,0.6312339
a0WOG000004PQeX2AW,2026-08-31,0.7971332
a0WOG000004SR0X2AW,2026-08-31,0.5956418
a0WOG000004SSVJ2A4,2026-08-31,0.8976638
a0WOG000004SiLZ2A0,2026-08-31,0.09232127
a0WOG000004T50P2AS,2026-08-31,0.6605429
a0WOG000004TD4P2AW,2026-08-31,0.31736892
a0WOG000004TEQH2A4,2026-08-31,0.06303048
a0WOG000004TvDV2A0,2026-08-31,0.04724321
a0WOG000004Tz7R2AS,2026-08-31,0.5555023
a0WOG000004U4iD2AS,2026-08-31,0.17189546
a0WOG000004UCUT2A4,2026-08-31,0.1576888
a0WOG000004UCxV2AW,2026-08-31,0.24191378
a0WOG000004UPZm2AO,2026-08-31,0.12519617
a0WOG000004Uhrd2AC,2026-08-31,0.12509817
a0WOG000004UlTp2AK,2026-08-31,0.2271015
a0WOG000004Unqb2AC,2026-08-31,0.09738072
a0WOG000004UqJp2AK,2026-08-31,0.08483686
a0WOG000004VRpd2AG,2026-08-31,0.8639448
a0WOG000004VRuT2AW,2026-08-31,0.07175338
a0WOG000004VStl2AG,2026-08-31,0.107334495
a0WOG000004VVMz2AO,2026-08-31,0.19827767
a0WOG000004VW6A2AW,2026-08-31,0.08350153
a0WOG000004VZnB2AW,2026-08-31,0.2503272
a0WOG000004VaBN2A0,2026-08-31,0.10708124
a0WOG000004nOen2AE,2026-08-31,0.32507405
a0WOG000004nQzx2AE,2026-08-31,0.08435686
a0WOG000004nRnx2AE,2026-08-31,0.52762944
a0WOG000004nVbR2AU,2026-08-31,0.07591048
a0WOG000004nWIz2AM,2026-08-31,0.10327644
a0WOG000004nWqr2AE,2026-08-31,0.80877566
a0WOG000004nX3l2AE,2026-08-31,0.9137477
a0WOG000004naOD2AY,2026-08-31,0.7139388
a0WOG000004nd7Z2AQ,2026-08-31,0.7214373
a0WOG000004nhnt2AA,2026-08-31,0.060060102
a0WOG000004niDh2AI,2026-08-31,0.91607285
a0WOG000004nkiX2AQ,2026-08-31,0.23873769
a0WOG000004nnRt2AI,2026-08-31,0.2192366
a0WOG000004oN3x2AE,2026-08-31,0.08600986
a0WOG000004oSrd2AE,2026-08-31,0.0855893
a0WOG000004oTMI2A2,2026-08-31,0.24526069
a0WOG000004oTu92AE,2026-08-31,0.3526336
a0WOG000004oeXp2AI,2026-08-31,0.17948776
a0WOG000004oesn2AA,2026-08-31,0.079439335
a0WOG000004ogEf2AI,2026-08-31,0.18190107
a0WOG000004ojkP2AQ,2026-08-31,0.05846169
a0WOG000004olCj2AI,2026-08-31,0.096364446
a0WOG000004ou9Z2AQ,2026-08-31,0.43191233
a0WOG000004pOZ32AM,2026-08-31,0.061495673
a0WOG000004pPN32AM,2026-08-31,0.09202017
a0WOG000004pPzl2AE,2026-08-31,0.55443025
a0WOG000004pQar2AE,2026-08-31,0.18735796
a0WOG000004pSO92AM,2026-08-31,0.5974134
a0WOG000004pWZp2AM,2026-08-31,0.050034013
a0WOG000004pcTx2AI,2026-08-31,0.054039154
a0WOG000004pe2k2AA,2026-08-31,0.2661609
a0WOG000004peIr2AI,2026-08-31,0.081600495
a0WOG000004pflB2AQ,2026-08-31,0.49291328
a0WOG000004pint2AA,2026-08-31,0.050521284
a0WOG000004pkbB2AQ,2026-08-31,0.08864446
a0WOG000004plfJ2AQ,2026-08-31,0.13426854
a0WOG000004pmWX2AY,2026-08-31,0.44743872
a0WOG000004q4QE2AY,2026-08-31,0.8324073
a0WOG000004qMtN2AU,2026-08-31,0.8994779
a0WOG000004qQiT2AU,2026-08-31,0.046066076
a0WOG000004qRHx2AM,2026-08-31,0.77000934
a0WOG000004qUsX2AU,2026-08-31,0.115856275
a0WOG000004qV5R2AU,2026-08-31,0.580224
a0WOG000004qWuL2AU,2026-08-31,0.7854341
a0WOG000004qXVR2A2,2026-08-31,0.05905046
a0WOG000004qbNl2AI,2026-08-31,0.32634336
a0WOG000004qdW12AI,2026-08-31,0.4018588
a0WOG000004qe8j2AA,2026-08-31,0.28268373
a0WOG000004qksU2AQ,2026-08-31,0.14997625
a0WOG000004qunG2AQ,2026-08-31,0.08204292
a0WOG000004r01B2AQ,2026-08-31,0.2065573
a0WOG000004r7c92AA,2026-08-31,0.21813132
a0WOG000004rA3n2AE,2026-08-31,0.08850834
a0WOG000004rKkf2AE,2026-08-31,0.08209362
a0WOG000004rLyT2AU,2026-08-31,0.13436729
a0WOG000004rPpI2AU,2026-08-31,0.12727416
a0WOG000004rS5V2AU,2026-08-31,0.4488282
a0WOG000004rUNR2A2,2026-08-31,0.35053623
a0WOG000004s6hF2AQ,2026-08-31,0.58853096
a0WOG000004sAbB2AU,2026-08-31,0.8175323
a0WOG000004sZsv2AE,2026-08-31,0.100491785
a0WOG000004slNp2AI,2026-08-31,0.06446517
a0WOG000004smF32AI,2026-08-31,0.18577653
a0WOG000004soYb2AI,2026-08-31,0.28101334
a0WOG000004soiH2AQ,2026-08-31,0.8917655
a0WOG000004srRg2AI,2026-08-31,0.16553612
a0WOG000004su6A2AQ,2026-08-31,0.29516497
a0WOG000004t1vd2AA,2026-08-31,0.04376218
a0WOG000004t3Sn2AI,2026-08-31,0.87308615
a0WOG000004t3W12AI,2026-08-31,0.3248624
a0WOG000004teQj2AI,2026-08-31,0.49853125
a0WOG000004teiT2AQ,2026-08-31,0.45371613
a0WOG000004tpUE2AY,2026-08-31,0.037377167
a0WOG000004trPZ2AY,2026-08-31,0.060856316
a0WOG000004txWb2AI,2026-08-31,0.12067264
a0WOG000004txy12AA,2026-08-31,0.91614187
a0WOG000004u0pR2AQ,2026-08-31,0.635675
a0WOG000004u2022AA,2026-08-31,0.12921102
a0WOG000004u3Dp2AI,2026-08-31,0.16425753
a0WOG000004u3Ig2AI,2026-08-31,0.27115664
a0WOG000004u4wH2AQ,2026-08-31,0.041273657
a0WOG000004u88f2AA,2026-08-31,0.82910573
a0WOG000004uAiL2AU,2026-08-31,0.6401155
a0WOG000004uC952AE,2026-08-31,0.06304265
a0WOG000004uDQ52AM,2026-08-31,0.08144538
a0WOG000004uaL42AI,2026-08-31,0.74038917
a0WOG000004ubKM2AY,2026-08-31,0.1137802
a0WOG000004ucLF2AY,2026-08-31,0.10232286
a0WOG000004ud7g2AA,2026-08-31,0.69892615
a0WOG000004umkP2AQ,2026-08-31,0.100130536
a0WOG000004unWn2AI,2026-08-31,0.6633205
a0WOG000004uwDV2AY,2026-08-31,0.34522924
a0WOG000004vOCz2AM,2026-08-31,0.11459591
a0WOG000004w0tN2AQ,2026-08-31,0.076071106
a0WOG000004wDCH2A2,2026-08-31,0.20815851
a0WOG000004wTiV2AU,2026-08-31,0.7214397
a0WOG000004wdrV2AQ,2026-08-31,0.066353485
a0WOG000004wyfp2AA,2026-08-31,0.28975308
a0WOG000004xEuI2AU,2026-08-31,0.059047893
a0WOG000004xPEb2AM,2026-08-31,0.22197032
a0WOG000004xRI12AM,2026-08-31,0.10556603
a0WOG000004xT0U2AU,2026-08-31,0.7443758
a0WOG000004xYOL2A2,2026-08-31,0.5845864
a0WOG000004xdFx2AI,2026-08-31,0.865709
a0WOG000004xkhF2AQ,2026-08-31,0.548359
a0WOG000004xlTd2AI,2026-08-31,0.0817253
a0WOG000004xomT2AQ,2026-08-31,0.35974693
a0WOG000004xtJ72AI,2026-08-31,0.1991099
a0WOG000004xxTB2AY,2026-08-31,0.12784334
a0WOG000004y0PR2AY,2026-08-31,0.3707705
a0WOG000004y1tO2AQ,2026-08-31,0.073070146
a0WOG000004y4pO2AQ,2026-08-31,0.10715314
a0WOG000004y66f2AA,2026-08-31,0.73750174
a0WOG000004ycMg2AI,2026-08-31,0.06889855
a0WOG000004yceP2AQ,2026-08-31,0.88958466
a0WOG000004yepu2AA,2026-08-31,0.09258608
a0WOG000004ygLR2AY,2026-08-31,0.6395638
a0WOG000004z6kX2AQ,2026-08-31,0.52850956
a0WOG000004z7a92AA,2026-08-31,0.106389835
a0WOG000004zNGn2AM,2026-08-31,0.457294
a0WOG000004zaqf2AA,2026-08-31,0.7584465
a0WOG00000506CE2AY,2026-08-31,0.47617206
a0WOG00000509TR2AY,2026-08-31,0.6041929
a0WOG0000050C372AE,2026-08-31,0.74610305
a0WOG0000050CxZ2AU,2026-08-31,0.07322617
a0WOG0000050Lkj2AE,2026-08-31,0.32613492
a0WOG0000050Lw12AE,2026-08-31,0.38654244
a0WOG0000050PI52AM,2026-08-31,0.09628398
a0WOG0000050POX2A2,2026-08-31,0.071695894
a0WOG0000050bSv2AI,2026-08-31,0.59930634
a0WOG0000050wU92AI,2026-08-31,0.2540844
a0WOG00000519eH2AQ,2026-08-31,0.4342672
a0WOG0000051AQg2AM,2026-08-31,0.80174845
a0WOG0000051Mrf2AE,2026-08-31,0.20350005
a0WOG0000051UpB2AU,2026-08-31,0.30553374
a0WOG0000051gIT2AY,2026-08-31,0.16373314
a0WOG000005294L2AQ,2026-08-31,0.8808706
a0WOG0000052BMH2A2,2026-08-31,0.6468786
a0WOG0000052FWM2A2,2026-08-31,0.74168783
a0WOG0000052P972AE,2026-08-31,0.8685707
a0WOG0000052UQX2A2,2026-08-31,0.057350103
a0WOG0000052UlV2AU,2026-08-31,0.05431721
a0WOG0000053OxN2AU,2026-08-31,0.066671334
a0WOG0000053hWz2AI,2026-08-31,0.36119306
a0WOG0000053jDp2AI,2026-08-31,0.11833138
a0WOG0000053pkf2AA,2026-08-31,0.39212593
a0WOG00000541Fa2AI,2026-08-31,0.09647821
a0WOG000005425C2AQ,2026-08-31,0.64275706
a0WOG00000543XV2AY,2026-08-31,0.17342737
a0WOG00000544VB2AY,2026-08-31,0.10315824
a0WOG00000544a12AA,2026-08-31,0.28462592
a0WOG0000054BBh2AM,2026-08-31,0.0676171
a0WOG0000054DJx2AM,2026-08-31,0.8137718
a0WOG0000054FX32AM,2026-08-31,0.09157101
a0WOG0000054IGP2A2,2026-08-31,0.26311862
a0WOG0000054oMj2AI,2026-08-31,0.720912
a0WOG0000054pST2AY,2026-08-31,0.21931955
a0WOG0000054qtB2AQ,2026-08-31,0.6208948
a0WOG0000054rFl2AI,2026-08-31,0.8598804
a0WOG0000054ydp2AA,2026-08-31,0.08388432
a0WOG000005546X2AQ,2026-08-31,0.15062343
a0WOG00000559W12AI,2026-08-31,0.828518
a0WOG0000055BCr2AM,2026-08-31,0.18062556
a0WOG0000055pjl2AA,2026-08-31,0.120464735
a0WOG0000055vM92AI,2026-08-31,0.10867988
a0WOG00000567Tl2AI,2026-08-31,0.09516125
a0WOG0000056A0D2AU,2026-08-31,0.24200337
a0WOG0000056Ewh2AE,2026-08-31,0.28698152
a0WOG000005QiSL2A0,2026-08-31,0.17152904
a0WOG000005RDcb2AG,2026-08-31,0.32396442
a0WOG000005RDeE2AW,2026-08-31,0.8815039
a0WOG000005RGyf2AG,2026-08-31,0.29704228
a0WOG000005RaVx2AK,2026-08-31,0.069821306
a0WOG000005RcSv2AK,2026-08-31,0.6335973
a0WOG000005Rcvx2AC,2026-08-31,0.15253119
a0WOG000005RhHJ2A0,2026-08-31,0.118319385
a0WOG000005RklS2AS,2026-08-31,0.35357064
a0WOG000005Rkv72AC,2026-08-31,0.11175017
a0WOG000005RlMX2A0,2026-08-31,0.17591995
a0WOG000005Rm2T2AS,2026-08-31,0.89715505
a0WOG000005RonS2AS,2026-08-31,0.9404982
a0WOG000005RpWb2AK,2026-08-31,0.2975138
a0WOG000005SEgH2AW,2026-08-31,0.09993403
a0WOG000005SF1F2AW,2026-08-31,0.08593642
a0WOG000005Sgkc2AC,2026-08-31,0.2021914
a0WOG000005SlIr2AK,2026-08-31,0.114845246
a0WOG000005SlNh2AK,2026-08-31,0.32071778
a0WOG000005SlQv2AK,2026-08-31,0.1744802
a0WOG000005SlfR2AS,2026-08-31,0.11728308
a0WOG000005TPkv2AG,2026-08-31,0.8573916
a0WOG000005TPsz2AG,2026-08-31,0.65607584
a0WOG000005TROX2A4,2026-08-31,0.51629674
a0WOG000005TSFl2AO,2026-08-31,0.045515098
a0WOG000005TT6z2AG,2026-08-31,0.045242414
a0WOG000005TZSX2A4,2026-08-31,0.1900042
a0WOG000005TaLN2A0,2026-08-31,0.22751176
a0WOG000005ThwM2AS,2026-08-31,0.07599709
a0WOG000005Tl772AC,2026-08-31,0.47488424
a0WOG000005TvG92AK,2026-08-31,0.33266202
a0WOG000005U3nB2AS,2026-08-31,0.52927756
a0WOG000005UG652AG,2026-08-31,0.05603526
a0WOG000005UeTN2A0,2026-08-31,0.32356122
a0WOG000005UlbJ2AS,2026-08-31,0.8791764
a0WOG000005V4Iz2AK,2026-08-31,0.8375507
a0WOG000005V6Hb2AK,2026-08-31,0.7234145
a0WOG000005V7aD2AS,2026-08-31,0.86498713
a0WOG000005VATF2A4,2026-08-31,0.087577134
a0WOG000005VDan2AG,2026-08-31,0.10446046
a0WOG000005VF7x2AG,2026-08-31,0.08019895
a0WOG000005VHCz2AO,2026-08-31,0.046466216
a0WOG000005VIx32AG,2026-08-31,0.085568026
a0WOG000005VJzZ2AW,2026-08-31,0.6521502
a0WOG000005VLrh2AG,2026-08-31,0.36188254
a0WOG000005VVnp2AG,2026-08-31,0.16644464
a0WOG000005Vdjl2AC,2026-08-31,0.6976015
a0WOG000005YeEf2AK,2026-08-31,0.1377319
a0WOG000005YjXh2AK,2026-08-31,0.05350284
a0WOG000005YoAn2AK,2026-08-31,0.8760586
a0WOG000005Yq7l2AC,2026-08-31,0.6943607
a0WOG000005YqMH2A0,2026-08-31,0.04737359
a0WOG000005YrAH2A0,2026-08-31,0.07924591
a0WOG000005YyGb2AK,2026-08-31,0.32917303
a0WOG000005Z4Qr2AK,2026-08-31,0.5865157
a0WOG000005ZME52AO,2026-08-31,0.3095255
a0WOG000005ZV9J2AW,2026-08-31,0.77499545
a0WOG000005a37l2AA,2026-08-31,0.073689885
a0WOG000005aE812AE,2026-08-31,0.06251638
a0WOG000005aG1l2AE,2026-08-31,0.076071106
a0WOG000005aHM12AM,2026-08-31,0.16190335
a0WOG000005aOdd2AE,2026-08-31,0.8694611
a0WOG000005aQFd2AM,2026-08-31,0.30226132
a0WOG000005aeTt2AI,2026-08-31,0.038138747
a0WOG000005ak4f2AA,2026-08-31,0.052750524
a0WOG000005b0MP2AY,2026-08-31,0.08075765
a0WOG000005bMpt2AE,2026-08-31,0.349934
a0WOG000005bNIv2AM,2026-08-31,0.32207283
a0WOG000005bSwv2AE,2026-08-31,0.6837631
a0WOG000005bYHZ2A2,2026-08-31,0.5359911
a0WOG000005c8g12AA,2026-08-31,0.09429793
a0WOG000005cKMD2A2,2026-08-31,0.8561028
a0WOG000005cipx2AA,2026-08-31,0.2628892
a0WOG000005cxgv2AA,2026-08-31,0.30371514
a0WOG000005dED72AM,2026-08-31,0.44938707
a0WOG000005dJKr2AM,2026-08-31,0.34782615
a0WOG000005dh732AA,2026-08-31,0.37051
a0WOG000005dpkX2AQ,2026-08-31,0.0768324
a0WOG000005du132AA,2026-08-31,0.32250038
a0WOG000005e0fx2AA,2026-08-31,0.34389278
a0WOG000005e0jB2AQ,2026-08-31,0.8791212
a0WOG000005e1052AA,2026-08-31,0.17658812
a0WOG000005e23T2AQ,2026-08-31,0.04759724
a0WOG000005e8qP2AQ,2026-08-31,0.079439335
a0WOG000005eE6D2AU,2026-08-31,0.82221407
a0WOG000005eFn52AE,2026-08-31,0.342529
a0WOG000005eRt32AE,2026-08-31,0.102107726
a0WOG000005eRzV2AU,2026-08-31,0.61128503
a0WOG000005eoPp2AI,2026-08-31,0.2843443
a0WOG000005fB4f2AE,2026-08-31,0.72989285
a0WOG000005fCn72AE,2026-08-31,0.60323685
a0WOG000005fDKz2AM,2026-08-31,0.09036827
a0WOG000005fGnV2AU,2026-08-31,0.10861948
a0WOG000005fVsz2AE,2026-08-31,0.73701704
a0WOG000005fXy12AE,2026-08-31,0.076285735
a0WOG000005faJB2AY,2026-08-31,0.75060713
a0WOG000005fcOD2AY,2026-08-31,0.17673835
a0WOG000005fuEf2AI,2026-08-31,0.2797921
a0WOG000005fusz2AA,2026-08-31,0.18778461
a0WOG000005g6xP2AQ,2026-08-31,0.27728623
a0WOG000005h3Sn2AI,2026-08-31,0.56870186
a0WOG000005h4of2AA,2026-08-31,0.13361469
a0WOG000005hEhd2AE,2026-08-31,0.049135365
a0WOG000005hLCn2AM,2026-08-31,0.09256386
a0WOG000005hRtJ2AU,2026-08-31,0.69021565
a0WOG000005hTIP2A2,2026-08-31,0.042209134
a0WOG000005hUUc2AM,2026-08-31,0.4853796
a0WOG000005hVs52AE,2026-08-31,0.08902245
a0WOG000005hWBS2A2,2026-08-31,0.11595477
a0WOG000005hb6I2AQ,2026-08-31,0.12774289
a0WOG000005hcjt2AA,2026-08-31,0.17538609
a0WOG000005hdrF2AQ,2026-08-31,0.06353584
a0WOG000005he5l2AA,2026-08-31,0.5830564
a0WOG000005hh5F2AQ,2026-08-31,0.25920925
a0WOG000005hhQD2AY,2026-08-31,0.21152522
a0WOG000005hqtJ2AQ,2026-08-31,0.105167314
a0WOG000005iH0f2AE,2026-08-31,0.13999781
a0WOG000005iJbx2AE,2026-08-31,0.16608234
a0WOG000005iM3Z2AU,2026-08-31,0.7484659
a0WOG000005iUdp2AE,2026-08-31,0.9226065
a0WOG000005ihzF2AQ,2026-08-31,0.18570012
a0WOG000005ijub2AA,2026-08-31,0.74923176
a0WOG000005iq1d2AA,2026-08-31,0.8105602
a0WOG000005itvZ2AQ,2026-08-31,0.6815665
a0WOG000005iyGw2AI,2026-08-31,0.7111183
a0WOG000005jJrd2AE,2026-08-31,0.8860758
a0WOG000005jSbZ2AU,2026-08-31,0.5553173
a0WOG000005jWKF2A2,2026-08-31,0.24319103
a0WOG000005jYYw2AM,2026-08-31,0.062213343
a0WOG000005jcMP2AY,2026-08-31,0.5075765
a0WOG000005jfQj2AI,2026-08-31,0.05555977
a0WOG000005jnGE2AY,2026-08-31,0.057067778
a0WOG000005jvP42AI,2026-08-31,0.77099776
a0WOG000005jxQr2AI,2026-08-31,0.83021784
a0WOG000005jzKb2AI,2026-08-31,0.8282548
a0WOG000005k5mc2AA,2026-08-31,0.10305087
a0WOG000005k7Jl2AI,2026-08-31,0.543113
a0WOG000005k9DV2AY,2026-08-31,0.33867842
a0WOG000005k9F72AI,2026-08-31,0.08938229
a0WOG000005k9IL2AY,2026-08-31,0.8261551
a0WOG000005kAxb2AE,2026-08-31,0.06781128
a0WOG000005kF9F2AU,2026-08-31,0.08166058
a0WOG000005kFlx2AE,2026-08-31,0.08096711
a0WOG000005kFnZ2AU,2026-08-31,0.3674145
a0WOG000005nVcT2AU,2026-08-31,0.21920195
a0WOG000005nVm92AE,2026-08-31,0.7815438
a0WOG000005nWez2AE,2026-08-31,0.1207226
a0WOG000005nXHh2AM,2026-08-31,0.050726287
a0WOG000005nYAX2A2,2026-08-31,0.2818697
a0WOG000005ne332AA,2026-08-31,0.7381048
a0WOG000005ngo12AA,2026-08-31,0.8164115
a0WOG000005nmLZ2AY,2026-08-31,0.23577054
a0WOG000005oQVt2AM,2026-08-31,0.25722268
a0WOG000005oXp72AE,2026-08-31,0.55201
a0WOG000005oZB02AM,2026-08-31,0.123248145
a0WOG000005ovt32AA,2026-08-31,0.18835056
a0WOG000005owqj2AA,2026-08-31,0.59168684
a0WOG000005oxwT2AQ,2026-08-31,0.08689795
a0WOG000005p1Qb2AI,2026-08-31,0.07866443
a0WOG000005p2kr2AA,2026-08-31,0.13490939
a0WOG000005p7xR2AQ,2026-08-31,0.42797247
a0WOG000005pTEo2AM,2026-08-31,0.43848723
a0WOG000005pU2n2AE,2026-08-31,0.044339094
a0WOG000005pVDP2A2,2026-08-31,0.09970307
a0WOG000005pVGb2AM,2026-08-31,0.038751308
a0WOG000005pfHa2AI,2026-08-31,0.15552922
a0WOG000005qJV72AM,2026-08-31,0.8369232
a0WOG000006043N2AQ,2026-08-31,0.51324177
a0WOG0000060cZh2AI,2026-08-31,0.2249148
a0WOG0000060dcD2AQ,2026-08-31,0.16226502
a0WOG0000060e8T2AQ,2026-08-31,0.14546914
a0WOG0000060l572AA,2026-08-31,0.5412605
a0WOG0000060leb2AA,2026-08-31,0.21303293
a0WOG0000060qpZ2AQ,2026-08-31,0.42754355
a0WOG0000060tNe2AI,2026-08-31,0.7370395
a0WOG00000611jN2AQ,2026-08-31,0.18252555
a0WOG0000061WvF2AU,2026-08-31,0.4136875
a0WOG0000061iA22AI,2026-08-31,0.115619026
a0WOG0000061mju2AA,2026-08-31,0.12139567
a0WOG0000061rAt2AI,2026-08-31,0.40831754
a0WOG0000061u6L2AQ,2026-08-31,0.35948294
a0WOG0000061uXl2AI,2026-08-31,0.12643953
a0WOG0000061uj32AA,2026-08-31,0.68694794
a0WOG00000629R92AI,2026-08-31,0.2235458
a0WOG0000062CUf2AM,2026-08-31,0.2761119
a0WOG0000062JCn2AM,2026-08-31,0.14515692
a0WOG0000062MFV2A2,2026-08-31,0.5603301
a0WOG0000062Nuj2AE,2026-08-31,0.8099434
a0WOG0000062etx2AA,2026-08-31,0.46383798
a0WOG0000062lXF2AY,2026-08-31,0.26053825
a0WOG0000062tRZ2AY,2026-08-31,0.5737565
a0WOG0000062zVN2AY,2026-08-31,0.3382954
a0WOG00000634222AA,2026-08-31,0.9059671
a0WOG00000636yH2AQ,2026-08-31,0.57662064
a0WOG00000637pV2AQ,2026-08-31,0.102545656
a0WOG0000063HqT2AU,2026-08-31,0.21004649
a0WOG0000063Ixp2AE,2026-08-31,0.5172259
a0WOG0000063MAD2A2,2026-08-31,0.56857723
a0WOG0000063Ne92AE,2026-08-31,0.26834986
a0WOG0000063U2v2AE,2026-08-31,0.081606075
a0WOG0000069eIv2AI,2026-08-31,0.5280548
a0WOG0000069hjq2AA,2026-08-31,0.7200072
a0WOG0000069k3N2AQ,2026-08-31,0.64890146
a0WOG0000069kZe2AI,2026-08-31,0.045032345
a0WOG0000069lh02AA,2026-08-31,0.078730114
a0WOG0000069mmj2AA,2026-08-31,0.08135517
a0WOG0000069obd2AA,2026-08-31,0.2910991
a0WOG0000069owb2AA,2026-08-31,0.52841794
a0WOG0000069qNK2AY,2026-08-31,0.5711048
a0WOG0000069rGA2AY,2026-08-31,0.22159722
a0WOG0000069vbV2AQ,2026-08-31,0.22644986
a0WOG0000069we12AA,2026-08-31,0.90745693
a0WOG0000069whF2AQ,2026-08-31,0.15475167
a0WOG0000069yG12AI,2026-08-31,0.088827856
a0WOG000006A7JJ2A0,2026-08-31,0.15547773
a0WOG000006A7Pl2AK,2026-08-31,0.11651487
a0WOG000006A9Py2AK,2026-08-31,0.7103576
a0WOG000006A9hh2AC,2026-08-31,0.29988226
a0WOG000006AAHB2A4,2026-08-31,0.083321325
a0WOG000006AEHZ2A4,2026-08-31,0.22585264
a0WOG000006ALKf2AO,2026-08-31,0.056554824
a0WOG000006ANmI2AW,2026-08-31,0.8626577
a0WOG000006AkcP2AS,2026-08-31,0.034586105
a0WOG000006Alrp2AC,2026-08-31,0.09860098
a0WOG000006AmCo2AK,2026-08-31,0.23172213
a0WOG000006AnDj2AK,2026-08-31,0.51714903
a0WOG000006ArKX2A0,2026-08-31,0.06795703
a0WOG000006ArcH2AS,2026-08-31,0.09008668
a0WOG000006Asrh2AC,2026-08-31,0.087577134
a0WOG000006Aw452AC,2026-08-31,0.4138444
a0WOG000006Aw5h2AC,2026-08-31,0.25930658
a0WOG000006AwDm2AK,2026-08-31,0.24832578
a0WOG000006Awld2AC,2026-08-31,0.7659669
a0WOG000006Awth2AC,2026-08-31,0.5518382
a0WOG000006AzGT2A0,2026-08-31,0.42036778
a0WOG000006B0Sf2AK,2026-08-31,0.1909743
a0WOG000006B2Ck2AK,2026-08-31,0.39011714
a0WOG000006B6Q12AK,2026-08-31,0.41412354
a0WOG000006B9Vy2AK,2026-08-31,0.13679343
a0WOG000006BFpt2AG,2026-08-31,0.04848643
a0WOG000006BG612AG,2026-08-31,0.490772
a0WOG000006BG9F2AW,2026-08-31,0.58110553
a0WOG000006BHID2A4,2026-08-31,0.1543883
a0WOG000006BIHV2A4,2026-08-31,0.2579043
a0WOG000006BR7t2AG,2026-08-31,0.37980387
a0WOG000006Bper2AC,2026-08-31,0.15198313
a0WOG000006BrOv2AK,2026-08-31,0.86921483
a0WOG000006Bupp2AC,2026-08-31,0.71420574
a0WOG000006C49F2AS,2026-08-31,0.3323082
a0WOG000006C56v2AC,2026-08-31,0.8826934
a0WOG000006C72H2AS,2026-08-31,0.8640761
a0WOG000006CAub2AG,2026-08-31,0.52405226
a0WOG000006CP7F2AW,2026-08-31,0.3383549
a0WOG000006Cf7B2AS,2026-08-31,0.07071658
a0WOG000006D0rZ2AS,2026-08-31,0.044771682
a0WOG000006D1kP2AS,2026-08-31,0.043665066
a0WOG000006D23l2AC,2026-08-31,0.040309045
a0WOG000006DCmH2AW,2026-08-31,0.21950959
a0WOG000006DCzB2AW,2026-08-31,0.16270821
a0WOG000006DDSD2A4,2026-08-31,0.22109883
a0WOG000006DF932AG,2026-08-31,0.8789637
a0WOG000006DFll2AG,2026-08-31,0.04473656
a0WOG000006DFoz2AG,2026-08-31,0.06065702
a0WOG000006DFtp2AG,2026-08-31,0.040430773
a0WOG000006DMCA2A4,2026-08-31,0.63502854
a0WOG000006DOAj2AO,2026-08-31,0.09138826
a0WOG000006DOM12AO,2026-08-31,0.5691713
a0WOG000006DR292AG,2026-08-31,0.06804391
a0WOG000006DS4f2AG,2026-08-31,0.89840156
a0WOG000006DWxu2AG,2026-08-31,0.16550024
a0WOG000006DoOX2A0,2026-08-31,0.05216701
a0WOG000006Dqv12AC,2026-08-31,0.16647881
a0WOG000006Dr9V2AS,2026-08-31,0.6385823
a0WOG000006DrKn2AK,2026-08-31,0.8555656
a0WOG000006DsqL2AS,2026-08-31,0.16236801
a0WOG000006DvwH2AS,2026-08-31,0.16970196
a0WOG000006DwkI2AS,2026-08-31,0.054463603
a0WOG000006DxtF2AS,2026-08-31,0.8031051
a0WOG000006E0372AC,2026-08-31,0.43317336
a0WOG000006E1iL2AS,2026-08-31,0.20301367
a0WOG000006E2RV2A0,2026-08-31,0.08473873
a0WOG000006E2uX2AS,2026-08-31,0.29241925
a0WOG000006E3Ij2AK,2026-08-31,0.11431944
a0WOG000006E5u12AC,2026-08-31,0.075396925
a0WOG000006E8rt2AC,2026-08-31,0.6426979
a0WOG000006EBmX2AW,2026-08-31,0.875712
a0WOG000006EMEv2AO,2026-08-31,0.12665257
a0WOG000006EP9a2AG,2026-08-31,0.6893975
a0WOG000006Egwn2AC,2026-08-31,0.07669174
a0WOG000006Ehss2AC,2026-08-31,0.06906639
a0WOG000006EiCD2A0,2026-08-31,0.8475775
a0WOG000006Enwf2AC,2026-08-31,0.0701334
a0WOG000006EqBN2A0,2026-08-31,0.075225465
a0WOG000006EugP2AS,2026-08-31,0.087515354
a0WOG000006F2u52AC,2026-08-31,0.10972559
a0WOG000006F30X2AS,2026-08-31,0.12393084
a0WOG000006F5yP2AS,2026-08-31,0.39769697
a0WOG000006F6ck2AC,2026-08-31,0.24680838
a0WOG000006F8Y52AK,2026-08-31,0.1678555
a0WOG000006F8mc2AC,2026-08-31,0.81493783
a0WOG000006FRZ72AO,2026-08-31,0.31318396
a0WOG000006FcXm2AK,2026-08-31,0.5373432
a0WOG000006FcpV2AS,2026-08-31,0.13681771
a0WOG000006FgRj2AK,2026-08-31,0.76662886
a0WOG000006FhXR2A0,2026-08-31,0.11398155
a0WOG000006Fl1Z2AS,2026-08-31,0.8871729
a0WOG000006FvKH2A0,2026-08-31,0.23733608
a0WOG000006FwBV2A0,2026-08-31,0.92022043
a0WOG000006Fwmb2AC,2026-08-31,0.056417227
a0WOG000006GGTa2AO,2026-08-31,0.30637017
a0WOG000006GHFx2AO,2026-08-31,0.13455132
a0WOG000006GNrd2AG,2026-08-31,0.082594655
a0WOG000006GQj32AG,2026-08-31,0.07361929
a0WOG000006GVdt2AG,2026-08-31,0.0803215
a0WOG000006GVij2AG,2026-08-31,0.119000085
a0WOG000006GXEI2A4,2026-08-31,0.42427254
a0WOG000006GafB2AS,2026-08-31,0.14161322
a0WOG000006GdUz2AK,2026-08-31,0.77770895
a0WOG000006GgJB2A0,2026-08-31,0.07123907
a0WOG000006Ghok2AC,2026-08-31,0.069849156
a0WOG000006GirF2AS,2026-08-31,0.22868523
a0WOG000006GlFe2AK,2026-08-31,0.15681942
a0WOG000006GoLZ2A0,2026-08-31,0.871001
a0WOG000006H7Pq2AK,2026-08-31,0.1727439
a0WOG000006HA7Z2AW,2026-08-31,0.063850306
a0WOG000006HC2v2AG,2026-08-31,0.3345531
a0WOG000006HC4X2AW,2026-08-31,0.07293077
a0WOG000006HCMH2A4,2026-08-31,0.22155927
a0WOG000006HCcP2AW,2026-08-31,0.42192644
a0WOG000006HJAr2AO,2026-08-31,0.16445203
a0WOG000006HKtK2AW,2026-08-31,0.3128699
a0WOG000006HM8k2AG,2026-08-31,0.08223861
a0WOG000006HRy12AG,2026-08-31,0.51835704
a0WOG000006HS9J2AW,2026-08-31,0.60300744
a0WOG000006HTQL2A4,2026-08-31,0.23042288
a0WOG000006HUav2AG,2026-08-31,0.80007815
a0WOG000006HUpR2AW,2026-08-31,0.7370673
a0WOG000006HmhV2AS,2026-08-31,0.14018773
a0WOG000006HrFl2AK,2026-08-31,0.12730373
a0WOG000006Ht332AC,2026-08-31,0.6150178
a0WOG000006HuVN2A0,2026-08-31,0.09672981
a0WOG000006HuvB2AS,2026-08-31,0.13308273
a0WOG000006I1VF2A0,2026-08-31,0.42103294
a0WOG000006I1yH2AS,2026-08-31,0.24742477
a0WOG000006I4zN2AS,2026-08-31,0.20825012
a0WOG000006I6LF2A0,2026-08-31,0.52927864
a0WOG000006I74P2AS,2026-08-31,0.18444383
a0WOG000006ICiP2AW,2026-08-31,0.6502145
a0WOG000006IYJ72AO,2026-08-31,0.8537289
a0WOG000006IkvO2AS,2026-08-31,0.5511761
a0WOG000006Im5x2AC,2026-08-31,0.6024624
a0WOG000006Ip2D2AS,2026-08-31,0.09319666
a0WOG000006IpYT2A0,2026-08-31,0.21119738
a0WOG000006Ipzt2AC,2026-08-31,0.073114745
a0WOG000006Is062AC,2026-08-31,0.8237785
a0WOG000006IsBO2A0,2026-08-31,0.09231206
a0WOG000006Itc52AC,2026-08-31,0.66832
a0WOG000006Ixr02AC,2026-08-31,0.041856598
a0WOG000006Iznx2AC,2026-08-31,0.07860861
a0WOG000006J0nF2AS,2026-08-31,0.2759299
a0WOG000006J1OL2A0,2026-08-31,0.058272254
a0WOG000006J6fl2AC,2026-08-31,0.71902436
a0WOG000006J6sf2AC,2026-08-31,0.3555426
a0WOG000006J94A2AS,2026-08-31,0.06574406
a0WOG000006JAgA2AW,2026-08-31,0.43670142
a0WOG000006JIAf2AO,2026-08-31,0.08205225
a0WOG000006OmZV2A0,2026-08-31,0.13779704
a0WOG000006OpPJ2A0,2026-08-31,0.064551055
a0WOG000006P1YX2A0,2026-08-31,0.36215588
a0WOG000006P26P2AS,2026-08-31,0.35870734
a0WOG000006P3dZ2AS,2026-08-31,0.16917369
a0WOG000006P49p2AC,2026-08-31,0.19572222
a0WOG000006PBb72AG,2026-08-31,0.10573936
a0WOG000006PXBp2AO,2026-08-31,0.83026505
a0WOG000006PZK52AO,2026-08-31,0.08689795
a0WOG000006PczV2AS,2026-08-31,0.59219974
a0WOG000006PiFJ2A0,2026-08-31,0.22407924
a0WOG000006Pom92AC,2026-08-31,0.0497709
a0WOG000006PopN2AS,2026-08-31,0.89150614
a0WOG000006PqRN2A0,2026-08-31,0.4208559
a0WOG000006PyiH2AS,2026-08-31,0.28228024
a0WOG000006PzeL2AS,2026-08-31,0.05282037
a0WOG000006Q3GX2A0,2026-08-31,0.5434278
a0WOG000006Q8g12AC,2026-08-31,0.047720887
a0WOG000006Q8mU2AS,2026-08-31,0.06468909
a0WOG000006QVRJ2A4,2026-08-31,0.08370035
a0WOG000006QWOz2AO,2026-08-31,0.090894744
a0WOG000006QWvF2AW,2026-08-31,0.4660017
a0WOG000006QuRJ2A0,2026-08-31,0.16427454
a0WOG000006Qv2Q2AS,2026-08-31,0.07912379
a0WOG000006Qw3J2AS,2026-08-31,0.18931939
a0WOG000006Qxoz2AC,2026-08-31,0.8338773
a0WOG000006RIAI2A4,2026-08-31,0.09991025
a0WOG000006RIF72AO,2026-08-31,0.56009066
a0WOG000006RJW92AO,2026-08-31,0.14261886
a0WOG000006RRjq2AG,2026-08-31,0.69868046
a0WOG000006RTk12AG,2026-08-31,0.11470952
a0WOG000006RTyX2AW,2026-08-31,0.21087688
a0WOG000006RU092AG,2026-08-31,0.6884325
a0WOG000006RXE92AO,2026-08-31,0.16550572
a0WOG000006RXPR2A4,2026-08-31,0.17964315
a0WOG000006RaK52AK,2026-08-31,0.0608178
a0WOG000006Re5x2AC,2026-08-31,0.1189199
a0WOG000006RgUL2A0,2026-08-31,0.78810894
a0WOG000006RhWr2AK,2026-08-31,0.065982625
a0WOG000006Rj412AC,2026-08-31,0.077325
a0WOG000006RoA92AK,2026-08-31,0.20824619
a0WOG000006S0uT2AS,2026-08-31,0.14877886
a0WOG000006S3PJ2A0,2026-08-31,0.81982327
a0WOG000006SNFy2AO,2026-08-31,0.08578045
a0WOG000006SNRF2A4,2026-08-31,0.8601293
a0WOG000006SPw62AG,2026-08-31,0.17081518
a0WOG000006SUKf2AO,2026-08-31,0.15353262
a0WOG000006SVyH2AW,2026-08-31,0.73817027
a0WOG000006SXQb2AO,2026-08-31,0.7835011
a0WOG000006Sa572AC,2026-08-31,0.8666299
a0WOG000006ScA92AK,2026-08-31,0.41863352
a0WOG000006Sfxd2AC,2026-08-31,0.07281341
a0WOG000006SgFN2A0,2026-08-31,0.7053296
a0WOG000006ShTB2A0,2026-08-31,0.19185846
a0WOG000006Sigz2AC,2026-08-31,0.06260995
a0WOG000006SlyD2AS,2026-08-31,0.14953807
a0WOG000006SpvN2AS,2026-08-31,0.13835923
a0WOG000006SqJZ2A0,2026-08-31,0.24951659
a0WOG000006SqTF2A0,2026-08-31,0.04822524
a0WOG000006SrPJ2A0,2026-08-31,0.037490454
a0WOG000006SrYz2AK,2026-08-31,0.6385963
a0WOG000006StFp2AK,2026-08-31,0.10661304
a0WOG000006TJ8f2AG,2026-08-31,0.91016334
a0WOG000006TL7F2AW,2026-08-31,0.17578916
a0WOG000006TLTp2AO,2026-08-31,0.2024437
a0WOG000006TNoz2AG,2026-08-31,0.7696237
a0WOG000006TQ0T2AW,2026-08-31,0.34362456
a0WOG000006TT4n2AG,2026-08-31,0.1484101
a0WOG000006gPmX2AU,2026-08-31,0.17127784
a0WOG000006gPub2AE,2026-08-31,0.19261807
a0WOG000006gQfN2AU,2026-08-31,0.8963411
a0WOG000006gQqf2AE,2026-08-31,0.19004062
a0WOG000006gSIz2AM,2026-08-31,0.053432055
a0WOG000006gSxJ2AU,2026-08-31,0.35268432
a0WOG000006gTyE2AU,2026-08-31,0.0796609
a0WOG000006gV5a2AE,2026-08-31,0.41237897
a0WOG000006geAT2AY,2026-08-31,0.55946183
a0WOG000006geIX2AY,2026-08-31,0.3489373
a0WOG000006gef72AA,2026-08-31,0.15968959
a0WOG000006gnTt2AI,2026-08-31,0.14346136
a0WOG000006gouc2AA,2026-08-31,0.29491556
a0WOG000006h0XZ2AY,2026-08-31,0.07504427
a0WOG000006h1v32AA,2026-08-31,0.88918805
a0WOG000006h3Qb2AI,2026-08-31,0.07020816
a0WOG000006h7ag2AA,2026-08-31,0.084132865
a0WOG000006h8tK2AQ,2026-08-31,0.085973926
a0WOG000006hCk12AE,2026-08-31,0.15009815
a0WOG000006hmdp2AA,2026-08-31,0.6470414
a0WOG000006hqxZ2AQ,2026-08-31,0.3118828
a0WOG000006hsRV2AY,2026-08-31,0.105974145
a0WOG000006hso52AA,2026-08-31,0.17767622
a0WOG000006http2AA,2026-08-31,0.15722151
a0WOG000006huOT2AY,2026-08-31,0.37159505
a0WOG000006i0or2AA,2026-08-31,0.2975234
a0WOG000006i6RF2AY,2026-08-31,0.7177554
a0WOG000006i7Wz2AI,2026-08-31,0.3056174
a0WOG000006iAuf2AE,2026-08-31,0.13819362
a0WOG000006iCoP2AU,2026-08-31,0.6953633
a0WOG000006iHw92AE,2026-08-31,0.5228275
a0WOG000006iIk92AE,2026-08-31,0.34854054
a0WOG000006iLzl2AE,2026-08-31,0.43838397
a0WOG000006iM1N2AU,2026-08-31,0.09379963
a0WOG000006iMe52AE,2026-08-31,0.55872715
a0WOG000006iUdF2AU,2026-08-31,0.18777066
a0WOG000006iYfF2AU,2026-08-31,0.0438077
a0WOG000006iZoD2AU,2026-08-31,0.06696402
a0WOG000006ifyT2AQ,2026-08-31,0.13095641
a0WOG000006ig052AA,2026-08-31,0.49217597
a0WOG000006ig1h2AA,2026-08-31,0.09642408
a0WOG000006ijNl2AI,2026-08-31,0.8070847
a0WOG000006ijSb2AI,2026-08-31,0.8591345
a0WOG000006ijxF2AQ,2026-08-31,0.14991902
a0WOG000006ikN32AI,2026-08-31,0.8993587
a0WOG000006imzx2AA,2026-08-31,0.08655311
a0WOG000006j1MH2AY,2026-08-31,0.045478508
a0WOG000006j2yI2AQ,2026-08-31,0.33986953
a0WOG000006jB3u2AE,2026-08-31,0.6606542
a0WOG000006jBKA2A2,2026-08-31,0.076027535
a0WOG000006jCrB2AU,2026-08-31,0.10978571
a0WOG000006jEo92AE,2026-08-31,0.053260867
a0WOG000006jH9J2AU,2026-08-31,0.17295413
a0WOG000006jHaj2AE,2026-08-31,0.18365073
a0WOG000006jIWn2AM,2026-08-31,0.4188446
a0WOG000006jJuH2AU,2026-08-31,0.26139623
a0WOG000006jLEX2A2,2026-08-31,0.098796085
a0WOG000006jQZB2A2,2026-08-31,0.5175512
a0WOG000006jeXJ2AY,2026-08-31,0.60107905
a0WOG000006jko22AA,2026-08-31,0.28271163
a0WOG000006jm1p2AA,2026-08-31,0.08098624
a0WOG000006jt1h2AA,2026-08-31,0.21058978
a0WOG000006jvQ52AI,2026-08-31,0.48827162
a0WOG000006jwQz2AI,2026-08-31,0.16169234
a0WOG000006jwnZ2AQ,2026-08-31,0.041565605
a0WOG000006jxID2AY,2026-08-31,0.12687862
a0WOG000006jxgP2AQ,2026-08-31,0.16074817
a0WOG000006k3ST2AY,2026-08-31,0.1760156
a0WOG000006k3vV2AQ,2026-08-31,0.4767301
a0WOG000006k4Jh2AI,2026-08-31,0.74612415
a0WOG000006k4OX2AY,2026-08-31,0.6402332
a0WOG000006k7Fx2AI,2026-08-31,0.09096981
a0WOG000006k7xV2AQ,2026-08-31,0.19239967
a0WOG000006kYZV2A2,2026-08-31,0.8818934
a0WOG000006kYhZ2AU,2026-08-31,0.48921895
a0WOG000006kZov2AE,2026-08-31,0.107006766
a0WOG000006kaxu2AA,2026-08-31,0.6607451
a0WOG000006kbPJ2AY,2026-08-31,0.73777014
a0WOG000006kbsL2AQ,2026-08-31,0.076071106
a0WOG000006kbxB2AQ,2026-08-31,0.2638954
a0WOG000006klq52AA,2026-08-31,0.7855364
a0WOG000006koXp2AI,2026-08-31,0.9027594
a0WOG000006kpQf2AI,2026-08-31,0.1171654
a0WOG000006kxHl2AI,2026-08-31,0.055817362
a0WOG000006kzg92AA,2026-08-31,0.15474153
a0WOG000006l0Fd2AI,2026-08-31,0.09233198
a0WOG000006l1Rp2AI,2026-08-31,0.9083751
a0WOG000006od4p2AA,2026-08-31,0.17851217
a0WOG000006odE12AI,2026-08-31,0.26682696
a0WOG000006oed72AA,2026-08-31,0.0846065
a0WOG000006oi0n2AA,2026-08-31,0.053589266
a0WOG000006oila2AA,2026-08-31,0.85780334
a0WOG000006oocT2AQ,2026-08-31,0.072790295
a0WOG000006op2H2AQ,2026-08-31,0.12393084
a0WOG000006opTh2AI,2026-08-31,0.262381
a0WOG000006oqMX2AY,2026-08-31,0.6121773
a0WOG000006orAX2AY,2026-08-31,0.1278584
a0WOG000006oraL2AQ,2026-08-31,0.30895513
a0WOG000006otQr2AI,2026-08-31,0.22626635
a0WOG000006ovVt2AI,2026-08-31,0.32203716
a0WOG000006oxZJ2AY,2026-08-31,0.46969652
a0WOG000006oyvD2AQ,2026-08-31,0.8763425
a0WOG000006p0Yn2AI,2026-08-31,0.7266697
a0WOG000006p0iT2AQ,2026-08-31,0.63260394
a0WOG000006pCBo2AM,2026-08-31,0.6826448
a0WOG000006pD302AE,2026-08-31,0.7315834
a0WOG000006pDB32AM,2026-08-31,0.6749167
a0WOG000006pGfC2AU,2026-08-31,0.20808387
a0WOG000006pHJV2A2,2026-08-31,0.079439335
a0WOG000006pLDR2A2,2026-08-31,0.17231171
a0WOG000006pMcX2AU,2026-08-31,0.34565037
a0WOG000006pNVN2A2,2026-08-31,0.42225775
a0WOG000006pOG92AM,2026-08-31,0.04771849
a0WOG000006pPwz2AE,2026-08-31,0.639402
a0WOG000006pPyb2AE,2026-08-31,0.06899758
a0WOG000006pQ0D2AU,2026-08-31,0.08575803
a0WOG000006pQUs2AM,2026-08-31,0.5448615
a0WOG000006pRE12AM,2026-08-31,0.08421838
a0WOG000006pTCb2AM,2026-08-31,0.33526474
a0WOG000006pTJ32AM,2026-08-31,0.6976994
a0WOG000006pTVx2AM,2026-08-31,0.13505979
a0WOG000006pThF2AU,2026-08-31,0.3959753
a0WOG000006pTsX2AU,2026-08-31,0.57069594
a0WOG000006pULZ2A2,2026-08-31,0.2356782
a0WOG000006pV4j2AE,2026-08-31,0.22399193
a0WOG000006pWtd2AE,2026-08-31,0.71193033
a0WOG000006pbBl2AI,2026-08-31,0.8707213
a0WOG000006piQ92AI,2026-08-31,0.057712317
a0WOG000006plEM2AY,2026-08-31,0.04110065
a0WOG000006pxVd2AI,2026-08-31,0.050334644
a0WOG000006pzAr2AI,2026-08-31,0.31754076
a0WOG000006pznZ2AQ,2026-08-31,0.878881
a0WOG000006qHR72AM,2026-08-31,0.082819305
a0WOG000006qHUL2A2,2026-08-31,0.12781015
a0WOG000006qJHd2AM,2026-08-31,0.2936228
a0WOG000006qJUX2A2,2026-08-31,0.07845499
a0WOG000006qK5d2AE,2026-08-31,0.25008434
a0WOG000006qKs32AE,2026-08-31,0.077429935
a0WOG000006qLo52AE,2026-08-31,0.08843731
a0WOG000006qTww2AE,2026-08-31,0.2223667
a0WOG000006qU8D2AU,2026-08-31,0.038046863
a0WOG000006qUpl2AE,2026-08-31,0.0980724
a0WOG000006qWOX2A2,2026-08-31,0.14243399
a0WOG000006qXdx2AE,2026-08-31,0.6409775
a0WOG000006qaWz2AI,2026-08-31,0.47084123
a0WOG000006qfrd2AA,2026-08-31,0.8925812
a0WOG000006qh2D2AQ,2026-08-31,0.24287277
a0WOG000006qizB2AQ,2026-08-31,0.2699404
a0WOG000006qjaH2AQ,2026-08-31,0.14365785
a0WOG000006qjs12AA,2026-08-31,0.05024544
a0WOG000006qmQ52AI,2026-08-31,0.15041116
a0WOG000006qyvt2AA,2026-08-31,0.08336283
a0WOG000006r1ov2AA,2026-08-31,0.7771409
a0WOG000006r37Z2AQ,2026-08-31,0.5379868
a0WOG000006r5R92AI,2026-08-31,0.37190163
a0WOG000006r82Q2AQ,2026-08-31,0.19826232
a0WOG000006rBI12AM,2026-08-31,0.30281863
a0WOG000006rBgD2AU,2026-08-31,0.09428885
a0WOG000006rCvd2AE,2026-08-31,0.6690986
a0WOG000006rEUP2A2,2026-08-31,0.300637
a0WOG000006rI9p2AE,2026-08-31,0.9010899
a0WOG000006rKy12AE,2026-08-31,0.4281542
a0WOG000006rLR32AM,2026-08-31,0.43056402
a0WOG000006rLZ72AM,2026-08-31,0.67364585
a0WOG000006rMuz2AE,2026-08-31,0.08738828
a0WOG000006rNXh2AM,2026-08-31,0.03853353
a0WOG000006rO2L2AU,2026-08-31,0.13371542
a0WOG000006rPkn2AE,2026-08-31,0.4377266
a0WOG000006rQ0v2AE,2026-08-31,0.7526654
a0WOG000006rSPJ2A2,2026-08-31,0.2752695
a0WOG000006rV732AE,2026-08-31,0.09987074
a0WOG000006rWpV2AU,2026-08-31,0.1289222
a0WOG000006rd7p2AA,2026-08-31,0.51330733
a0WOG000006rdB32AI,2026-08-31,0.88440126
a0WOG000006rdm92AA,2026-08-31,0.07622958
a0WOG000006rfMX2AY,2026-08-31,0.86036235
a0WOG000006riHB2AY,2026-08-31,0.16973335
a0WOG000006ro012AA,2026-08-31,0.5695491
a0WOG000006roEY2AY,2026-08-31,0.12947153
a0WOG000006rqg92AA,2026-08-31,0.0768324
a0WOG000006rrU92AI,2026-08-31,0.5105532
a0WOG000006rstF2AQ,2026-08-31,0.5848921
a0WOG000006rsur2AA,2026-08-31,0.5152634
a0WOG000006rt2v2AA,2026-08-31,0.73747987
a0WOG000006rtJ32AI,2026-08-31,0.090594456
a0WOG000006ruwf2AA,2026-08-31,0.15635087
a0WOG000006ruwg2AA,2026-08-31,0.6414938
a0WOG000006rvhR2AQ,2026-08-31,0.20751221
a0WOG000006rwon2AA,2026-08-31,0.06828068
a0WOG000006rwyT2AQ,2026-08-31,0.21896283
a0WOG000006rz572AA,2026-08-31,0.43569833
a0WOG000006rzRh2AI,2026-08-31,0.2465335
a0WOG000006s22z2AA,2026-08-31,0.075602554
a0WOG000006s2Ft2AI,2026-08-31,0.10123823
a0WOG000006s6eT2AQ,2026-08-31,0.7523873
a0WOG000006s6xp2AA,2026-08-31,0.07013488
a0WOG000006s8un2AA,2026-08-31,0.34255144
a0WOG000006sF3R2AU,2026-08-31,0.9004244
a0WOG000006sMsv2AE,2026-08-31,0.49065632
a0WOG000006sTzG2AU,2026-08-31,0.24689397
a0WOG000006sfif2AA,2026-08-31,0.22934628
a0WOG000006skLl2AI,2026-08-31,0.20944911
a0WOG000006skVR2AY,2026-08-31,0.07998112
a0WOG000006snRh2AI,2026-08-31,0.13268155
a0WOG000006spjd2AA,2026-08-31,0.15835524
a0WOG000006t3TF2AY,2026-08-31,0.10173021
a0WOG000006t5A52AI,2026-08-31,0.6533416
a0WOG000006tBfK2AU,2026-08-31,0.2500503
a0WOG000006tCY92AM,2026-08-31,0.62887514
a0WOG000006tGiD2AU,2026-08-31,0.46368814
a0WOG000006tIor2AE,2026-08-31,0.4963254
a0WOG000006tJ1l2AE,2026-08-31,0.10626513
a0WOG000006tJbF2AU,2026-08-31,0.11042316
a0WOG000006tMZ72AM,2026-08-31,0.78318226
a0WOG000006tQZV2A2,2026-08-31,0.19063911
a0WOG000006tRqX2AU,2026-08-31,0.15017714
a0WOG000006tSUr2AM,2026-08-31,0.3529864
a0WOG000006tScv2AE,2026-08-31,0.11121352
a0WOG000006tTFd2AM,2026-08-31,0.6475992
a0WOG000006tUhx2AE,2026-08-31,0.7874232
a0WOG000006tgG62AI,2026-08-31,0.050044924
a0WOG000006u4IP2AY,2026-08-31,0.10954667
a0WOG000006u5WD2AY,2026-08-31,0.30138978
a0WOG000006u5eH2AQ,2026-08-31,0.18975674
a0WOG000006u5uQ2AQ,2026-08-31,0.26955232
a0WOG000006u9DF2AY,2026-08-31,0.16435575
a0WOG000006u9Jh2AI,2026-08-31,0.9152881
a0WOG000006u9YD2AY,2026-08-31,0.08732499
a0WOG000006uDbp2AE,2026-08-31,0.09704921
a0WOG000006uHHG2A2,2026-08-31,0.05289123
a0WOG000006uHcD2AU,2026-08-31,0.089174785
a0WOG000006uHif2AE,2026-08-31,0.27090535
a0WOG000006uIYH2A2,2026-08-31,0.10761139
a0WOG000006uJ9N2AU,2026-08-31,0.31157592
a0WOG000006uLEP2A2,2026-08-31,0.07478296
a0WOG000006uN4v2AE,2026-08-31,0.7626134
a0WOG000006uRWj2AM,2026-08-31,0.5388339
a0WOG000006uRlF2AU,2026-08-31,0.08783286
a0WOG000006uUsn2AE,2026-08-31,0.7303797
a0WOG000006uZKb2AM,2026-08-31,0.7531774
a0WOG000006uorV2AQ,2026-08-31,0.071837105
a0WOG000006uuVV2AY,2026-08-31,0.08273356
a0WOG000006uufB2AQ,2026-08-31,0.30624297
a0WOG000006uy9J2AQ,2026-08-31,0.6672793
a0WOG000006v2012AA,2026-08-31,0.09394183
a0WOG000006v91V2AQ,2026-08-31,0.37242952
a0WOG000006v9cc2AA,2026-08-31,0.119075365
a0WOG000006vDQ52AM,2026-08-31,0.27583414
a0WOG000006vHdN2AU,2026-08-31,0.23515745
a0WOG000006vIWE2A2,2026-08-31,0.28580827
a0WOG000006vLQr2AM,2026-08-31,0.22204265
a0WOG000006vMI52AM,2026-08-31,0.8711431
a0WOG000006vMwP2AU,2026-08-31,0.084281646
a0WOG000006vSfF2AU,2026-08-31,0.46899816
a0WOG000006vcTJ2AY,2026-08-31,0.10698754
a0WOG000006zwq12AA,2026-08-31,0.90689653
a0WOG000006zxR72AI,2026-08-31,0.1434616
a0WOG000006zzRJ2AY,2026-08-31,0.17497791
a0WOG00000701ph2AA,2026-08-31,0.30313638
a0WOG00000702Lx2AI,2026-08-31,0.6722617
a0WOG00000703zZ2AQ,2026-08-31,0.11948111
a0WOG00000705252AA,2026-08-31,0.084725715
a0WOG00000705Bl2AI,2026-08-31,0.39950758
a0WOG00000707a92AA,2026-08-31,0.103138834
a0WOG00000708ET2AY,2026-08-31,0.6900213
a0WOG00000708JJ2AY,2026-08-31,0.1612599
a0WOG00000709bx2AA,2026-08-31,0.113856055
a0WOG0000070AD32AM,2026-08-31,0.04001985
a0WOG0000070C8P2AU,2026-08-31,0.32796305
a0WOG0000070CRl2AM,2026-08-31,0.20903611
a0WOG0000070CjV2AU,2026-08-31,0.16989988
a0WOG0000070GK52AM,2026-08-31,0.111620285
a0WOG0000070GaD2AU,2026-08-31,0.34803224
a0WOG0000070L8T2AU,2026-08-31,0.1738395
a0WOG0000070QmT2AU,2026-08-31,0.46652016
a0WOG0000070Ryg2AE,2026-08-31,0.4491672
a0WOG0000070kbV2AQ,2026-08-31,0.36355358
a0WOG0000070lSj2AI,2026-08-31,0.1561225
a0WOG0000070n6L2AQ,2026-08-31,0.63442755
a0WOG0000070oFJ2AY,2026-08-31,0.15125725
a0WOG0000070uJ82AI,2026-08-31,0.07651813
a0WOG0000070wBF2AY,2026-08-31,0.12013486
a0WOG0000070xQh2AI,2026-08-31,0.58654
a0WOG0000070xfB2AQ,2026-08-31,0.08098803
a0WOG0000070xor2AA,2026-08-31,0.07644265
a0WOG0000070zQr2AI,2026-08-31,0.6733764
a0WOG00000711E92AI,2026-08-31,0.08804188
a0WOG00000711nd2AA,2026-08-31,0.032742076
a0WOG00000716gr2AA,2026-08-31,0.38244516
a0WOG0000071BAH2A2,2026-08-31,0.19515458
a0WOG0000071Bjm2AE,2026-08-31,0.5562774
a0WOG0000071EBN2A2,2026-08-31,0.11708322
a0WOG0000071EL32AM,2026-08-31,0.9134845
a0WOG0000071Esw2AE,2026-08-31,0.7021327
a0WOG0000071Fyf2AE,2026-08-31,0.50600874
a0WOG0000071HkL2AU,2026-08-31,0.102382354
a0WOG0000071K5V2AU,2026-08-31,0.8485293
a0WOG0000071KyL2AU,2026-08-31,0.19155909
a0WOG0000071LCr2AM,2026-08-31,0.4558418
a0WOG0000071M452AE,2026-08-31,0.30830365
a0WOG0000071MDl2AM,2026-08-31,0.069986105
a0WOG0000071N4z2AE,2026-08-31,0.19417423
a0WOG0000071Nuc2AE,2026-08-31,0.1156054
a0WOG0000073fXF2AY,2026-08-31,0.74581224
a0WOG0000073fsD2AQ,2026-08-31,0.5199548
a0WOG0000073gEn2AI,2026-08-31,0.10121445
a0WOG0000073h7d2AA,2026-08-31,0.12800807
a0WOG0000073iZx2AI,2026-08-31,0.046443507
a0WOG0000073myX2AQ,2026-08-31,0.056052793
a0WOG0000073q4T2AQ,2026-08-31,0.12896006
a0WOG0000073s332AA,2026-08-31,0.108644165
a0WOG0000073wOP2AY,2026-08-31,0.3644016
a0WOG0000073wt32AA,2026-08-31,0.5284566
a0WOG0000073zXZ2AY,2026-08-31,0.6506122
a0WOG00000740NB2AY,2026-08-31,0.17901984
a0WOG00000744H72AI,2026-08-31,0.25658366
a0WOG000007459x2AA,2026-08-31,0.1748569
a0WOG00000745jR2AQ,2026-08-31,0.3251837
a0WOG00000747y92AA,2026-08-31,0.4417872
a0WOG0000074D972AE,2026-08-31,0.037013203
a0WOG0000074DkD2AU,2026-08-31,0.09734664
a0WOG0000074ETN2A2,2026-08-31,0.7203079
a0WOG0000074Guz2AE,2026-08-31,0.13602199
a0WOG0000074LQ12AM,2026-08-31,0.8819227
a0WOG0000074QJF2A2,2026-08-31,0.24544348
a0WOG0000074QO52AM,2026-08-31,0.049712602
a0WOG0000074R7F2AU,2026-08-31,0.07512511
a0WOG0000074RDh2AM,2026-08-31,0.06642593
a0WOG0000074RNN2A2,2026-08-31,0.06038523
a0WOG0000074Tk92AE,2026-08-31,0.089550115
a0WOG0000074VcH2AU,2026-08-31,0.39689574
a0WOG0000074bZd2AI,2026-08-31,0.6997961
a0WOG0000074dUz2AI,2026-08-31,0.36177954
a0WOG0000074edx2AA,2026-08-31,0.20321232
a0WOG0000074izJ2AQ,2026-08-31,0.24155389
a0WOG0000074pHd2AI,2026-08-31,0.23678108
a0WOG0000074pvx2AA,2026-08-31,0.56487936
a0WOG0000074reP2AQ,2026-08-31,0.6108132
a0WOG0000074sU12AI,2026-08-31,0.49826488
a0WOG0000076nDJ2AY,2026-08-31,0.17305137
a0WOG0000076nOb2AI,2026-08-31,0.11267929
a0WOG0000076nbV2AQ,2026-08-31,0.043379102
a0WOG0000076p732AA,2026-08-31,0.07360937
a0WOG0000076pOn2AI,2026-08-31,0.07829188
a0WOG0000076pa52AA,2026-08-31,0.87429464
a0WOG0000076qhR2AQ,2026-08-31,0.4004193
a0WOG0000076w5J2AQ,2026-08-31,0.14117958
a0WOG0000076wN32AI,2026-08-31,0.26936913
a0WOG0000076xqz2AA,2026-08-31,0.25108755
a0WOG0000076zHh2AI,2026-08-31,0.08313564
a0WOG00000777aD2AQ,2026-08-31,0.2039606
a0WOG0000077Cmo2AE,2026-08-31,0.18515739
a0WOG0000077Itp2AE,2026-08-31,0.27963012
a0WOG0000077JjR2AU,2026-08-31,0.186437
a0WOG0000077Lq52AE,2026-08-31,0.3622035
a0WOG0000077Ly92AE,2026-08-31,0.4251708
a0WOG0000077Mz32AE,2026-08-31,0.4270889
a0WOG0000077QZd2AM,2026-08-31,0.25820652
a0WOG0000077RU62AM,2026-08-31,0.14629652
a0WOG0000077Sef2AE,2026-08-31,0.25689605
a0WOG0000077jyr2AA,2026-08-31,0.12319199
a0WOG0000077kN32AI,2026-08-31,0.18393764
a0WOG0000077lFt2AI,2026-08-31,0.42510206
a0WOG0000077q5t2AA,2026-08-31,0.36618632
a0WOG0000077ucX2AQ,2026-08-31,0.095574915
a0WOG00000786x32AA,2026-08-31,0.37093076
a0WOG00000788af2AA,2026-08-31,0.19856381
a0WOG00000789q62AA,2026-08-31,0.09519301
a0WOG0000078Az32AE,2026-08-31,0.100305736
a0WOG0000078EeT2AU,2026-08-31,0.08930551
a0WOG0000078G5B2AU,2026-08-31,0.27228796
a0WOG0000078KYb2AM,2026-08-31,0.42247653
a0WOG0000078bzF2AQ,2026-08-31,0.05059802
a0WOG0000078e5t2AA,2026-08-31,0.1514915
a0WOG0000078hq92AA,2026-08-31,0.23185104
a0WOG0000078lwz2AA,2026-08-31,0.07583789
a0WOG0000078m3R2AQ,2026-08-31,0.7044307
a0WOG0000078omn2AA,2026-08-31,0.78854656
a0WOG0000078ozh2AA,2026-08-31,0.1052412
a0WOG0000078psX2AQ,2026-08-31,0.4100041
a0WOG0000078qi92AA,2026-08-31,0.124804385
a0WOG0000078rzB2AQ,2026-08-31,0.0735662
a0WOG0000078sK92AI,2026-08-31,0.71114063
a0WOG00000792TB2AY,2026-08-31,0.26893684
a0WOG00000793Aj2AI,2026-08-31,0.060398504
a0WOG00000793nR2AQ,2026-08-31,0.10753109
a0WOG000007952r2AA,2026-08-31,0.10284939
a0WOG00000797np2AA,2026-08-31,0.41522598
a0WOG00000799G92AI,2026-08-31,0.15744284
a0WOG00000799pd2AA,2026-08-31,0.11001652
a0WOG0000079EpJ2AU,2026-08-31,0.22152731
a0WOG0000079GuL2AU,2026-08-31,0.071867004
a0WOG0000079HSD2A2,2026-08-31,0.35200197
a0WOG0000079Hf72AE,2026-08-31,0.14477517
a0WOG0000079Hwr2AE,2026-08-31,0.30232817
a0WOG0000079I3J2AU,2026-08-31,0.19341682
a0WOG0000079IXx2AM,2026-08-31,0.4424322
a0WOG0000079IuX2AU,2026-08-31,0.43153104
a0WOG0000079JDt2AM,2026-08-31,0.51221913
a0WOG0000079KgD2AU,2026-08-31,0.5668698
a0WOG0000079NML2A2,2026-08-31,0.4908056
a0WOG0000079Rub2AE,2026-08-31,0.07282198
a0WOG0000079T5B2AU,2026-08-31,0.08995979
a0WOG0000079UE92AM,2026-08-31,0.16118778
a0WOG0000079XAP2A2,2026-08-31,0.12703376
a0WOG0000079gAT2AY,2026-08-31,0.78849685
a0WOG0000079jGP2AY,2026-08-31,0.045106057
a0WOG0000079jxx2AA,2026-08-31,0.6634131
a0WOG0000079kIv2AI,2026-08-31,0.7538416
a0WOG0000079kve2AA,2026-08-31,0.04785897
a0WOG0000079lTV2AY,2026-08-31,0.9429705
a0WOG0000079lV72AI,2026-08-31,0.123405874
a0WOG0000079rCL2AY,2026-08-31,0.44565183
a0WOG0000079s0L2AQ,2026-08-31,0.07446836
a0WOG0000079sMv2AI,2026-08-31,0.39789107
a0WOG0000079tyv2AA,2026-08-31,0.8352671
a0WOG0000079wGr2AI,2026-08-31,0.044339094
a0WOG0000079xKz2AI,2026-08-31,0.88073057
a0WOG0000079y7N2AQ,2026-08-31,0.4320425
a0WOG0000079y8z2AA,2026-08-31,0.36275423
a0WOG0000079ytl2AA,2026-08-31,0.090280734
a0WOG0000079z0D2AQ,2026-08-31,0.25286433
a0WOG000007A0yn2AC,2026-08-31,0.4449335
a0WOG000007A1Ob2AK,2026-08-31,0.15085422
a0WOG000007A1y52AC,2026-08-31,0.28164336
a0WOG000007A2Kf2AK,2026-08-31,0.24893174
a0WOG000007A2an2AC,2026-08-31,0.45072573
a0WOG000007A3rp2AC,2026-08-31,0.0938396
a0WOG000007A5AU2A0,2026-08-31,0.13130608
a0WOG000007A5on2AC,2026-08-31,0.20914261
a0WOG000007A6rJ2AS,2026-08-31,0.089577645
a0WOG000007A7iX2AS,2026-08-31,0.09063692
a0WOG000007A89x2AC,2026-08-31,0.10553908
a0WOG000007A8LF2A0,2026-08-31,0.49201664
a0WOG000007A8TJ2A0,2026-08-31,0.20413731
a0WOG000007A97d2AC,2026-08-31,0.23831321
a0WOG000007A9fV2AS,2026-08-31,0.10788235
a0WOG000007AAq52AG,2026-08-31,0.4356415
a0WOG000007ACv72AG,2026-08-31,0.76198435
a0WOG000007ALn72AG,2026-08-31,0.07601251
a0WOG000007AN492AG,2026-08-31,0.107983194
a0WOG000007ANDp2AO,2026-08-31,0.06449345
a0WOG000007ANNV2A4,2026-08-31,0.114377774
a0WOG000007APSX2A4,2026-08-31,0.43117785
a0WOG000007ATG22AO,2026-08-31,0.07324458
a0WOG000007ATRJ2A4,2026-08-31,0.1634727
a0WOG000007ATaz2AG,2026-08-31,0.06655746
a0WOG000007AU0n2AG,2026-08-31,0.5043458
a0WOG000007AUAT2A4,2026-08-31,0.62826264
a0WOG000007AUvF2AW,2026-08-31,0.7154686
a0WOG000007AUwr2AG,2026-08-31,0.48554188
a0WOG000007AWPB2A4,2026-08-31,0.12212927
a0WOG000007AaFt2AK,2026-08-31,0.113795236
a0WOG000007Aafh2AC,2026-08-31,0.14369503
a0WOG000007AbGn2AK,2026-08-31,0.11674991
a0WOG000007AcRN2A0,2026-08-31,0.7515209
a0WOG000007AdTt2AK,2026-08-31,0.85351473
a0WOG000007AddZ2AS,2026-08-31,0.35444736
a0WOG000007AgQ92AK,2026-08-31,0.3365295
a0WOG000007AggH2AS,2026-08-31,0.12750728
a0WOG000007Ahdx2AC,2026-08-31,0.9140811
a0WOG000007AitN2AS,2026-08-31,0.40772998
a0WOG000007AkdR2AS,2026-08-31,0.53011036
a0WOG000007Aodp2AC,2026-08-31,0.17537013
a0WOG000007Attd2AC,2026-08-31,0.91009027
a0WOG000007AzUP2A0,2026-08-31,0.409759
a0WOG000007AzpO2AS,2026-08-31,0.09203953
a0WOG000007B2th2AC,2026-08-31,0.0902742
a0WOG000007B51y2AC,2026-08-31,0.7106239
a0WOG000007B98n2AC,2026-08-31,0.21896489
a0WOG000007B9lV2AS,2026-08-31,0.23857158
a0WOG000007BCmb2AG,2026-08-31,0.08600089
a0WOG000007BE3d2AG,2026-08-31,0.11549719
a0WOG000007BETR2A4,2026-08-31,0.08342248
a0WOG000007BG5R2AW,2026-08-31,0.9601275
a0WOG000007BGF72AO,2026-08-31,0.079439335
a0WOG000007BGtR2AW,2026-08-31,0.9025315
a0WOG000007BHBB2A4,2026-08-31,0.54890907
a0WOG000007BQrB2AW,2026-08-31,0.14624834
a0WOG000007BURl2AO,2026-08-31,0.45873782
a0WOG000007BUjV2AW,2026-08-31,0.059671845
a0WOG000007BVZ72AO,2026-08-31,0.6734396
a0WOG000007BWQL2A4,2026-08-31,0.05193264
a0WOG000007BWwc2AG,2026-08-31,0.0865694
a0WOG000007BXB72AO,2026-08-31,0.26755744
a0WOG000007BXPd2AO,2026-08-31,0.15701038
a0WOG000007Bb0D2AS,2026-08-31,0.3005803
a0WOG000007BbTF2A0,2026-08-31,0.18828887
a0WOG000007BcxD2AS,2026-08-31,0.16281892
a0WOG000007BdOb2AK,2026-08-31,0.08084262
a0WOG000007Beir2AC,2026-08-31,0.105659224
a0WOG000007BfQP2A0,2026-08-31,0.32315445
a0WOG000007BgzB2AS,2026-08-31,0.14522071
a0WOG000007BiHp2AK,2026-08-31,0.13204056
a0WOG000007Bikr2AC,2026-08-31,0.54938006
a0WOG000007BkUv2AK,2026-08-31,0.099299304
a0WOG000007Bkmf2AC,2026-08-31,0.9213753
a0WOG000007BzYn2AK,2026-08-31,0.5670611
a0WOG000007C1PJ2A0,2026-08-31,0.16130261
a0WOG000007C3ir2AC,2026-08-31,0.09063692
a0WOG000007C5JF2A0,2026-08-31,0.39745238
a0WOG000007C9oH2AS,2026-08-31,0.39585572
a0WOG000007CCML2A4,2026-08-31,0.07628527
a0WOG000007CGRZ2A4,2026-08-31,0.82704365
a0WOG000007CGcr2AG,2026-08-31,0.064224415
a0WOG000007CKqA2AW,2026-08-31,0.33144382
a0WOG000007CNcj2AG,2026-08-31,0.5481681
a0WOG000007CQPJ2A4,2026-08-31,0.83014226
a0WOG000007CQnV2AW,2026-08-31,0.71219736
a0WOG000007CSnh2AG,2026-08-31,0.5581098
a0WOG000007CZNl2AO,2026-08-31,0.5946343
a0WOG000007Cbfh2AC,2026-08-31,0.6194356
a0WOG000007CcAL2A0,2026-08-31,0.3441234
a0WOG000007CcDZ2A0,2026-08-31,0.29445887
a0WOG000007Cca92AC,2026-08-31,0.35763165
a0WOG000007Ce2T2AS,2026-08-31,0.36536577
a0WOG000007CeC92AK,2026-08-31,0.25368306
a0WOG000007Cf6b2AC,2026-08-31,0.19809012
a0WOG000007HqML2A0,2026-08-31,0.04289004
a0WOG000007Hr2H2AS,2026-08-31,0.2389635
a0WOG000007HrBx2AK,2026-08-31,0.09198902
a0WOG000007HrNF2A0,2026-08-31,0.78851706
a0WOG000007HrdN2AS,2026-08-31,0.15642746
a0WOG000007HsZS2A0,2026-08-31,0.19386847
a0WOG000007Ht2T2AS,2026-08-31,0.49047503
a0WOG000007Ht5h2AC,2026-08-31,0.14633673
a0WOG000007Htor2AC,2026-08-31,0.20387611
a0WOG000007HuEf2AK,2026-08-31,0.21037036
a0WOG000007Hx2r2AC,2026-08-31,0.13649128
a0WOG000007HxAv2AK,2026-08-31,0.7726238
a0WOG000007Hy0X2AS,2026-08-31,0.43050498
a0WOG000007I2iT2AS,2026-08-31,0.3723411
a0WOG000007I49B2AS,2026-08-31,0.08465148
a0WOG000007I4Fd2AK,2026-08-31,0.09357698
a0WOG000007I4nV2AS,2026-08-31,0.3758549
a0WOG000007I6HR2A0,2026-08-31,0.4797631
a0WOG000007I9Gv2AK,2026-08-31,0.71464944
a0WOG000007I9Qb2AK,2026-08-31,0.09843648
a0WOG000007IB2b2AG,2026-08-31,0.3977912
a0WOG000007IFsb2AG,2026-08-31,0.039555117
a0WOG000007IIaL2AW,2026-08-31,0.098138094
a0WOG000007IKc92AG,2026-08-31,0.1874079
a0WOG000007ILI52AO,2026-08-31,0.887635
a0WOG000007ILgH2AW,2026-08-31,0.038172252
a0WOG000007ILoL2AW,2026-08-31,0.105307974
a0WOG000007ILwP2AW,2026-08-31,0.04754335
a0WOG000007IMvi2AG,2026-08-31,0.2684641
a0WOG000007INVB2A4,2026-08-31,0.8711466
a0WOG000007INa12AG,2026-08-31,0.8417985
a0WOG000007INq92AG,2026-08-31,0.478214
a0WOG000007IPC12AO,2026-08-31,0.1649622
a0WOG000007IQXt2AO,2026-08-31,0.7960093
a0WOG000007IV9N2AW,2026-08-31,0.14131635
a0WOG000007IWDV2A4,2026-08-31,0.085982956
a0WOG000007IXcb2AG,2026-08-31,0.087577134
a0WOG000007IYAT2A4,2026-08-31,0.08469701
a0WOG000007Ic7d2AC,2026-08-31,0.7460712
a0WOG000007Idjd2AC,2026-08-31,0.90098524
a0WOG000007IkRl2AK,2026-08-31,0.40018877
a0WOG000007IlE92AK,2026-08-31,0.1713627
a0WOG000007ImLV2A0,2026-08-31,0.062609136
a0WOG000007Imq92AC,2026-08-31,0.39517787
a0WOG000007Imwb2AC,2026-08-31,0.2745549
a0WOG000007Inav2AC,2026-08-31,0.21149267
a0WOG000007Io0j2AC,2026-08-31,0.66138655
a0WOG000007IoYc2AK,2026-08-31,0.8702161
a0WOG000007IpHl2AK,2026-08-31,0.07990801
a0WOG000007IqiT2AS,2026-08-31,0.31719834
a0WOG000007Irt32AC,2026-08-31,0.11926978
a0WOG000007ItYH2A0,2026-08-31,0.10107263
a0WOG000007Iu9N2AS,2026-08-31,0.087577134
a0WOG000007IvIL2A0,2026-08-31,0.11707616
a0WOG000007IvJx2AK,2026-08-31,0.5803387
a0WOG000007IvlN2AS,2026-08-31,0.35888377
a0WOG000007IwEP2A0,2026-08-31,0.8246342
a0WOG000007Ix0n2AC,2026-08-31,0.09002531
a0WOG000007IyOI2A0,2026-08-31,0.21536575
a0WOG000007IzNZ2A0,2026-08-31,0.61860234
a0WOG000007J0Jd2AK,2026-08-31,0.23465255
a0WOG000007J17d2AC,2026-08-31,0.12936698
a0WOG000007J1E62AK,2026-08-31,0.6149154
a0WOG000007J7BR2A0,2026-08-31,0.35655704
a0WOG000007J7Mj2AK,2026-08-31,0.08536062
a0WOG000007J84H2AS,2026-08-31,0.14716707
a0WOG000007JC1R2AW,2026-08-31,0.4021801
a0WOG000007JC7t2AG,2026-08-31,0.656966
a0WOG000007JCO12AO,2026-08-31,0.8851568
a0WOG000007JDlV2AW,2026-08-31,0.1159725
a0WOG000007JFAb2AO,2026-08-31,0.3745414
a0WOG000007JJe12AG,2026-08-31,0.11014222
a0WOG000007JLMT2A4,2026-08-31,0.636448
a0WOG000007JLPh2AO,2026-08-31,0.42983252
a0WOG000007JNGE2A4,2026-08-31,0.31979248
a0WOG000007JNhd2AG,2026-08-31,0.07742395
a0WOG000007JQAr2AO,2026-08-31,0.3810738
a0WOG000007JRWj2AO,2026-08-31,0.806923
a0WOG000007JRgP2AW,2026-08-31,0.73630774
a0WOG000007JTWv2AO,2026-08-31,0.418024
a0WOG000007JUcf2AG,2026-08-31,0.56251156
a0WOG000007JUeH2AW,2026-08-31,0.2468082
a0WOG000007Jhzh2AC,2026-08-31,0.08582077
a0WOG000007Ji2v2AC,2026-08-31,0.59461886
a0WOG000007Jian2AC,2026-08-31,0.6385685
a0WOG000007Jinh2AC,2026-08-31,0.3469241
a0WOG000007JkW92AK,2026-08-31,0.19388822
a0WOG000007JmGD2A0,2026-08-31,0.056439772
a0WOG000007JmwA2AS,2026-08-31,0.21135643
a0WOG000007JpkL2AS,2026-08-31,0.68484205
a0WOG000007JqwX2AS,2026-08-31,0.49990436
a0WOG000007JrXd2AK,2026-08-31,0.18310903
a0WOG000007Js2H2AS,2026-08-31,0.09704579
a0WOG000007JtG52AK,2026-08-31,0.70864415
a0WOG000007Jtj72AC,2026-08-31,0.5003774
a0WOG000007JzQL2A0,2026-08-31,0.093412116
a0WOG000007K1VN2A0,2026-08-31,0.17977476
a0WOG000007K6rd2AC,2026-08-31,0.114026904
a0WOG000007K8n02AC,2026-08-31,0.6713179
a0WOG000007KEIv2AO,2026-08-31,0.3024363
a0WOG000007KFen2AG,2026-08-31,0.06961683
a0WOG000007KGHX2A4,2026-08-31,0.813823
a0WOG000007KHQT2A4,2026-08-31,0.22875148
a0WOG000007KHrt2AG,2026-08-31,0.044809956
a0WOG000007KJaL2AW,2026-08-31,0.11501736
a0WOG000007KKzR2AW,2026-08-31,0.48728254
a0WOG000007KLXJ2A4,2026-08-31,0.13333558
a0WOG000007KM1x2AG,2026-08-31,0.8736173
a0WOG000007KMGT2A4,2026-08-31,0.04962242
a0WOG000007KORx2AO,2026-08-31,0.13557169
a0WOG000007KPEL2A4,2026-08-31,0.8269254
a0WOG000007KStl2AG,2026-08-31,0.1039464
a0WOG000007KT532AG,2026-08-31,0.12185378
a0WOG000007KTJZ2A4,2026-08-31,0.07693711
a0WOG000007KUIr2AO,2026-08-31,0.05374244
a0WOG000007KWHR2A4,2026-08-31,0.62159866
a0WOG000007KWNt2AO,2026-08-31,0.21756607
a0WOG000007KZC52AO,2026-08-31,0.11845024
a0WOG000007KZvF2AW,2026-08-31,0.0893962
a0WOG000007KauX2AS,2026-08-31,0.51246846
a0WOG000007KbKL2A0,2026-08-31,0.26274556
a0WOG000007KbnN2AS,2026-08-31,0.41561353
a0WOG000007Kc1t2AC,2026-08-31,0.35233912
a0WOG000007Ke252AC,2026-08-31,0.6138669
a0WOG000007KgdN2AS,2026-08-31,0.82132035
a0WOG000007KhCr2AK,2026-08-31,0.09345486
a0WOG000007KhmL2AS,2026-08-31,0.465692
a0WOG000007Ki0r2AC,2026-08-31,0.22557686
a0WOG000007Ki7J2AS,2026-08-31,0.21996996
a0WOG000007KjTB2A0,2026-08-31,0.72589284
a0WOG000007Krgr2AC,2026-08-31,0.31453657
a0WOG000007KuI92AK,2026-08-31,0.54120404
a0WOG000007KutF2AS,2026-08-31,0.36179823
a0WOG000007L3oT2AS,2026-08-31,0.6306919
a0WOG000007L5rt2AC,2026-08-31,0.12251256
a0WOG000007L69d2AC,2026-08-31,0.8614931
a0WOG000007L6ET2A0,2026-08-31,0.094028965
a0WOG000007L8wD2AS,2026-08-31,0.04125952
a0WOG000007LAMv2AO,2026-08-31,0.08646603
a0WOG000007LKm52AG,2026-08-31,0.5306266
a0WOG000007LKu92AG,2026-08-31,0.77632415
a0WOG000007LL732AG,2026-08-31,0.68676203
a0WOG000007LMHd2AO,2026-08-31,0.18455921
a0WOG000007LNyT2AW,2026-08-31,0.78087264
a0WOG000007LQxx2AG,2026-08-31,0.08923267
a0WOG000007LSZx2AO,2026-08-31,0.17796725
a0WOG000007LVWD2A4,2026-08-31,0.07603559
a0WOG000007LW0r2AG,2026-08-31,0.09673487
a0WOG000007LZTN2A4,2026-08-31,0.90362126
a0WOG000007LZUz2AO,2026-08-31,0.63583976
a0WOG000007Lbzp2AC,2026-08-31,0.36302346
a0WOG000007LcpR2AS,2026-08-31,0.23630393
a0WOG000007Lf492AC,2026-08-31,0.645274
a0WOG000007LrQH2A0,2026-08-31,0.079083964
a0WOG000007LsJ72AK,2026-08-31,0.12691006
a0WOG000007LsZF2A0,2026-08-31,0.5278371
a0WOG000007LtQT2A0,2026-08-31,0.47892132
a0WOG000007LuzF2AS,2026-08-31,0.64787257
a0WOG000007Lv7J2AS,2026-08-31,0.18470155
a0WOG000007LvP32AK,2026-08-31,0.6480465
a0WOG000007LxIn2AK,2026-08-31,0.3344272
a0WOG000007LxvV2AS,2026-08-31,0.61741745
a0WOG000007LyYF2A0,2026-08-31,0.6063033
a0WOG000007M0lJ2AS,2026-08-31,0.17165063
a0WOG000007OEVd2AO,2026-08-31,0.76103956
a0WOG000007OFOT2A4,2026-08-31,0.10724704
a0WOG000007OFZl2AO,2026-08-31,0.25455052
a0WOG000007OFt72AG,2026-08-31,0.3139308
a0WOG000007OHrh2AG,2026-08-31,0.093471915
a0WOG000007OM8D2AW,2026-08-31,0.28933826
a0WOG000007OMub2AG,2026-08-31,0.08724779
a0WOG000007ONKP2A4,2026-08-31,0.63423854
a0WOG000007ONNd2AO,2026-08-31,0.11147448
a0WOG000007OUlh2AG,2026-08-31,0.76339984
a0WOG000007OZlN2AW,2026-08-31,0.20388958
a0WOG000007Oasj2AC,2026-08-31,0.2742794
a0WOG000007ObGv2AK,2026-08-31,0.081419915
a0WOG000007ObIX2A0,2026-08-31,0.35648677
a0WOG000007ObYf2AK,2026-08-31,0.09933554
a0WOG000007Obf82AC,2026-08-31,0.09786734
a0WOG000007Oe572AC,2026-08-31,0.28739643
a0WOG000007OfIv2AK,2026-08-31,0.27506223
a0WOG000007Oflx2AC,2026-08-31,0.46463338
a0WOG000007OhHW2A0,2026-08-31,0.5078821
a0WOG000007OiK12AK,2026-08-31,0.09103884
a0WOG000007OkX72AK,2026-08-31,0.37542513
a0WOG000007Ol9p2AC,2026-08-31,0.05559379
a0WOG000007OmYv2AK,2026-08-31,0.5706709
a0WOG000007OmYw2AK,2026-08-31,0.09177192
a0WOG000007Ooyv2AC,2026-08-31,0.7627669
a0WOG000007OyIM2A0,2026-08-31,0.720609
a0WOG000007P1L32AK,2026-08-31,0.36102477
a0WOG000007P7Bx2AK,2026-08-31,0.87285393
a0WOG000007P86P2AS,2026-08-31,0.4782007
a0WOG000007P8812AC,2026-08-31,0.45015115
a0WOG000007P8Hh2AK,2026-08-31,0.76330256
a0WOG000007P9Lp2AK,2026-08-31,0.23159577
a0WOG000007P9SH2A0,2026-08-31,0.31793672
a0WOG000007P9nF2AS,2026-08-31,0.66025704
a0WOG000007P9th2AC,2026-08-31,0.17127176
a0WOG000007PA8D2AW,2026-08-31,0.8673863
a0WOG000007PDHN2A4,2026-08-31,0.75969833
a0WOG000007PGFF2A4,2026-08-31,0.45274788
a0WOG000007PJHx2AO,2026-08-31,0.88572437
a0WOG000007PNgX2AW,2026-08-31,0.20633286
a0WOG000007PUQH2A4,2026-08-31,0.054837417
a0WOG000007PWLd2AO,2026-08-31,0.12393084
a0WOG000007PeSr2AK,2026-08-31,0.20426802
a0WOG000007Pgxi2AC,2026-08-31,0.057532217
a0WOG000007PiHx2AK,2026-08-31,0.8244968
a0WOG000007Pk3d2AC,2026-08-31,0.28930557
a0WOG000007PlXZ2A0,2026-08-31,0.08435686
a0WOG000007PmIL2A0,2026-08-31,0.061581917
a0WOG000007Pn6L2AS,2026-08-31,0.55264235
a0WOG000007Po2P2AS,2026-08-31,0.2329952
a0WOG000007Pw3B2AS,2026-08-31,0.8402026
a0WOG000007Px0r2AC,2026-08-31,0.06544714
a0WOG000007PyPx2AK,2026-08-31,0.4067059
a0WOG000007Q1m12AC,2026-08-31,0.91692704
a0WOG000007Q2dF2AS,2026-08-31,0.72489834
a0WOG000007Q2oX2AS,2026-08-31,0.22191037
a0WOG000007Q3hO2AS,2026-08-31,0.08411668
a0WOG000007Q4Tl2AK,2026-08-31,0.08783136
a0WOG000007Q8CP2A0,2026-08-31,0.32352218
a0WOG000007Q9GX2A0,2026-08-31,0.5547922
a0WOG000007QGcz2AG,2026-08-31,0.5249507
a0WOG000007QHVq2AO,2026-08-31,0.23748939
a0WOG000007QI8X2AW,2026-08-31,0.0919609
a0WOG000007QLET2A4,2026-08-31,0.17936361
a0WOG000007QNkv2AG,2026-08-31,0.7373096
a0WOG000007QRbd2AG,2026-08-31,0.2843582
a0WOG000007QSfl2AG,2026-08-31,0.61128247
a0WOG000007QSuH2AW,2026-08-31,0.15432729
a0WOG000007QU6T2AW,2026-08-31,0.14609805
a0WOG000007QUw72AG,2026-08-31,0.27041808
a0WOG000007QUzJ2AW,2026-08-31,0.6639859
a0WOG000007QVH32AO,2026-08-31,0.8311843
a0WOG000007QWuf2AG,2026-08-31,0.12829931
a0WOG000007QWxt2AG,2026-08-31,0.43837294
a0WOG000007QZ7l2AG,2026-08-31,0.14337534
a0WOG000007QaOn2AK,2026-08-31,0.036232386
a0WOG000007Qdph2AC,2026-08-31,0.80062985
a0WOG000007WLJp2AO,2026-08-31,0.33706737
a0WOG000007WbLN2A0,2026-08-31,0.23702627
a0WOG000007Wixx2AC,2026-08-31,0.60419905
a0WOG000007WmqH2AS,2026-08-31,0.14550938
a0WOG000007WsR32AK,2026-08-31,0.18664238
a0WOG000007X0d82AC,2026-08-31,0.08437973
a0WOG000007X2QP2A0,2026-08-31,0.05502257
a0WOG000007XEsz2AG,2026-08-31,0.26598102
a0WOG000007XJuH2AW,2026-08-31,0.17545004
a0WOG000007XZFt2AO,2026-08-31,0.090989254
a0WOG000007XbHh2AK,2026-08-31,0.15417355
a0WOG000007Xgin2AC,2026-08-31,0.6909353
a0WOG000007XlSM2A0,2026-08-31,0.095343396
a0WOG000007XsLl2AK,2026-08-31,0.66947556
a0WOG000007YBRd2AO,2026-08-31,0.250084
a0WOG000007YJsE2AW,2026-08-31,0.070908785
a0WOG000007YLxG2AW,2026-08-31,0.06609224
a0WOG000007YM6v2AG,2026-08-31,0.31922337
a0WOG000007YNJ72AO,2026-08-31,0.07745836
a0WOG000007YO2J2AW,2026-08-31,0.1732485
a0WOG000007YPsn2AG,2026-08-31,0.087577134
a0WOG000007YQGz2AO,2026-08-31,0.1744858
a0WOG000007YSlp2AG,2026-08-31,0.05908459
a0WOG000007YWuH2AW,2026-08-31,0.27867234
a0WOG000007YbxB2AS,2026-08-31,0.2563029
a0WOG000007YdAz2AK,2026-08-31,0.1660851
a0WOG000007YiDv2AK,2026-08-31,0.11427413
a0WOG000007YlOg2AK,2026-08-31,0.084791765
a0WOG000007Ymvp2AC,2026-08-31,0.09153019
a0WOG000007YniD2AS,2026-08-31,0.31188092
a0WOG000007Ypbx2AC,2026-08-31,0.13242033
a0WOG000007YrFZ2A0,2026-08-31,0.62674844
a0WOG000007ZBvr2AG,2026-08-31,0.53404737
a0WOG000007ZDj72AG,2026-08-31,0.06384269
a0WOG000007ZGKP2A4,2026-08-31,0.5347007
a0WOG000007ZGnR2AW,2026-08-31,0.2011982
a0WOG000007ZObJ2AW,2026-08-31,0.3136802
a0WOG000007ZTCp2AO,2026-08-31,0.26009423
a0WOG000007ZUaH2AW,2026-08-31,0.103327245
a0WOG000007ZsZN2A0,2026-08-31,0.46870357
a0WOG000007Zv932AC,2026-08-31,0.2350109
a0WOG000007a33N2AQ,2026-08-31,0.08289035
a0WOG000007aiks2AA,2026-08-31,0.45905316
a0WOG000007aisv2AA,2026-08-31,0.09830311
a0WOG000007atUz2AI,2026-08-31,0.04717031
a0WOG000007b98L2AQ,2026-08-31,0.076550126
a0WOG000007bAVp2AM,2026-08-31,0.11774545
a0WOG000007bBBl2AM,2026-08-31,0.081956334
a0WOG000007bBRt2AM,2026-08-31,0.1128947
a0WOG000007c2b32AA,2026-08-31,0.09783739
a0WOG000007c2cf2AA,2026-08-31,0.04540393
a0WOG000007c3NS2AY,2026-08-31,0.3623269
a0WOG000007c4JV2AY,2026-08-31,0.735572
a0WOG000007c4OL2AY,2026-08-31,0.1500442
a0WOG000007c4cr2AA,2026-08-31,0.19330414
a0WOG000007cE172AE,2026-08-31,0.09814255
a0WOG000007cEcD2AU,2026-08-31,0.08500207
a0WOG000007cHAJ2A2,2026-08-31,0.074708894
a0WOG000007cIaz2AE,2026-08-31,0.29143065
a0WOG000007cJAU2A2,2026-08-31,0.09343033
a0WOG000007cMl32AE,2026-08-31,0.2708606
a0WOG000007cOOf2AM,2026-08-31,0.17536326
a0WOG000007ccHx2AI,2026-08-31,0.19906889
a0WOG000007cd172AA,2026-08-31,0.2434847
a0WOG000007co7p2AA,2026-08-31,0.04919755
a0WOG000007cpbm2AA,2026-08-31,0.14490144
a0WOG000007csOM2AY,2026-08-31,0.08244658
a0WOG000007cx6I2AQ,2026-08-31,0.082035765
a0WOG000007ddGn2AI,2026-08-31,0.08336134
a0WOG000007ddn32AA,2026-08-31,0.07123911
a0WOG000007diWc2AI,2026-08-31,0.07919668
a0WOG000007dzNl2AI,2026-08-31,0.094460875
a0WOG000007e3Hh2AI,2026-08-31,0.115693375
a0WOG000007f5an2AA,2026-08-31,0.07919668
a0WA000000JbEAmMAN,2026-08-31,0.16616654
a0WA000000JbEBTMA3,2026-08-31,0.51754695
a0WA000000JbERFMA3,2026-08-31,0.39507684
a0WA000000JbETCMA3,2026-08-31,0.16562013
a0WA000000JbFAoMAN,2026-08-31,0.049002614
a0WA000000JbFHUMA3,2026-08-31,0.06292594
a0WA000000JbH7SMAV,2026-08-31,0.6421738
a0WA000000JbHGhMAN,2026-08-31,0.23300047
a0WA000000JbHNUMA3,2026-08-31,0.2073295
a0WA000000JbIyuMAF,2026-08-31,0.22979629
a0WA000000JbJDeMAN,2026-08-31,0.18454838
a0WA000000JbJQMMA3,2026-08-31,0.2931609
a0WA000000JbJhcMAF,2026-08-31,0.78856546
a0WA000000JbJneMAF,2026-08-31,0.8205497
a0WA000000JbK43MAF,2026-08-31,0.14756393
a0WA000000JbKZ1MAN,2026-08-31,0.781502
a0WA000000JbKq5MAF,2026-08-31,0.052100997
a0WA000000JjdlEMAR,2026-08-31,0.10220852
a0WA000000Jjf5FMAR,2026-08-31,0.11817564
a0WA000000Jjfs0MAB,2026-08-31,0.08896662
a0WA000000JjgmrMAB,2026-08-31,0.40932703
a0WA000000JjigcMAB,2026-08-31,0.14638107
a0WA000000JjkG4MAJ,2026-08-31,0.88054365
a0WA000000JuA0SMAV,2026-08-31,0.893656
a0WA000000JuGn9MAF,2026-08-31,0.03809629
a0WA000000JuGnBMAV,2026-08-31,0.06358919
a0WA000000JuGnEMAV,2026-08-31,0.12953296
a0WA000000JuJCVMA3,2026-08-31,0.7472282
a0WA000000JuJtkMAF,2026-08-31,0.48149136
a0WA000000JuQh5MAF,2026-08-31,0.053198643
a0WA000000Juf7NMAR,2026-08-31,0.059300587
a0WA000000JujBFMAZ,2026-08-31,0.13444693
a0WA000000JujKaMAJ,2026-08-31,0.06655051
a0WA000000JukxRMAR,2026-08-31,0.73580706
a0WA000000JumDaMAJ,2026-08-31,0.14354098
a0WA000000JupHwMAJ,2026-08-31,0.5842345
a0WA000000JupI1MAJ,2026-08-31,0.10544231
a0WA000000JuswVMAR,2026-08-31,0.89611405
a0WA000000JuxrjMAB,2026-08-31,0.18845011
a0WA000000Jv4kGMAR,2026-08-31,0.45485476
a0WA000000JvAVoMAN,2026-08-31,0.43183756
a0WA000000JvBJiMAN,2026-08-31,0.113233335
a0WA000000JvBUTMA3,2026-08-31,0.44903675
a0WA000000JvEk1MAF,2026-08-31,0.5341312
a0WA000000JvFJSMA3,2026-08-31,0.5885691
a0WA000000JvJIlMAN,2026-08-31,0.14838552
a0WA000000JvJInMAN,2026-08-31,0.23049973
a0WA000000JvLiwMAF,2026-08-31,0.18414035
a0WA000000JvLkTMAV,2026-08-31,0.68653816
a0WA000000JvPOyMAN,2026-08-31,0.5781283
a0WA000000JvlW6MAJ,2026-08-31,0.5150747
a0WA000000JvoL1MAJ,2026-08-31,0.07527285
a0WA000000JvvjyMAB,2026-08-31,0.056070346
a0WA000000KPVgPMAX,2026-08-31,0.17774509
a0WA000000KPWS5MAP,2026-08-31,0.060169443
a0WA000000KPWiPMAX,2026-08-31,0.51850927
a0WA000000KPWzNMAX,2026-08-31,0.1081774
a0WA000000KPX0zMAH,2026-08-31,0.10194512
a0WA000000KPX6kMAH,2026-08-31,0.10136382
a0WA000000KPXOPMA5,2026-08-31,0.49089903
a0WA000000KPXPrMAP,2026-08-31,0.28851447
a0WA000000KPXQQMA5,2026-08-31,0.7050341
a0WA000000KPYDWMA5,2026-08-31,0.2601071
a0WA000000KPZBdMAP,2026-08-31,0.10137392
a0WA000000KPZL7MAP,2026-08-31,0.28569117
a0WA000000KPZRGMA5,2026-08-31,0.69383234
a0WA000000KPZRQMA5,2026-08-31,0.257155
a0WA000000KPZRVMA5,2026-08-31,0.038221408
a0WA000000KPZSCMA5,2026-08-31,0.7487227
a0WA000000KPZYhMAP,2026-08-31,0.46774948
a0WA000000KPZdbMAH,2026-08-31,0.05907967
a0WA000000KPZz0MAH,2026-08-31,0.078692876
a0WOG0000000Ky12AE,2026-08-31,0.16726248
a0WOG0000000OlV2AU,2026-08-31,0.05049366
a0WOG0000000Qde2AE,2026-08-31,0.8974145
a0WOG0000000Rhm2AE,2026-08-31,0.12348435
a0WOG0000000VBt2AM,2026-08-31,0.033991884
a0WOG0000000Vv32AE,2026-08-31,0.12393084
a0WOG0000000hL72AI,2026-08-31,0.21363284
a0WOG0000000iXJ2AY,2026-08-31,0.31329018
a0WOG0000000kKb2AI,2026-08-31,0.8151305
a0WOG0000000lAD2AY,2026-08-31,0.1595246
a0WOG0000000mRF2AY,2026-08-31,0.09208998
a0WOG0000000plh2AA,2026-08-31,0.7229639
a0WOG000000113i2AA,2026-08-31,0.16761859
a0WOG00000015Lp2AI,2026-08-31,0.18546884
a0WOG00000019Av2AI,2026-08-31,0.123939715
a0WOG0000001A0X2AU,2026-08-31,0.248094
a0WOG0000001LqP2AU,2026-08-31,0.39115572
a0WOG0000001NLx2AM,2026-08-31,0.27767408
a0WOG0000001ZDR2A2,2026-08-31,0.4502827
a0WOG0000001ZF32AM,2026-08-31,0.055109445
a0WOG0000001fU92AI,2026-08-31,0.50868523
a0WOG0000001qPZ2AY,2026-08-31,0.4824707
a0WOG0000001wzd2AA,2026-08-31,0.36442098
a0WOG00000021012AA,2026-08-31,0.102951
a0WOG00000021jB2AQ,2026-08-31,0.9190162
a0WOG00000021zJ2AQ,2026-08-31,0.42255664
a0WOG00000022P72AI,2026-08-31,0.9098185
a0WOG00000024Qw2AI,2026-08-31,0.16274506
a0WOG0000002Fe52AE,2026-08-31,0.88967294
a0WOG0000002J9p2AE,2026-08-31,0.21757641
a0WOG0000002Rdd2AE,2026-08-31,0.3623786
a0WOG0000002Skz2AE,2026-08-31,0.3609861
a0WOG0000002TCP2A2,2026-08-31,0.1375075
a0WOG0000002UYH2A2,2026-08-31,0.8944087
a0WOG0000002ghV2AQ,2026-08-31,0.9204842
a0WOG0000002h0r2AA,2026-08-31,0.11989656
a0WOG0000002hwv2AA,2026-08-31,0.11649632
a0WOG0000002pJN2AY,2026-08-31,0.30412772
a0WOG0000003Djt2AE,2026-08-31,0.2539339
a0WOG0000003H4L2AU,2026-08-31,0.79474205
a0WOG0000003OYr2AM,2026-08-31,0.87039286
a0WOG0000003Sz32AE,2026-08-31,0.047906153
a0WOG0000003Yzd2AE,2026-08-31,0.7951426
a0WOG0000003ai52AA,2026-08-31,0.1366795
a0WOG0000003b7t2AA,2026-08-31,0.254457
a0WOG0000003nx32AA,2026-08-31,0.054760315
a0WOG0000003rKj2AI,2026-08-31,0.29220948
a0WOG0000003uDl2AI,2026-08-31,0.17276661
a0WOG00000046q12AA,2026-08-31,0.14415
a0WOG0000004DwL2AU,2026-08-31,0.34338403
a0WOG0000004EKX2A2,2026-08-31,0.11698335
a0WOG0000004FBl2AM,2026-08-31,0.7386316
a0WOG0000004UxB2AU,2026-08-31,0.112372816
a0WOG0000004aT72AI,2026-08-31,0.122808665
a0WOG0000004hO92AI,2026-08-31,0.7799023
a0WOG0000004wJy2AI,2026-08-31,0.06821527
a0WOG00000057452AA,2026-08-31,0.76668733
a0WOG0000005DO12AM,2026-08-31,0.063361466
a0WOG0000005E7B2AU,2026-08-31,0.034134336
a0WOG0000005Ffx2AE,2026-08-31,0.5750659
a0WOG0000005K2v2AE,2026-08-31,0.78524727
a0WOG0000005PCH2A2,2026-08-31,0.8875548
a0WOG0000005fCD2AY,2026-08-31,0.4710803
a0WOG0000005fFR2AY,2026-08-31,0.56456614
a0WOG0000005oYr2AI,2026-08-31,0.04301438
a0WOG00000062AP2AY,2026-08-31,0.04670607
a0WOG00000067zh2AA,2026-08-31,0.6362936
a0WOG00000069qD2AQ,2026-08-31,0.09196486
a0WOG0000006E572AE,2026-08-31,0.13293853
a0WOG0000006FIv2AM,2026-08-31,0.40799996
a0WOG0000006HXd2AM,2026-08-31,0.066034116
a0WOG0000006K7J2AU,2026-08-31,0.731076
a0WOG0000006SJN2A2,2026-08-31,0.1005587
a0WOG000000A7wH2AS,2026-08-31,0.621089
a0WOG000000A82j2AC,2026-08-31,0.11717845
a0WOG000000A8Qv2AK,2026-08-31,0.6901601
a0WOG000000ALPl2AO,2026-08-31,0.6651009
a0WOG000000AM0s2AG,2026-08-31,0.19164044
a0WOG000000AMiP2AW,2026-08-31,0.7672029
a0WOG000000AOXJ2A4,2026-08-31,0.4790232
a0WOG000000AQ7h2AG,2026-08-31,0.20605995
a0WOG000000AaGj2AK,2026-08-31,0.3346879
a0WOG000000AiW12AK,2026-08-31,0.5051054
a0WOG000000AqgT2AS,2026-08-31,0.46502292
a0WOG000000Aqi52AC,2026-08-31,0.7661504
a0WOG000000AtPp2AK,2026-08-31,0.3870746
a0WOG000000B1SD2A0,2026-08-31,0.6294329
a0WOG000000B5kM2AS,2026-08-31,0.080249794
a0WOG000000B85V2AS,2026-08-31,0.23031346
a0WOG000000BGJC2A4,2026-08-31,0.16818182
a0WOG000000BJlh2AG,2026-08-31,0.23757118
a0WOG000000BJwz2AG,2026-08-31,0.10944584
a0WOG000000BK3R2AW,2026-08-31,0.07437141
a0WOG000000BNkU2AW,2026-08-31,0.4270155
a0WOG000000BNu92AG,2026-08-31,0.0626208
a0WOG000000BXWv2AO,2026-08-31,0.3881734
a0WOG000000BXez2AG,2026-08-31,0.26246074
a0WOG000000BXjp2AG,2026-08-31,0.38138637
a0WOG000000BXof2AG,2026-08-31,0.39146537
a0WOG000000BYBF2A4,2026-08-31,0.11803897
a0WOG000000BiDp2AK,2026-08-31,0.8677442
a0WOG000000BtxF2AS,2026-08-31,0.6962723
a0WOG000000CAWf2AO,2026-08-31,0.102087766
a0WOG000000CBqv2AG,2026-08-31,0.2880325
a0WOG000000CJA92AO,2026-08-31,0.15841947
a0WOG000000CbJx2AK,2026-08-31,0.41869813
a0WOG000000Ciy92AC,2026-08-31,0.11983871
a0WOG000000CnOL2A0,2026-08-31,0.26037624
a0WOG000000Cp1x2AC,2026-08-31,0.10970663
a0WOG000000CsmD2AS,2026-08-31,0.56580216
a0WOG000000CtK52AK,2026-08-31,0.8841208
a0WOG000000Cwxt2AC,2026-08-31,0.7078379
a0WOG000000D8RB2A0,2026-08-31,0.090112835
a0WOG000000DBYk2AO,2026-08-31,0.43104902
a0WOG000000DBfB2AW,2026-08-31,0.24442428
a0WOG000000DBk22AG,2026-08-31,0.12274677
a0WOG000000DBqT2AW,2026-08-31,0.40696138
a0WOG000000DBs52AG,2026-08-31,0.6632316
a0WOG000000DBti2AG,2026-08-31,0.52567834
a0WOG000000DC092AG,2026-08-31,0.0865709
a0WOG000000FCnF2AW,2026-08-31,0.6386772
a0WOG000000FdAj2AK,2026-08-31,0.28569725
a0WOG000000FdDx2AK,2026-08-31,0.16912524
a0WOG000000Fp0b2AC,2026-08-31,0.07774615
a0WOG000000Fqcb2AC,2026-08-31,0.07205927
a0WOG000000G5Oj2AK,2026-08-31,0.93239796
a0WOG000000GM9S2AW,2026-08-31,0.20914124
a0WOG000000GVCj2AO,2026-08-31,0.097607136
a0WOG000000Gicz2AC,2026-08-31,0.5977386
a0WOG000000GizZ2AS,2026-08-31,0.27231142
a0WOG000000Gq5u2AC,2026-08-31,0.032742076
a0WOG000000H0bV2AS,2026-08-31,0.31158307
a0WOG000000H0oP2AS,2026-08-31,0.6152197
a0WOG000000H6U12AK,2026-08-31,0.09798766
a0WOG000000HDAX2A4,2026-08-31,0.42187473
a0WOG000000I1or2AC,2026-08-31,0.057407375
a0WOG000000I2JV2A0,2026-08-31,0.40242913
a0WOG000000I3M12AK,2026-08-31,0.094383694
a0WOG000000I5m12AC,2026-08-31,0.12393084
a0WOG000000I80j2AC,2026-08-31,0.6413492
a0WOG000000IEkT2AW,2026-08-31,0.08186069
a0WOG000000IIuY2AW,2026-08-31,0.21711023
a0WOG000000IUpF2AW,2026-08-31,0.05266177
a0WOG000000Idm52AC,2026-08-31,0.043040972
a0WOG000000OIwf2AG,2026-08-31,0.5218349
a0WOG000000OKC72AO,2026-08-31,0.10315881
a0WOG000000OMIj2AO,2026-08-31,0.33275154
a0WOG000000OOyr2AG,2026-08-31,0.5387384
a0WOG000000OhOn2AK,2026-08-31,0.30917278
a0WOG000000OkPt2AK,2026-08-31,0.051913533
a0WOG000000OmJd2AK,2026-08-31,0.20068863
a0WOG000000OobZ2AS,2026-08-31,0.07314655
a0WOG000000OzKA2A0,2026-08-31,0.7974551
a0WOG000000P3h32AC,2026-08-31,0.116207466
a0WOG000000PI092AG,2026-08-31,0.55139756
a0WOG000000PJ5t2AG,2026-08-31,0.77121043
a0WOG000000PKht2AG,2026-08-31,0.8699814
a0WOG000000PKrZ2AW,2026-08-31,0.49781904
a0WOG000000PKzd2AG,2026-08-31,0.5601489
a0WOG000000PL4T2AW,2026-08-31,0.5295447
a0WOG000000PNe92AG,2026-08-31,0.1886617
a0WOG000000PYMf2AO,2026-08-31,0.45664784
a0WOG000000PZ2b2AG,2026-08-31,0.11757834
a0WOG000000Pauj2AC,2026-08-31,0.23984735
a0WOG000000PcN32AK,2026-08-31,0.100243695
a0WOG000000Pev72AC,2026-08-31,0.60804766
a0WOG000000Plwc2AC,2026-08-31,0.37150842
a0WOG000000Px892AC,2026-08-31,0.54890805
a0WOG000000PyvR2AS,2026-08-31,0.18326801
a0WOG000000Pyyg2AC,2026-08-31,0.26247695
a0WOG000000Q5SH2A0,2026-08-31,0.63217777
a0WOG000000Q69p2AC,2026-08-31,0.24498782
a0WOG000000Q7x72AC,2026-08-31,0.43836
a0WOG000000ZQUH2A4,2026-08-31,0.41135138
a0WOG000000ZQVt2AO,2026-08-31,0.84988207
a0WOG000000ZzVF2A0,2026-08-31,0.55118847
a0WOG000000ZztR2AS,2026-08-31,0.18635271
a0WOG000000a01V2AQ,2026-08-31,0.35907537
a0WOG000000a09Z2AQ,2026-08-31,0.12759839
a0WOG000000a52n2AA,2026-08-31,0.055182055
a0WOG000000aGfl2AE,2026-08-31,0.23002413
a0WOG000000aGiz2AE,2026-08-31,0.43988994
a0WOG000000aGxV2AU,2026-08-31,0.12538062
a0WOG000000aU1B2AU,2026-08-31,0.337593
a0WOG000000aUZ32AM,2026-08-31,0.7168417
a0WOG000000aV0T2AU,2026-08-31,0.21418232
a0WOG000000aWB32AM,2026-08-31,0.12852237
a0WOG000000aZfB2AU,2026-08-31,0.17038135
a0WOG000000abqf2AA,2026-08-31,0.37409177
a0WOG000000aezp2AA,2026-08-31,0.117355935
a0WOG000000axG62AI,2026-08-31,0.053093363
a0WOG000000b5Lh2AI,2026-08-31,0.13296473
a0WOG000000bFxl2AE,2026-08-31,0.75885403
a0WOG000000bG2b2AE,2026-08-31,0.93732166
a0WOG000000bH572AE,2026-08-31,0.4247261
a0WOG000000bULh2AM,2026-08-31,0.24134612
a0WOG000000bXJZ2A2,2026-08-31,0.08570735
a0WOG000000bahF2AQ,2026-08-31,0.1859213
a0WOG000000bktV2AQ,2026-08-31,0.08940469
a0WOG000000bmnF2AQ,2026-08-31,0.1706042
a0WOG000000boyj2AA,2026-08-31,0.86103183
a0WOG000000bpeg2AA,2026-08-31,0.14920793
a0WOG000000bsW52AI,2026-08-31,0.28601184
a0WOG000000bucj2AA,2026-08-31,0.84412944
a0WOG000000bx2m2AA,2026-08-31,0.077678576
a0WOG000000c0dJ2AQ,2026-08-31,0.04017762
a0WOG000000c2SD2AY,2026-08-31,0.29336944
a0WOG000000cGJt2AM,2026-08-31,0.052604098
a0WOG000000cGWn2AM,2026-08-31,0.14723226
a0WOG000000cGdF2AU,2026-08-31,0.05115941
a0WOG000000cNgL2AU,2026-08-31,0.6907013
a0WOG000000cVlx2AE,2026-08-31,0.07539665
a0WOG000000ceCY2AY,2026-08-31,0.43626317
a0WOG000000cgW52AI,2026-08-31,0.09551782
a0WOG000000co0b2AA,2026-08-31,0.4662173
a0WOG000000cr3J2AQ,2026-08-31,0.18451145
a0WOG000000cyzF2AQ,2026-08-31,0.13888387
a0WOG000000cz0r2AA,2026-08-31,0.16249321
a0WOG000000cz2T2AQ,2026-08-31,0.305122
a0WOG000000cz452AA,2026-08-31,0.076550126
a0WOG000000czDl2AI,2026-08-31,0.372509
a0WOG000000d5EL2AY,2026-08-31,0.82832736
a0WOG000000fhFV2AY,2026-08-31,0.09980098
a0WOG000000fhH72AI,2026-08-31,0.37854338
a0WOG000000fhPB2AY,2026-08-31,0.29384133
a0WOG000000fhQn2AI,2026-08-31,0.1138332
a0WOG000000fhSP2AY,2026-08-31,0.12891698
a0WOG000000fhc52AA,2026-08-31,0.10855549
a0WOG000000fiRh2AI,2026-08-31,0.23103894
a0WOG000000firV2AQ,2026-08-31,0.8667891
a0WOG000000fiwL2AQ,2026-08-31,0.8883452
a0WOG000000fizZ2AQ,2026-08-31,0.10368251
a0WOG000000gE3N2AU,2026-08-31,0.24921939
a0WOG000000gEUn2AM,2026-08-31,0.14706224
a0WOG000000gEeT2AU,2026-08-31,0.1888041
a0WOG000000gG6n2AE,2026-08-31,0.42740846
a0WOG000000gQir2AE,2026-08-31,0.084613875
a0WOG000000gQvl2AE,2026-08-31,0.57772523
a0WOG000000gSfp2AE,2026-08-31,0.095932424
a0WOG000000gXkM2AU,2026-08-31,0.4034848
a0WOG000000gYy92AE,2026-08-31,0.08681252
a0WOG000000gazx2AA,2026-08-31,0.8842483
a0WOG000000gj8n2AA,2026-08-31,0.09172494
a0WOG000000gjf42AA,2026-08-31,0.16731584
a0WOG000000gjlV2AQ,2026-08-31,0.12747353
a0WOG000000h1s52AA,2026-08-31,0.11151903
a0WOG000000h3ib2AA,2026-08-31,0.29845843
a0WOG000000h4A12AI,2026-08-31,0.08014457
a0WOG000000h4Jh2AI,2026-08-31,0.27540833
a0WOG000000h4YD2AY,2026-08-31,0.21074808
a0WOG000000hKLF2A2,2026-08-31,0.047355764
a0WOG000000hKl32AE,2026-08-31,0.5478852
a0WOG000000hOof2AE,2026-08-31,0.18101227
a0WOG000000hQaL2AU,2026-08-31,0.5193836
a0WOG000000hVmv2AE,2026-08-31,0.5260309
a0WOG000000hfBB2AY,2026-08-31,0.27477363
a0WOG000000hix32AA,2026-08-31,0.27437454
a0WOG000000hwVP2AY,2026-08-31,0.08618767
a0WOG000000i1zh2AA,2026-08-31,0.17951378
a0WOG000000i2ZB2AY,2026-08-31,0.10242869
a0WOG000000i2sX2AQ,2026-08-31,0.11749061
a0WOG000000iBxR2AU,2026-08-31,0.11797357
a0WOG000000iCAL2A2,2026-08-31,0.082494974
a0WOG000000iCgb2AE,2026-08-31,0.13720025
a0WOG000000iCwj2AE,2026-08-31,0.27012786
a0WOG000000iFrN2AU,2026-08-31,0.60429794
a0WOG000000iGCL2A2,2026-08-31,0.3188465
a0WOG000000iJWn2AM,2026-08-31,0.11400381
a0WOG000000iOD72AM,2026-08-31,0.09445419
a0WOG000000iQ5F2AU,2026-08-31,0.040289562
a0WOG000000iWll2AE,2026-08-31,0.34447974
a0WOG000000iapN2AQ,2026-08-31,0.042151924
a0WOG000000ibVJ2AY,2026-08-31,0.15758635
a0WOG000000ifFZ2AY,2026-08-31,0.7297748
a0WOG000000ihNp2AI,2026-08-31,0.087362975
a0WOG000000ikjt2AA,2026-08-31,0.69505805
a0WOG000000iv4D2AQ,2026-08-31,0.54160964
a0WOG000000izz32AA,2026-08-31,0.18115152
a0WOG000000j5d32AA,2026-08-31,0.31572822
a0WOG000000jEej2AE,2026-08-31,0.11592034
a0WOG000000jF1J2AU,2026-08-31,0.08220347
a0WOG000000jH1V2AU,2026-08-31,0.87779176
a0WOG000000jPOs2AM,2026-08-31,0.054410934
a0WOG000000jXFx2AM,2026-08-31,0.39326757
a0WOG000000jf8g2AA,2026-08-31,0.08386516
a0WOG000000jgKr2AI,2026-08-31,0.09543822
a0WOG000000jhNN2AY,2026-08-31,0.6767366
a0WOG000000ji6X2AQ,2026-08-31,0.50904804
a0WOG000000jnxR2AQ,2026-08-31,0.30604374
a0WOG000000jqQg2AI,2026-08-31,0.08637121
a0WOG000000jtrZ2AQ,2026-08-31,0.7502168
a0WOG000000jvq92AA,2026-08-31,0.1341522
a0WOG000000jxqL2AQ,2026-08-31,0.043513026
a0WOG000000k03R2AQ,2026-08-31,0.40081325
a0WOG000000k5pW2AQ,2026-08-31,0.80170774
a0WOG000000k7eP2AQ,2026-08-31,0.788174
a0WOG000000k8U12AI,2026-08-31,0.3509859
a0WOG000000k9bN2AQ,2026-08-31,0.08641888
a0WOG000000k9uj2AA,2026-08-31,0.12369341
a0WOG000000kBQH2A2,2026-08-31,0.11419156
a0WOG000000kCfh2AE,2026-08-31,0.93451846
a0WOG000000kFLp2AM,2026-08-31,0.7528501
a0WOG000000kG092AE,2026-08-31,0.40826067
a0WOG000000kG502AE,2026-08-31,0.10717919
a0WOG000000kHPF2A2,2026-08-31,0.08525484
a0WOG000000kHib2AE,2026-08-31,0.0460467
a0WOG000000kJyv2AE,2026-08-31,0.18313456
a0WOG000000kKJu2AM,2026-08-31,0.43425068
a0WOG000000kLSr2AM,2026-08-31,0.6209022
a0WOG000000kWT72AM,2026-08-31,0.50493973
a0WOG000000kWrJ2AU,2026-08-31,0.12752067
a0WOG000000kXqb2AE,2026-08-31,0.09150793
a0WOG000000kYLF2A2,2026-08-31,0.46902338
a0WOG000000kYcz2AE,2026-08-31,0.08952695
a0WOG000000kbCf2AI,2026-08-31,0.8748939
a0WOG000000kbXd2AI,2026-08-31,0.34672162
a0WOG000000kcv72AA,2026-08-31,0.12190876
a0WOG000000l8IH2AY,2026-08-31,0.6595139
a0WOG000000lDMp2AM,2026-08-31,0.59030485
a0WOG000000lDWT2A2,2026-08-31,0.042018615
a0WOG000000lDhl2AE,2026-08-31,0.03853353
a0WOG000000lDjN2AU,2026-08-31,0.078605935
a0WOG000000lDmb2AE,2026-08-31,0.62648475
a0WOG000000lDoD2AU,2026-08-31,0.23242421
a0WOG000000lDwH2AU,2026-08-31,0.0879565
a0WOG000000lDxt2AE,2026-08-31,0.039413393
a0WOG000000lE172AE,2026-08-31,0.06130208
a0WOG000000lE2j2AE,2026-08-31,0.58733445
a0WOG000000lE4L2AU,2026-08-31,0.090047546
a0WOG000000lGCb2AM,2026-08-31,0.38540706
a0WOG000000le8U2AQ,2026-08-31,0.087577134
a0WOG000000lk0z2AA,2026-08-31,0.06280345
a0WOG000000lkNa2AI,2026-08-31,0.056559253
a0WOG000000lnrh2AA,2026-08-31,0.27414045
a0WOG000006WEnZ2AW,2026-08-31,0.062680885
a0WOG000006WFID2A4,2026-08-31,0.041149464
a0WOG000006WKOL2A4,2026-08-31,0.7283327
a0WOG000006WQ3x2AG,2026-08-31,0.47372153
a0WOG000006WhMX2A0,2026-08-31,0.051371537
a0WOG000006XEYb2AO,2026-08-31,0.7791243
a0WOG000006XGgr2AG,2026-08-31,0.12620196
a0WOG000006XJy62AG,2026-08-31,0.8539155
a0WOG000006XJy72AG,2026-08-31,0.25133178
a0WOG000006XKcP2AW,2026-08-31,0.55227846
a0WOG000006XKfd2AG,2026-08-31,0.13636188
a0WOG000006XKnh2AG,2026-08-31,0.03714214
a0WOG000006XKpJ2AW,2026-08-31,0.87113404
a0WOG000006XKsX2AW,2026-08-31,0.88869697
a0WOG000006XKvl2AG,2026-08-31,0.43886268
a0WOG000006XKxN2AW,2026-08-31,0.14141104
a0WOG000006XPIj2AO,2026-08-31,0.42619592
a0WOG000006XQBZ2A4,2026-08-31,0.10002957
a0WOG000006XVRN2A4,2026-08-31,0.07927796
a0WOG000006XWYj2AO,2026-08-31,0.11014662
a0WOG000006XaXV2A0,2026-08-31,0.08433425
a0WOG000006XboX2AS,2026-08-31,0.8202423
a0WOG000006Xhab2AC,2026-08-31,0.5917
a0WOG000006XmiL2AS,2026-08-31,0.5491959
a0WOG000006Y9AH2A0,2026-08-31,0.9038261
a0WOG000006YaiM2AS,2026-08-31,0.22932181
a0WOG000006Yi3B2AS,2026-08-31,0.5262213
a0WOG000006Z01h2AC,2026-08-31,0.7199068
a0WOG000006ZBEs2AO,2026-08-31,0.14398897
a0WOG000006ZDdF2AW,2026-08-31,0.33091
a0WOG000006ZDgT2AW,2026-08-31,0.72862417
a0WOG000006ZGmP2AW,2026-08-31,0.2848148
a0WOG000006ZIEj2AO,2026-08-31,0.08563135
a0WOG000006ZRrV2AW,2026-08-31,0.7400388
a0WOG000006ZVBx2AO,2026-08-31,0.039820176
a0WOG000006ZVWv2AO,2026-08-31,0.7668133
a0WOG000006ZZQr2AO,2026-08-31,0.52267456
a0WOG000006ZbFl2AK,2026-08-31,0.7359996
a0WOG000006ZjA62AK,2026-08-31,0.3749939
a0WOG000006aEfJ2AU,2026-08-31,0.66978943
a0WOG000006aR7t2AE,2026-08-31,0.20715198
a0WOG000006aRuH2AU,2026-08-31,0.8735822
a0WOG000006aT6T2AU,2026-08-31,0.5039107
a0WOG000006aU6F2AU,2026-08-31,0.09284445
a0WOG000006agWj2AI,2026-08-31,0.7003888
a0WOG000006ah2z2AA,2026-08-31,0.47153723
a0WOG000006as852AA,2026-08-31,0.43208215
a0WOG000006asUf2AI,2026-08-31,0.8721633
a0WOG000006bc652AA,2026-08-31,0.055343375
a0WOG000006bnCo2AI,2026-08-31,0.12278094
a0WOG000006c3fl2AA,2026-08-31,0.056982152
a0WOG000006c9q12AA,2026-08-31,0.047342304
a0WOG000006cAm52AE,2026-08-31,0.53999436
a0WOG000006cDon2AE,2026-08-31,0.49856955
a0WOG000006cE892AE,2026-08-31,0.23765372
a0WOG000006cGZm2AM,2026-08-31,0.08560365
a0WOG000006cH7d2AE,2026-08-31,0.10256541
a0WOG000006cHcH2AU,2026-08-31,0.10759985
a0WOG000006cIQH2A2,2026-08-31,0.20569074
a0WOG000006cTlV2AU,2026-08-31,0.17191954
a0WOG000006cmL82AI,2026-08-31,0.38490298
a0WOG000006dnv32AA,2026-08-31,0.040569153
a0WOG000006dq1h2AA,2026-08-31,0.27534205
a0WOG000006e8Y52AI,2026-08-31,0.08788976
a0WOG000006e8Zh2AI,2026-08-31,0.5839338
a0WOG000006e8pp2AA,2026-08-31,0.04373295
a0WOG000006e94L2AQ,2026-08-31,0.18218479
a0WOG000006eALN2A2,2026-08-31,0.3584526
a0WOG000006eAjZ2AU,2026-08-31,0.09662972
a0WOG000006eG2b2AE,2026-08-31,0.745356
a0WOG000006eIKX2A2,2026-08-31,0.076071106
a0WOG000006eKnl2AE,2026-08-31,0.6205575
a0WOG000006eLiD2AU,2026-08-31,0.15329735
a0WOG000006eNVW2A2,2026-08-31,0.43393394
a0WOG000006eOoA2AU,2026-08-31,0.1588539
a0WOG000006eP4H2AU,2026-08-31,0.03448074
a0WOG000006eRKb2AM,2026-08-31,0.32789707
a0WOG000006eUYb2AM,2026-08-31,0.8650692
a0WOG000006eVCv2AM,2026-08-31,0.4154006
a0WOG000006eVrF2AU,2026-08-31,0.3387973
a0WOG000006eapJ2AQ,2026-08-31,0.90077484
a0WOG000006egLF2AY,2026-08-31,0.079439335
a0WOG000006epRl2AI,2026-08-31,0.2049409
a0WOG000006f00b2AA,2026-08-31,0.41123208
a0WOG000006fAG52AM,2026-08-31,0.4234815
a0WOG000006fB7J2AU,2026-08-31,0.83079743
a0WOG000006fCGH2A2,2026-08-31,0.27774104
a0WOG000006fCxp2AE,2026-08-31,0.06692784
a0WOG000006fScn2AE,2026-08-31,0.07856057
a0WOG000006fT932AE,2026-08-31,0.19025418
a0WOG000006fTU12AM,2026-08-31,0.8734919
a0WOG000006fd0L2AQ,2026-08-31,0.72439075
a0WOG000006ff2A2AQ,2026-08-31,0.9328507
a0WOG000006fh2M2AQ,2026-08-31,0.15932375
a0WOG000006fq0n2AA,2026-08-31,0.23148806
a0WOG000006fzYj2AI,2026-08-31,0.6961622
a0WOG000006g8gr2AA,2026-08-31,0.33471712
a0WOG000006gIcz2AE,2026-08-31,0.05151386
a0WOG000006gJyr2AE,2026-08-31,0.5082971
a0WOG000006gLnl2AE,2026-08-31,0.05880017
a0WOG000006gP4z2AE,2026-08-31,0.07879738
a0WOG000006gP9p2AE,2026-08-31,0.14027187
a0WOG000006gPbF2AU,2026-08-31,0.18006983
a0WOG000006gPcr2AE,2026-08-31,0.87248147
a0WOG000006gPeT2AU,2026-08-31,0.89640987
a0WOG000006gPg52AE,2026-08-31,0.84944814
a0WOG000006lAQI2A2,2026-08-31,0.27084807
a0WOG000006lBW12AM,2026-08-31,0.16306604
a0WOG000006lBar2AE,2026-08-31,0.15386367
a0WOG000006lBkX2AU,2026-08-31,0.36259294
a0WOG000006lETt2AM,2026-08-31,0.21021608
a0WOG000006lG4H2AU,2026-08-31,0.07835267
a0WOG000006lG5t2AE,2026-08-31,0.54300034
a0WOG000006lKHZ2A2,2026-08-31,0.7683059
a0WOG000006lhhC2AQ,2026-08-31,0.8063132
a0WOG000006lqED2AY,2026-08-31,0.84435916
a0WOG000006lwrV2AQ,2026-08-31,0.60676557
a0WOG000006lxdt2AA,2026-08-31,0.81328386
a0WOG000006lyZx2AI,2026-08-31,0.10006609
a0WOG000006lyjd2AA,2026-08-31,0.66103464
a0WOG000006m1pZ2AQ,2026-08-31,0.047303773
a0WOG000006m7Ok2AI,2026-08-31,0.68366414
a0WOG000006m8aw2AA,2026-08-31,0.0869854
a0WOG000006m9gf2AA,2026-08-31,0.48759264
a0WOG000006m9yP2AQ,2026-08-31,0.15553965
a0WOG000006mA4r2AE,2026-08-31,0.07032278
a0WOG000006mAOD2A2,2026-08-31,0.60377514
a0WOG000006mE6r2AE,2026-08-31,0.4709347
a0WOG000006mHcc2AE,2026-08-31,0.90485436
a0WOG000006mI2P2AU,2026-08-31,0.3432487
a0WOG000006mIFJ2A2,2026-08-31,0.7409418
a0WOG000006mISD2A2,2026-08-31,0.266337
a0WOG000006mJcn2AE,2026-08-31,0.9124732
a0WOG000006mKdh2AE,2026-08-31,0.82322073
a0WOG000006mMlx2AE,2026-08-31,0.09514436
a0WOG000006mNba2AE,2026-08-31,0.70855105
a0WOG000006mNjd2AE,2026-08-31,0.619283
a0WOG000006mPBx2AM,2026-08-31,0.14290468
a0WOG000006mRSH2A2,2026-08-31,0.4350667
a0WOG000006mSWP2A2,2026-08-31,0.1776033
a0WOG000006mSpl2AE,2026-08-31,0.78471065
a0WOG000006mTM22AM,2026-08-31,0.088662654
a0WOG000006mjaT2AQ,2026-08-31,0.18311784
a0WOG000006mk0H2AQ,2026-08-31,0.1634032
a0WOG000006mmgQ2AQ,2026-08-31,0.11961003
a0WOG000006mnJ72AI,2026-08-31,0.8803746
a0WOG000006mnMM2AY,2026-08-31,0.4168649
a0WOG000006mnvp2AA,2026-08-31,0.035564248
a0WOG000006mrY32AI,2026-08-31,0.055395063
a0WOG000006mwPd2AI,2026-08-31,0.27338377
a0WOG000006mwr32AA,2026-08-31,0.04149634
a0WOG000006mxbq2AA,2026-08-31,0.51793694
a0WOG000006mxlV2AQ,2026-08-31,0.19038822
a0WOG000006mxwn2AA,2026-08-31,0.17917572
a0WOG000006mxyP2AQ,2026-08-31,0.9016599
a0WOG000006mzXB2AY,2026-08-31,0.08344152
a0WOG000006n1tx2AA,2026-08-31,0.20893736
a0WOG000006n3ED2AY,2026-08-31,0.17821202
a0WOG000006n3u92AA,2026-08-31,0.06746211
a0WOG000006n4a52AA,2026-08-31,0.46931902
a0WOG000006n4dJ2AQ,2026-08-31,0.11311385
a0WOG000006n5hR2AQ,2026-08-31,0.30127007
a0WOG000006n7jF2AQ,2026-08-31,0.7706403
a0WOG000006n7o52AA,2026-08-31,0.25163907
a0WOG000006nJhB2AU,2026-08-31,0.37420255
a0WOG000006nZpB2AU,2026-08-31,0.717124
a0WOG000006nn492AA,2026-08-31,0.85162115
a0WOG000006nqtF2AQ,2026-08-31,0.20605035
a0WOG000006nrcP2AQ,2026-08-31,0.6602404
a0WOG000006nsF72AI,2026-08-31,0.74743944
a0WOG000006nsv32AA,2026-08-31,0.08057381
a0WOG000006nu2P2AQ,2026-08-31,0.575195
a0WOG000006nuTq2AI,2026-08-31,0.33086553
a0WOG000006nulZ2AQ,2026-08-31,0.89563686
a0WOG000006nuon2AA,2026-08-31,0.047285266
a0WOG000006nuyT2AQ,2026-08-31,0.049951542
a0WOG000006nv1h2AA,2026-08-31,0.16677533
a0WOG000006nv4v2AA,2026-08-31,0.8750238
a0WOG000006nv6X2AQ,2026-08-31,0.50332665
a0WOG000006nv892AA,2026-08-31,0.372558
a0WOG000006nv9l2AA,2026-08-31,0.48628384
a0WOG000006nwc52AA,2026-08-31,0.26682565
a0WOG000006nyij2AA,2026-08-31,0.08170356
a0WOG000006nyys2AA,2026-08-31,0.7526892
a0WOG000006o0J82AI,2026-08-31,0.4881651
a0WOG000006o0z32AA,2026-08-31,0.24188744
a0WOG000006o1iD2AQ,2026-08-31,0.22850981
a0WOG000006o3aL2AQ,2026-08-31,0.18632613
a0WOG000006o4BR2AY,2026-08-31,0.3613614
a0WOG000006o4OL2AY,2026-08-31,0.71855605
a0WOG000006o7J12AI,2026-08-31,0.332935
a0WOG000006o9Hb2AI,2026-08-31,0.685296
a0WOG000006oBMb2AM,2026-08-31,0.28488585
a0WOG000006oC8z2AE,2026-08-31,0.75686896
a0WOG000006oN2n2AE,2026-08-31,0.18215854
a0WOG000006oUQr2AM,2026-08-31,0.1111157
a0WOG000006oWip2AE,2026-08-31,0.39658743
a0WOG000006obKH2AY,2026-08-31,0.7452187
a0WOG000006vfZF2AY,2026-08-31,0.04985365
a0WOG000006viIb2AI,2026-08-31,0.180848
a0WOG000006vm7h2AA,2026-08-31,0.7587166
a0WOG000006vnmx2AA,2026-08-31,0.30588588
a0WOG000006vosf2AA,2026-08-31,0.085739605
a0WOG000006vqmP2AQ,2026-08-31,0.14425203
a0WOG000006vrH32AI,2026-08-31,0.6902676
a0WOG000006vuLN2AY,2026-08-31,0.7729481
a0WOG000006vwAH2AY,2026-08-31,0.06095231
a0WOG000006vxeD2AQ,2026-08-31,0.41745287
a0WOG000006vxpV2AQ,2026-08-31,0.9098957
a0WOG000006wBFm2AM,2026-08-31,0.33731845
a0WOG000006wDXh2AM,2026-08-31,0.103146374
a0WOG000006wDr32AE,2026-08-31,0.69591695
a0WOG000006wEoj2AE,2026-08-31,0.079439335
a0WOG000006wFfx2AE,2026-08-31,0.4397057
a0WOG000006wG7N2AU,2026-08-31,0.03874163
a0WOG000006wGCD2A2,2026-08-31,0.72491044
a0WOG000006wJJl2AM,2026-08-31,0.7042788
a0WOG000006wJV32AM,2026-08-31,0.1628148
a0WOG000006wK4X2AU,2026-08-31,0.82946527
a0WOG000006wKyz2AE,2026-08-31,0.2737381
a0WOG000006wLBt2AM,2026-08-31,0.074289985
a0WOG000006wMRL2A2,2026-08-31,0.741454
a0WOG000006wNbt2AE,2026-08-31,0.49547935
a0WOG000006wPCH2A2,2026-08-31,0.12393084
a0WOG000006wSV72AM,2026-08-31,0.11272056
a0WOG000006wZ5B2AU,2026-08-31,0.30412713
a0WOG000006wcpS2AQ,2026-08-31,0.4360305
a0WOG000006wj692AA,2026-08-31,0.16797702
a0WOG000006wmws2AA,2026-08-31,0.49875963
a0WOG000006wqyr2AA,2026-08-31,0.06906639
a0WOG000006x2Wz2AI,2026-08-31,0.8879118
a0WOG000006x3WH2AY,2026-08-31,0.11474931
a0WOG000006x4tl2AA,2026-08-31,0.3610399
a0WOG000006x8m52AA,2026-08-31,0.3588209
a0WOG000006x8qv2AA,2026-08-31,0.08550257
a0WOG000006xBNN2A2,2026-08-31,0.22140522
a0WOG000006xBiL2AU,2026-08-31,0.07734523
a0WOG000006xBvF2AU,2026-08-31,0.79365313
a0WOG000006xCZZ2A2,2026-08-31,0.27389455
a0WOG000006xDDt2AM,2026-08-31,0.22972101
a0WOG000006xNEr2AM,2026-08-31,0.26749617
a0WOG000006xQfm2AE,2026-08-31,0.06972568
a0WOG000006xVNh2AM,2026-08-31,0.07209458
a0WOG000006xZ4k2AE,2026-08-31,0.71114886
a0WOG000006xfgP2AQ,2026-08-31,0.47484478
a0WOG000006xgkX2AQ,2026-08-31,0.14799044
a0WOG000006xicf2AA,2026-08-31,0.6509094
a0WOG000006xjfB2AQ,2026-08-31,0.07678535
a0WOG000006xjgn2AA,2026-08-31,0.074139036
a0WOG000006xkWP2AY,2026-08-31,0.6118258
a0WOG000006xl2g2AA,2026-08-31,0.31884924
a0WOG000006xlVh2AI,2026-08-31,0.13511229
a0WOG000006xm3Z2AQ,2026-08-31,0.43493757
a0WOG000006xmBd2AI,2026-08-31,0.22899358
a0WOG000006xmef2AA,2026-08-31,0.54995227
a0WOG000006xo8b2AA,2026-08-31,0.074203126
a0WOG000006xqGr2AI,2026-08-31,0.04204382
a0WOG000006xqdR2AQ,2026-08-31,0.38501576
a0WOG000006xsQk2AI,2026-08-31,0.113842964
a0WOG000006xslh2AA,2026-08-31,0.46836165
a0WOG000006xu7Z2AQ,2026-08-31,0.24661256
a0WOG000006xvOb2AI,2026-08-31,0.16120033
a0WOG000006xvgM2AQ,2026-08-31,0.23170933
a0WOG000006xwxO2AQ,2026-08-31,0.07878154
a0WOG000006xxbh2AA,2026-08-31,0.22020358
a0WOG000006xxv32AA,2026-08-31,0.11750573
a0WOG000006xyUX2AY,2026-08-31,0.08107258
a0WOG000006xzYf2AI,2026-08-31,0.35617748
a0WOG000006y1Ly2AI,2026-08-31,0.5451303
a0WOG000006y1Qn2AI,2026-08-31,0.2898209
a0WOG000006y1Yr2AI,2026-08-31,0.47573432
a0WOG000006y2jR2AQ,2026-08-31,0.11031358
a0WOG000006y3CT2AY,2026-08-31,0.13112903
a0WOG000006y3kL2AQ,2026-08-31,0.08924747
a0WOG000006y4lF2AQ,2026-08-31,0.087577134
a0WOG000006yAfN2AU,2026-08-31,0.51515603
a0WOG000006yEnp2AE,2026-08-31,0.8444617
a0WOG000006yFTl2AM,2026-08-31,0.10001386
a0WOG000006yK6r2AE,2026-08-31,0.10961738
a0WOG000006yL2v2AE,2026-08-31,0.045800272
a0WOG000006yLsa2AE,2026-08-31,0.1339792
a0WOG000006yNO52AM,2026-08-31,0.54763985
a0WOG000006yNmJ2AU,2026-08-31,0.18864945
a0WOG000006yOLm2AM,2026-08-31,0.2671271
a0WOG000006yTDO2A2,2026-08-31,0.08070028
a0WOG000006yV2H2AU,2026-08-31,0.7726576
a0WOG000006yX5h2AE,2026-08-31,0.24234273
a0WOG000006yX7J2AU,2026-08-31,0.40686288
a0WOG000006yYJW2A2,2026-08-31,0.33716226
a0WOG000006yZib2AE,2026-08-31,0.54839796
a0WOG000006yb1F2AQ,2026-08-31,0.3889692
a0WOG000006yctN2AQ,2026-08-31,0.1437902
a0WOG000006yd332AA,2026-08-31,0.070001155
a0WOG000006yfG92AI,2026-08-31,0.76346374
a0WOG000006ygfF2AQ,2026-08-31,0.89077884
a0WOG000006yiE12AI,2026-08-31,0.5098021
a0WOG000006ytSn2AI,2026-08-31,0.15822762
a0WOG000006z1tN2AQ,2026-08-31,0.34295633
a0WOG000006z3rx2AA,2026-08-31,0.482755
a0WOG000006z5qa2AA,2026-08-31,0.061444156
a0WOG000006z9J32AI,2026-08-31,0.57035756
a0WOG000006zBG12AM,2026-08-31,0.9012748
a0WOG000006zCaH2AU,2026-08-31,0.19810326
a0WOG000006zEDt2AM,2026-08-31,0.41224283
a0WOG000006zEQn2AM,2026-08-31,0.33304304
a0WOG000006zF0H2AU,2026-08-31,0.15235148
a0WOG000006zN7V2AU,2026-08-31,0.07561725
a0WOG000006zOpx2AE,2026-08-31,0.06876034
a0WOG000006zSK52AM,2026-08-31,0.45877087
a0WOG000006zTHl2AM,2026-08-31,0.2914122
a0WOG000006zUIf2AM,2026-08-31,0.7753599
a0WOG000006zWkH2AU,2026-08-31,0.1303364
a0WOG000006zXbV2AU,2026-08-31,0.1856238
a0WOG000006za7x2AA,2026-08-31,0.70111334
a0WOG000006zaHd2AI,2026-08-31,0.05012671
a0WOG000006zb5d2AA,2026-08-31,0.8335671
a0WOG000006zbOz2AI,2026-08-31,0.8607726
a0WOG000006zcBN2AY,2026-08-31,0.07564748
a0WOG000006zd2b2AA,2026-08-31,0.79582804
a0WOG000006zfsP2AQ,2026-08-31,0.66776127
a0WOG000006zg0T2AQ,2026-08-31,0.16110429
a0WOG000006zj9d2AA,2026-08-31,0.39399028
a0WOG000006zjWD2AY,2026-08-31,0.071029924
a0WOG000006zkth2AA,2026-08-31,0.055395063
a0WOG000006zuUr2AI,2026-08-31,0.85953605
a0WOG0000071PoL2AU,2026-08-31,0.08924442
a0WOG0000071RoX2AU,2026-08-31,0.091221884
a0WOG0000071Ukn2AE,2026-08-31,0.14238125
a0WOG0000071UzJ2AU,2026-08-31,0.59380054
a0WOG0000071Vtl2AE,2026-08-31,0.3628408
a0WOG0000071X9B2AU,2026-08-31,0.8181403
a0WOG0000071eYr2AI,2026-08-31,0.42107424
a0WOG0000071inl2AA,2026-08-31,0.83475006
a0WOG0000071lTt2AI,2026-08-31,0.68316483
a0WOG0000071mbF2AQ,2026-08-31,0.31230643
a0WOG0000071mub2AA,2026-08-31,0.09205173
a0WOG0000071ntt2AA,2026-08-31,0.072079495
a0WOG0000071o8P2AQ,2026-08-31,0.44716844
a0WOG0000071r6H2AQ,2026-08-31,0.8392305
a0WOG0000071s3z2AA,2026-08-31,0.09780502
a0WOG0000071s7B2AQ,2026-08-31,0.1824726
a0WOG0000071sFF2AY,2026-08-31,0.8493741
a0WOG0000071sf32AA,2026-08-31,0.91459286
a0WOG0000071tL02AI,2026-08-31,0.54812753
a0WOG0000071tfx2AA,2026-08-31,0.054326013
a0WOG0000071tkn2AA,2026-08-31,0.12083399
a0WOG0000071unJ2AQ,2026-08-31,0.1504354
a0WOG0000071uqX2AQ,2026-08-31,0.19652744
a0WOG0000071x0Q2AQ,2026-08-31,0.3102342
a0WOG0000071xV42AI,2026-08-31,0.79253274
a0WOG0000071yXZ2AY,2026-08-31,0.07123911
a0WOG00000720ZN2AY,2026-08-31,0.17440496
a0WOG00000724uj2AA,2026-08-31,0.6768858
a0WOG00000727hJ2AQ,2026-08-31,0.21533811
a0WOG0000072CVh2AM,2026-08-31,0.5123587
a0WOG0000072Gsf2AE,2026-08-31,0.37910026
a0WOG0000072I1d2AE,2026-08-31,0.0746976
a0WOG0000072IBJ2A2,2026-08-31,0.17936864
a0WOG0000072Ipd2AE,2026-08-31,0.46882004
a0WOG0000072Jc22AE,2026-08-31,0.93066853
a0WOG0000072JcG2AU,2026-08-31,0.12620196
a0WOG0000072NSj2AM,2026-08-31,0.14804494
a0WOG0000072Ne12AE,2026-08-31,0.222371
a0WOG0000072OOn2AM,2026-08-31,0.7841501
a0WOG0000072P1V2AU,2026-08-31,0.10320473
a0WOG0000072SVe2AM,2026-08-31,0.18073833
a0WOG0000072Txy2AE,2026-08-31,0.11608304
a0WOG0000072U7d2AE,2026-08-31,0.20165052
a0WOG0000072Z7J2AU,2026-08-31,0.15718684
a0WOG0000072ZLp2AM,2026-08-31,0.80630696
a0WOG0000072ZNR2A2,2026-08-31,0.1463239
a0WOG0000072ZyX2AU,2026-08-31,0.6340982
a0WOG0000072a4z2AA,2026-08-31,0.25176746
a0WOG0000072etN2AQ,2026-08-31,0.47534505
a0WOG0000072fO12AI,2026-08-31,0.35986724
a0WOG0000072gn82AA,2026-08-31,0.6500062
a0WOG0000072h6T2AQ,2026-08-31,0.7424856
a0WOG0000072iyb2AA,2026-08-31,0.8832772
a0WOG0000072j1p2AA,2026-08-31,0.9335979
a0WOG0000072jGL2AY,2026-08-31,0.09291373
a0WOG0000072llC2AQ,2026-08-31,0.32413393
a0WOG0000072lq12AA,2026-08-31,0.9212837
a0WOG0000072mm62AA,2026-08-31,0.3713492
a0WOG0000072mqv2AA,2026-08-31,0.07578421
a0WOG0000072n3p2AA,2026-08-31,0.08810153
a0WOG0000072n5R2AQ,2026-08-31,0.12677866
a0WOG0000072nYT2AY,2026-08-31,0.17976263
a0WOG0000072na52AA,2026-08-31,0.0966705
a0WOG0000072new2AA,2026-08-31,0.8206528
a0WOG0000072nrs2AA,2026-08-31,0.1474493
a0WOG0000072oUX2AY,2026-08-31,0.5774613
a0WOG0000072oeD2AQ,2026-08-31,0.109658204
a0WOG0000072qPt2AI,2026-08-31,0.27560544
a0WOG0000072qRV2AY,2026-08-31,0.31397983
a0WOG0000072qcn2AA,2026-08-31,0.11273398
a0WOG0000072raT2AQ,2026-08-31,0.45514786
a0WOG0000072sLF2AY,2026-08-31,0.16856281
a0WOG0000072st72AA,2026-08-31,0.46054807
a0WOG0000072tUD2AY,2026-08-31,0.081666596
a0WOG0000072taf2AA,2026-08-31,0.45157126
a0WOG0000072tdt2AA,2026-08-31,0.16851309
a0WOG0000072uWj2AI,2026-08-31,0.6017879
a0WOG0000072ugP2AQ,2026-08-31,0.12620196
a0WOG0000072xET2AY,2026-08-31,0.5930901
a0WOG0000072xKv2AI,2026-08-31,0.042129252
a0WOG0000072yYj2AI,2026-08-31,0.71376956
a0WOG0000072z4z2AA,2026-08-31,0.14679864
a0WOG0000072zo92AA,2026-08-31,0.12393084
a0WOG00000731Q92AI,2026-08-31,0.0926899
a0WOG00000737Lt2AI,2026-08-31,0.2552101
a0WOG00000737gr2AA,2026-08-31,0.38973796
a0WOG0000073A6r2AE,2026-08-31,0.09418248
a0WOG0000073ATR2A2,2026-08-31,0.06416774
a0WOG0000073Czt2AE,2026-08-31,0.045103256
a0WOG0000073Eon2AE,2026-08-31,0.814467
a0WOG0000073FJR2A2,2026-08-31,0.10728818
a0WOG0000073FUj2AM,2026-08-31,0.1295821
a0WOG0000073GvR2AU,2026-08-31,0.20787519
a0WOG0000073ICT2A2,2026-08-31,0.08702802
a0WOG0000073LBx2AM,2026-08-31,0.20091657
a0WOG0000073N452AE,2026-08-31,0.3151328
a0WOG0000073Ns52AE,2026-08-31,0.0812705
a0WOG0000073O1l2AE,2026-08-31,0.15609622
a0WOG0000073UC12AM,2026-08-31,0.45156065
a0WOG0000073VWH2A2,2026-08-31,0.6039005
a0WOG0000073VhZ2AU,2026-08-31,0.29661247
a0WOG0000073W8z2AE,2026-08-31,0.044664633
a0WOG0000073XGL2A2,2026-08-31,0.085640006
a0WOG0000073XRd2AM,2026-08-31,0.04730492
a0WOG0000073a9N2AQ,2026-08-31,0.9164413
a0WOG0000073aMV2AY,2026-08-31,0.8725866
a0WOG0000073cnt2AA,2026-08-31,0.15122488
a0WOG0000073dnB2AQ,2026-08-31,0.102992095
a0WOG0000073e892AA,2026-08-31,0.10238282
a0WOG0000073erK2AQ,2026-08-31,0.8548032
a0WOG0000074u7d2AA,2026-08-31,0.19228517
a0WOG0000074zVV2AY,2026-08-31,0.38644236
a0WOG00000752Ji2AI,2026-08-31,0.15976042
a0WOG00000753PR2AY,2026-08-31,0.802363
a0WOG0000075FOz2AM,2026-08-31,0.06960507
a0WOG0000075FaH2AU,2026-08-31,0.16866674
a0WOG0000075Hgv2AE,2026-08-31,0.43144903
a0WOG0000075X2Y2AU,2026-08-31,0.25547373
a0WOG0000075eNN2AY,2026-08-31,0.07090035
a0WOG0000075h572AA,2026-08-31,0.70483834
a0WOG0000075hbN2AQ,2026-08-31,0.095963664
a0WOG0000075hrV2AQ,2026-08-31,0.4628674
a0WOG0000075idu2AA,2026-08-31,0.15473497
a0WOG0000075iu12AA,2026-08-31,0.3633829
a0WOG0000075lQT2AY,2026-08-31,0.81394416
a0WOG0000075p132AA,2026-08-31,0.11182412
a0WOG0000075pAj2AI,2026-08-31,0.090766154
a0WOG0000075pIn2AI,2026-08-31,0.44233635
a0WOG0000075qJh2AI,2026-08-31,0.0650845
a0WOG0000075qrZ2AQ,2026-08-31,0.109949514
a0WOG0000075sLV2AY,2026-08-31,0.9288715
a0WOG0000075tz72AA,2026-08-31,0.42442942
a0WOG0000075yFd2AI,2026-08-31,0.55179316
a0WOG0000075z222AA,2026-08-31,0.087315805
a0WOG0000075zEv2AI,2026-08-31,0.23440567
a0WOG00000760Sj2AI,2026-08-31,0.78801715
a0WOG00000760e12AA,2026-08-31,0.06970684
a0WOG00000761QP2AY,2026-08-31,0.10037352
a0WOG00000762zB2AQ,2026-08-31,0.14726958
a0WOG00000763AT2AY,2026-08-31,0.79832447
a0WOG000007644v2AA,2026-08-31,0.1682766
a0WOG00000764Uj2AI,2026-08-31,0.73318666
a0WOG00000764cn2AA,2026-08-31,0.10298246
a0WOG000007657R2AQ,2026-08-31,0.8532146
a0WOG0000076Fun2AE,2026-08-31,0.08273298
a0WOG0000076GFl2AM,2026-08-31,0.038384423
a0WOG0000076LKH2A2,2026-08-31,0.699456
a0WOG0000076NxB2AU,2026-08-31,0.18926044
a0WOG0000076UiX2AU,2026-08-31,0.5026538
a0WOG0000076XBm2AM,2026-08-31,0.48457658
a0WOG0000076YB32AM,2026-08-31,0.078872725
a0WOG0000076bAX2AY,2026-08-31,0.109571196
a0WOG0000076ceT2AQ,2026-08-31,0.08174972
a0WOG0000076cjJ2AQ,2026-08-31,0.638765
a0WOG0000076d7V2AQ,2026-08-31,0.04522882
a0WOG0000076fvh2AA,2026-08-31,0.54496497
a0WOG0000076gII2AY,2026-08-31,0.78954417
a0WOG0000076gTZ2AY,2026-08-31,0.08923546
a0WOG0000076ggT2AQ,2026-08-31,0.5680858
a0WOG0000076hSr2AI,2026-08-31,0.45443472
a0WOG0000076hr32AA,2026-08-31,0.49896964
a0WOG0000076jrF2AQ,2026-08-31,0.10421386
a0WOG0000076mE12AI,2026-08-31,0.42399898
a0WOG000007CiXV2A0,2026-08-31,0.058182303
a0WOG000007Cm852AC,2026-08-31,0.61970747
a0WOG000007CoY52AK,2026-08-31,0.04751447
a0WOG000007CooE2AS,2026-08-31,0.31508625
a0WOG000007CpvZ2AS,2026-08-31,0.8549117
a0WOG000007Cr692AC,2026-08-31,0.09252959
a0WOG000007CrpJ2AS,2026-08-31,0.315262
a0WOG000007CtUZ2A0,2026-08-31,0.8919706
a0WOG000007Cx572AC,2026-08-31,0.16537786
a0WOG000007D2ET2A0,2026-08-31,0.066395976
a0WOG000007D3s52AC,2026-08-31,0.3202077
a0WOG000007D4OL2A0,2026-08-31,0.59664714
a0WOG000007DJSD2A4,2026-08-31,0.11505414
a0WOG000007DKph2AG,2026-08-31,0.09632342
a0WOG000007DL7S2AW,2026-08-31,0.35328716
a0WOG000007DMEn2AO,2026-08-31,0.37831748
a0WOG000007DNCT2A4,2026-08-31,0.5055932
a0WOG000007DPB32AO,2026-08-31,0.04781251
a0WOG000007DPJ72AO,2026-08-31,0.5320375
a0WOG000007DQa92AG,2026-08-31,0.22630298
a0WOG000007DSIb2AO,2026-08-31,0.10603066
a0WOG000007DSiP2AW,2026-08-31,0.6460609
a0WOG000007DSk12AG,2026-08-31,0.09488328
a0WOG000007DV5H2AW,2026-08-31,0.8140696
a0WOG000007DVBd2AO,2026-08-31,0.101776846
a0WOG000007Da4r2AC,2026-08-31,0.62305
a0WOG000007DajB2AS,2026-08-31,0.8491969
a0WOG000007Dbgr2AC,2026-08-31,0.112162404
a0WOG000007DcGL2A0,2026-08-31,0.21869807
a0WOG000007DcZh2AK,2026-08-31,0.037278384
a0WOG000007Dcpp2AC,2026-08-31,0.15804307
a0WOG000007DczV2AS,2026-08-31,0.72795564
a0WOG000007Dd172AC,2026-08-31,0.38874876
a0WOG000007DeGX2A0,2026-08-31,0.23800603
a0WOG000007DeLN2A0,2026-08-31,0.31628275
a0WOG000007DewT2AS,2026-08-31,0.14629382
a0WOG000007Dgi92AC,2026-08-31,0.078080826
a0WOG000007Di412AC,2026-08-31,0.19858591
a0WOG000007DkVd2AK,2026-08-31,0.36845127
a0WOG000007Dqj72AC,2026-08-31,0.86786735
a0WOG000007DraL2AS,2026-08-31,0.06970371
a0WOG000007Drbx2AC,2026-08-31,0.065379694
a0WOG000007Ds092AC,2026-08-31,0.63355243
a0WOG000007DsJV2A0,2026-08-31,0.084805176
a0WOG000007Duef2AC,2026-08-31,0.34729478
a0WOG000007Dul72AC,2026-08-31,0.81417555
a0WOG000007Dv1F2AS,2026-08-31,0.12634677
a0WOG000007DvhB2AS,2026-08-31,0.33014214
a0WOG000007Dxsf2AC,2026-08-31,0.3175364
a0WOG000007Dzb72AC,2026-08-31,0.29637912
a0WOG000007E0492AC,2026-08-31,0.8587017
a0WOG000007E3ur2AC,2026-08-31,0.8108091
a0WOG000007E4Fp2AK,2026-08-31,0.80495155
a0WOG000007E4ir2AC,2026-08-31,0.32876465
a0WOG000007E8Eb2AK,2026-08-31,0.13705257
a0WOG000007E8xl2AC,2026-08-31,0.11372048
a0WOG000007EGX82AO,2026-08-31,0.923231
a0WOG000007EJ3Z2AW,2026-08-31,0.21295099
a0WOG000007EKXW2A4,2026-08-31,0.60242325
a0WOG000007ELDR2A4,2026-08-31,0.330751
a0WOG000007ELmv2AG,2026-08-31,0.7129964
a0WOG000007ETkT2AW,2026-08-31,0.49677876
a0WOG000007EUOn2AO,2026-08-31,0.91995776
a0WOG000007EVSv2AO,2026-08-31,0.086400494
a0WOG000007EVUX2A4,2026-08-31,0.20902713
a0WOG000007EYCH2A4,2026-08-31,0.1768625
a0WOG000007EYSP2A4,2026-08-31,0.110489234
a0WOG000007EacH2AS,2026-08-31,0.27162862
a0WOG000007Ealx2AC,2026-08-31,0.11851289
a0WOG000007Eavd2AC,2026-08-31,0.83783334
a0WOG000007EbbZ2AS,2026-08-31,0.1045924
a0WOG000007Eekj2AC,2026-08-31,0.08273298
a0WOG000007EgUn2AK,2026-08-31,0.054054562
a0WOG000007EhAj2AK,2026-08-31,0.14339085
a0WOG000007Encj2AC,2026-08-31,0.047577303
a0WOG000007Eo2X2AS,2026-08-31,0.22296761
a0WOG000007EoVZ2A0,2026-08-31,0.52861017
a0WOG000007Eolh2AC,2026-08-31,0.16749765
a0WOG000007EpWT2A0,2026-08-31,0.117613174
a0WOG000007Epcv2AC,2026-08-31,0.08618767
a0WOG000007ErDK2A0,2026-08-31,0.70943236
a0WOG000007ErbV2AS,2026-08-31,0.69640875
a0WOG000007Es1J2AS,2026-08-31,0.4542823
a0WOG000007Etv32AC,2026-08-31,0.6067151
a0WOG000007Evon2AC,2026-08-31,0.0857238
a0WOG000007Ew892AC,2026-08-31,0.4124752
a0WOG000007EwZZ2A0,2026-08-31,0.10012389
a0WOG000007Ewo52AC,2026-08-31,0.1521983
a0WOG000007Eww92AC,2026-08-31,0.34887633
a0WOG000007ExU12AK,2026-08-31,0.10960833
a0WOG000007EzfW2AS,2026-08-31,0.067470886
a0WOG000007EzpB2AS,2026-08-31,0.61976224
a0WOG000007F0jd2AC,2026-08-31,0.34736237
a0WOG000007F0y92AC,2026-08-31,0.33077025
a0WOG000007F2AL2A0,2026-08-31,0.2995103
a0WOG000007F2Da2AK,2026-08-31,0.4150389
a0WOG000007F2iD2AS,2026-08-31,0.29273227
a0WOG000007F4gn2AC,2026-08-31,0.2882511
a0WOG000007F5JV2A0,2026-08-31,0.124931045
a0WOG000007F7GT2A0,2026-08-31,0.10281197
a0WOG000007FEOP2A4,2026-08-31,0.19248766
a0WOG000007FGjZ2AW,2026-08-31,0.13426927
a0WOG000007FL9l2AG,2026-08-31,0.2721207
a0WOG000007FMLx2AO,2026-08-31,0.83819294
a0WOG000007FNGP2A4,2026-08-31,0.87132585
a0WOG000007FTwv2AG,2026-08-31,0.65943617
a0WOG000007FZHZ2A4,2026-08-31,0.056853607
a0WOG000007FZnp2AG,2026-08-31,0.9426235
a0WOG000007FdUr2AK,2026-08-31,0.07980166
a0WOG000007FdoD2AS,2026-08-31,0.18648282
a0WOG000007Fe172AC,2026-08-31,0.14112616
a0WOG000007FeCP2A0,2026-08-31,0.065030195
a0WOG000007Feab2AC,2026-08-31,0.06906639
a0WOG000007Fg7l2AC,2026-08-31,0.89539564
a0WOG000007Fg9N2AS,2026-08-31,0.72480476
a0WOG000007Fh2D2AS,2026-08-31,0.704927
a0WOG000007FhTd2AK,2026-08-31,0.09289219
a0WOG000007FjC52AK,2026-08-31,0.13039474
a0WOG000007FjTp2AK,2026-08-31,0.46858653
a0WOG000007Fjjx2AC,2026-08-31,0.32193884
a0WOG000007Fl932AC,2026-08-31,0.8152821
a0WOG000007FlNZ2A0,2026-08-31,0.5170215
a0WOG000007Fltp2AC,2026-08-31,0.16688307
a0WOG000007FmUv2AK,2026-08-31,0.10234336
a0WOG000007Fnu12AC,2026-08-31,0.08949907
a0WOG000007FotJ2AS,2026-08-31,0.8503977
a0WOG000007Fp4b2AC,2026-08-31,0.63613886
a0WOG000007FphK2AS,2026-08-31,0.5360257
a0WOG000007FqAL2A0,2026-08-31,0.2630034
a0WOG000007Fqn32AC,2026-08-31,0.41232723
a0WOG000007FsTt2AK,2026-08-31,0.5703471
a0WOG000007FvRl2AK,2026-08-31,0.19922963
a0WOG000007G0eL2AS,2026-08-31,0.82492703
a0WOG000007G3h32AC,2026-08-31,0.23244102
a0WOG000007G3sL2AS,2026-08-31,0.06711548
a0WOG000007G4DJ2A0,2026-08-31,0.092214465
a0WOG000007G4QD2A0,2026-08-31,0.3669926
a0WOG000007G5MH2A0,2026-08-31,0.34398386
a0WOG000007G65R2AS,2026-08-31,0.32677928
a0WOG000007G6Gj2AK,2026-08-31,0.14164224
a0WOG000007G6bi2AC,2026-08-31,0.17536907
a0WOG000007G8s22AC,2026-08-31,0.16697082
a0WOG000007GA2b2AG,2026-08-31,0.35231182
a0WOG000007GA7R2AW,2026-08-31,0.4764642
a0WOG000007GAdh2AG,2026-08-31,0.12965049
a0WOG000007GB6j2AG,2026-08-31,0.084257245
a0WOG000007GBDB2A4,2026-08-31,0.13930239
a0WOG000007GBpt2AG,2026-08-31,0.081111714
a0WOG000007GDLR2A4,2026-08-31,0.07671325
a0WOG000007GE4b2AG,2026-08-31,0.83688724
a0WOG000007GEW12AO,2026-08-31,0.4263745
a0WOG000007GF3t2AG,2026-08-31,0.2920564
a0WOG000007GFru2AG,2026-08-31,0.074203126
a0WOG000007GG812AG,2026-08-31,0.83294505
a0WOG000007GGBF2A4,2026-08-31,0.10933728
a0WOG000007GGpa2AG,2026-08-31,0.2386228
a0WOG000007GHnF2AW,2026-08-31,0.070680946
a0WOG000007GIPy2AO,2026-08-31,0.07667248
a0WOG000007GIzR2AW,2026-08-31,0.5547637
a0WOG000007GJIn2AO,2026-08-31,0.7218051
a0WOG000007GKrZ2AW,2026-08-31,0.25614253
a0WOG000007GLXV2A4,2026-08-31,0.10787795
a0WOG000007GLu52AG,2026-08-31,0.49615207
a0WOG000007GOjt2AG,2026-08-31,0.399187
a0WOG000007GPRR2A4,2026-08-31,0.38954425
a0WOG000007GQDp2AO,2026-08-31,0.15583614
a0WOG000007GVNB2A4,2026-08-31,0.074412145
a0WOG000007GWMT2A4,2026-08-31,0.04322666
a0WOG000007GXKA2A4,2026-08-31,0.19769424
a0WOG000007GYjF2AW,2026-08-31,0.087571725
a0WOG000007GYxl2AG,2026-08-31,0.037024688
a0WOG000007GaGQ2A0,2026-08-31,0.33249074
a0WOG000007Gblx2AC,2026-08-31,0.2751574
a0WOG000007GcZx2AK,2026-08-31,0.2897409
a0WOG000007GdCf2AK,2026-08-31,0.20230548
a0WOG000007GdNx2AK,2026-08-31,0.5131674
a0WOG000007GdZF2A0,2026-08-31,0.6910085
a0WOG000007Gdqz2AC,2026-08-31,0.12061773
a0WOG000007Gdsb2AC,2026-08-31,0.30927014
a0WOG000007GedN2AS,2026-08-31,0.14157888
a0WOG000007Gf3B2AS,2026-08-31,0.83683234
a0WOG000007GfuP2AS,2026-08-31,0.42745492
a0WOG000007Ghg62AC,2026-08-31,0.11229904
a0WOG000007GhrN2AS,2026-08-31,0.11770362
a0WOG000007Ghsz2AC,2026-08-31,0.41770202
a0WOG000007Gic92AC,2026-08-31,0.10175806
a0WOG000007GisI2AS,2026-08-31,0.9247631
a0WOG000007Gq1p2AC,2026-08-31,0.23111649
a0WOG000007Gq8H2AS,2026-08-31,0.11700626
a0WOG000007Gr7Z2AS,2026-08-31,0.53829896
a0WOG000007Grp72AC,2026-08-31,0.40200257
a0WOG000007Gsur2AC,2026-08-31,0.08467533
a0WOG000007GtAz2AK,2026-08-31,0.087577134
a0WOG000007Gtan2AC,2026-08-31,0.07820919
a0WOG000007Gtvl2AC,2026-08-31,0.4150677
a0WOG000007Gvnt2AC,2026-08-31,0.37682438
a0WOG000007Gvvx2AC,2026-08-31,0.404571
a0WOG000007GwAT2A0,2026-08-31,0.25007105
a0WOG000007Gz1t2AC,2026-08-31,0.19712019
a0WOG000007GzI22AK,2026-08-31,0.12628697
a0WOG000007H0M92AK,2026-08-31,0.6307568
a0WOG000007H0Vp2AK,2026-08-31,0.07919668
a0WOG000007H0dt2AC,2026-08-31,0.8288328
a0WOG000007H15J2AS,2026-08-31,0.597179
a0WOG000007H1y92AC,2026-08-31,0.24637492
a0WOG000007H26D2AS,2026-08-31,0.598258
a0WOG000007H27p2AC,2026-08-31,0.18309247
a0WOG000007H3bl2AC,2026-08-31,0.11562015
a0WOG000007H5yX2AS,2026-08-31,0.84038734
a0WOG000007H7Yv2AK,2026-08-31,0.31460378
a0WOG000007H7yj2AC,2026-08-31,0.8657899
a0WOG000007HAbd2AG,2026-08-31,0.36497012
a0WOG000007HAi52AG,2026-08-31,0.88028497
a0WOG000007HBCj2AO,2026-08-31,0.79653364
a0WOG000007HBfl2AG,2026-08-31,0.5431737
a0WOG000007HFjN2AW,2026-08-31,0.12911282
a0WOG000007HHlB2AW,2026-08-31,0.7250919
a0WOG000007HHtF2AW,2026-08-31,0.03730777
a0WOG000007HJrp2AG,2026-08-31,0.3598389
a0WOG000007HQdB2AW,2026-08-31,0.1707503
a0WOG000007HRhJ2AW,2026-08-31,0.29941216
a0WOG000007HTmL2AW,2026-08-31,0.23630324
a0WOG000007HWx72AG,2026-08-31,0.601924
a0WOG000007HXRl2AO,2026-08-31,0.063388124
a0WOG000007HZdF2AW,2026-08-31,0.043622438
a0WOG000007Hhm52AC,2026-08-31,0.14629282
a0WOG000007HilN2AS,2026-08-31,0.07698275
a0WOG000007HiqE2AS,2026-08-31,0.36049548
a0WOG000007HkLl2AK,2026-08-31,0.117597714
a0WOG000007Hnt72AC,2026-08-31,0.058002576
a0WOG000007HplG2AS,2026-08-31,0.71957785
a0WOG000007M4KH2A0,2026-08-31,0.80378866
a0WOG000007M5Hx2AK,2026-08-31,0.8296921
a0WOG000007M6Nh2AK,2026-08-31,0.8006675
a0WOG000007M7Jl2AK,2026-08-31,0.08622315
a0WOG000007M7Ob2AK,2026-08-31,0.21894622
a0WOG000007M8e12AC,2026-08-31,0.1206712
a0WOG000007MB7F2AW,2026-08-31,0.40567863
a0WOG000007MFZ32AO,2026-08-31,0.09903286
a0WOG000007MKKD2A4,2026-08-31,0.16629295
a0WOG000007MN5B2AW,2026-08-31,0.43842444
a0WOG000007MNYD2A4,2026-08-31,0.23852192
a0WOG000007MNZp2AO,2026-08-31,0.2838764
a0WOG000007MPIH2A4,2026-08-31,0.42297032
a0WOG000007MQvt2AG,2026-08-31,0.64688027
a0WOG000007MRLh2AO,2026-08-31,0.14381978
a0WOG000007MRNJ2A4,2026-08-31,0.12755704
a0WOG000007MSo12AG,2026-08-31,0.12172795
a0WOG000007MTTx2AO,2026-08-31,0.25247055
a0WOG000007MXR72AO,2026-08-31,0.6169956
a0WOG000007MXkT2AW,2026-08-31,0.3455117
a0WOG000007MYYT2A4,2026-08-31,0.1374881
a0WOG000007MYtR2AW,2026-08-31,0.1430906
a0WOG000007MYwf2AG,2026-08-31,0.42832425
a0WOG000007MZ9Z2AW,2026-08-31,0.09319854
a0WOG000007Mc7R2AS,2026-08-31,0.18046127
a0WOG000007Mcc52AC,2026-08-31,0.3546917
a0WOG000007Mg2z2AC,2026-08-31,0.07262386
a0WOG000007MjNR2A0,2026-08-31,0.10744429
a0WOG000007MjQf2AK,2026-08-31,0.17811085
a0WOG000007Mkub2AC,2026-08-31,0.8714096
a0WOG000007MnXW2A0,2026-08-31,0.8868037
a0WOG000007Mpnp2AC,2026-08-31,0.6487107
a0WOG000007MrjB2AS,2026-08-31,0.13530535
a0WOG000007Mz5d2AC,2026-08-31,0.7639047
a0WOG000007N1SP2A0,2026-08-31,0.2362616
a0WOG000007N60f2AC,2026-08-31,0.08209362
a0WOG000007N7O92AK,2026-08-31,0.06006856
a0WOG000007N7b32AC,2026-08-31,0.6262435
a0WOG000007N8P32AK,2026-08-31,0.09057831
a0WOG000007N93O2AS,2026-08-31,0.24459207
a0WOG000007N9Zd2AK,2026-08-31,0.8750842
a0WOG000007NAPF2A4,2026-08-31,0.34934378
a0WOG000007NBEr2AO,2026-08-31,0.65450495
a0WOG000007NCFl2AO,2026-08-31,0.1828679
a0WOG000007NEpR2AW,2026-08-31,0.087577134
a0WOG000007NGfx2AG,2026-08-31,0.6970128
a0WOG000007NGhZ2AW,2026-08-31,0.094958045
a0WOG000007NHlh2AG,2026-08-31,0.10555965
a0WOG000007NIJZ2A4,2026-08-31,0.20207569
a0WOG000007NK5F2AW,2026-08-31,0.5515342
a0WOG000007NKI92AO,2026-08-31,0.083168834
a0WOG000007NLED2A4,2026-08-31,0.13430654
a0WOG000007NLUL2A4,2026-08-31,0.24127623
a0WOG000007NMwf2AG,2026-08-31,0.62171805
a0WOG000007NN1V2AW,2026-08-31,0.09413438
a0WOG000007NPUj2AO,2026-08-31,0.29691043
a0WOG000007NUXd2AO,2026-08-31,0.3985995
a0WOG000007NVLd2AO,2026-08-31,0.66048574
a0WOG000007NX0s2AG,2026-08-31,0.4073123
a0WOG000007NY9p2AG,2026-08-31,0.21409658
a0WOG000007NZNd2AO,2026-08-31,0.4175627
a0WOG000007NbAv2AK,2026-08-31,0.18549302
a0WOG000007NbFl2AK,2026-08-31,0.42683053
a0WOG000007NbJ02AK,2026-08-31,0.10691704
a0WOG000007Nbin2AC,2026-08-31,0.07275899
a0WOG000007Nca12AC,2026-08-31,0.074556485
a0WOG000007NdJB2A0,2026-08-31,0.10033441
a0WOG000007Ne2L2AS,2026-08-31,0.16428787
a0WOG000007NeFF2A0,2026-08-31,0.08370035
a0WOG000007NeK52AK,2026-08-31,0.20072505
a0WOG000007Nfb82AC,2026-08-31,0.048330147
a0WOG000007NgKH2A0,2026-08-31,0.0440783
a0WOG000007Ngow2AC,2026-08-31,0.6911013
a0WOG000007NjBh2AK,2026-08-31,0.18842836
a0WOG000007Nk9N2AS,2026-08-31,0.08449982
a0WOG000007NkHR2A0,2026-08-31,0.2283195
a0WOG000007Nlv32AC,2026-08-31,0.47946924
a0WOG000007NoXx2AK,2026-08-31,0.74535984
a0WOG000007NoZZ2A0,2026-08-31,0.26633546
a0WOG000007Nosv2AC,2026-08-31,0.735922
a0WOG000007NouX2AS,2026-08-31,0.32365417
a0WOG000007Npx32AC,2026-08-31,0.12694997
a0WOG000007Nr9F2AS,2026-08-31,0.08506532
a0WOG000007NrcH2AS,2026-08-31,0.6581751
a0WOG000007NsRt2AK,2026-08-31,0.09501734
a0WOG000007NsTV2A0,2026-08-31,0.3248475
a0WOG000007Ntqz2AC,2026-08-31,0.5013578
a0WOG000007NuGn2AK,2026-08-31,0.6790761
a0WOG000007O2RF2A0,2026-08-31,0.20229483
a0WOG000007O2e92AC,2026-08-31,0.31088966
a0WOG000007O5wz2AC,2026-08-31,0.74479747
a0WOG000007O60D2AS,2026-08-31,0.8834228
a0WOG000007O6532AC,2026-08-31,0.9263489
a0WOG000007O66f2AC,2026-08-31,0.046087265
a0WOG000007O7ab2AC,2026-08-31,0.07681936
a0WOG000007O7h32AC,2026-08-31,0.06257799
a0WOG000007O8Jl2AK,2026-08-31,0.7309238
a0WOG000007O8wT2AS,2026-08-31,0.29962626
a0WOG000007OAIL2A4,2026-08-31,0.2520291
a0WOG000007QhRt2AK,2026-08-31,0.50714403
a0WOG000007QiXd2AK,2026-08-31,0.07697378
a0WOG000007QiuD2AS,2026-08-31,0.4416912
a0WOG000007Qkxd2AC,2026-08-31,0.05051203
a0WOG000007QlIb2AK,2026-08-31,0.12100967
a0WOG000007Qmub2AC,2026-08-31,0.11189566
a0WOG000007Qmuc2AC,2026-08-31,0.42301604
a0WOG000007QsFF2A0,2026-08-31,0.4883458
a0WOG000007QuqX2AS,2026-08-31,0.47355947
a0WOG000007QxA52AK,2026-08-31,0.37752518
a0WOG000007Qy2v2AC,2026-08-31,0.9045642
a0WOG000007QySj2AK,2026-08-31,0.1934863
a0WOG000007Qyqv2AC,2026-08-31,0.43447348
a0WOG000007R09Z2AS,2026-08-31,0.2752625
a0WOG000007R0nt2AC,2026-08-31,0.17762876
a0WOG000007R2Eb2AK,2026-08-31,0.7804894
a0WOG000007RATt2AO,2026-08-31,0.43194315
a0WOG000007RIfy2AG,2026-08-31,0.15668628
a0WOG000007RKpp2AG,2026-08-31,0.08150366
a0WOG000007RNR72AO,2026-08-31,0.436326
a0WOG000007RPfq2AG,2026-08-31,0.08349835
a0WOG000007RQaH2AW,2026-08-31,0.31836817
a0WOG000007RRWL2A4,2026-08-31,0.2205712
a0WOG000007RUnZ2AW,2026-08-31,0.9216421
a0WOG000007Rblq2AC,2026-08-31,0.65510654
a0WOG000007ReBq2AK,2026-08-31,0.12727416
a0WOG000007Rebd2AC,2026-08-31,0.06357714
a0WOG000007Riwz2AC,2026-08-31,0.73234785
a0WOG000007RmJ32AK,2026-08-31,0.072496064
a0WOG000007RmcP2AS,2026-08-31,0.6828142
a0WOG000007Rnzt2AC,2026-08-31,0.07185668
a0WOG000007Ro7x2AC,2026-08-31,0.5218431
a0WOG000007Ro7y2AC,2026-08-31,0.18902828
a0WOG000007RpyT2AS,2026-08-31,0.09793663
a0WOG000007RrH72AK,2026-08-31,0.6107886
a0WOG000007RrVd2AK,2026-08-31,0.135734
a0WOG000007RsUv2AK,2026-08-31,0.19470885
a0WOG000007RtKX2A0,2026-08-31,0.90451133
a0WOG000007RtPN2A0,2026-08-31,0.7294864
a0WOG000007Rzsz2AC,2026-08-31,0.5827129
a0WOG000007S1Er2AK,2026-08-31,0.13313584
a0WOG000007S2PS2A0,2026-08-31,0.12694255
a0WOG000007S36z2AC,2026-08-31,0.47517923
a0WOG000007S4hN2AS,2026-08-31,0.70822644
a0WOG000007S7NV2A0,2026-08-31,0.6851043
a0WOG000007SKCf2AO,2026-08-31,0.06338566
a0WOG000007SNiP2AW,2026-08-31,0.40276223
a0WOG000007SQun2AG,2026-08-31,0.76103383
a0WOG000007SRcM2AW,2026-08-31,0.39851275
a0WOG000007SS5N2AW,2026-08-31,0.079439335
a0WOG000007SV6T2AW,2026-08-31,0.10784146
a0WOG000007SWSL2A4,2026-08-31,0.09270855
a0WOG000007SZWf2AO,2026-08-31,0.18324758
a0WOG000007SZhx2AG,2026-08-31,0.07926736
a0WOG000007Sa4X2AS,2026-08-31,0.03504197
a0WOG000007SbYT2A0,2026-08-31,0.0748911
a0WOG000007SfH72AK,2026-08-31,0.15987496
a0WOG000007SfKL2A0,2026-08-31,0.794764
a0WOG000007T0Gj2AK,2026-08-31,0.07770226
a0WOG000007T58L2AS,2026-08-31,0.07941696
a0WA0000008sP5lMAE,2026-08-31,0.16530715
a0WA0000008sPCkMAM,2026-08-31,0.29367143
a0WA0000008sPDUMA2,2026-08-31,0.28546742
a0WA0000008sPW8MAM,2026-08-31,0.88278085
a0WA0000008sPYJMA2,2026-08-31,0.83132714
a0WA0000008sPYZMA2,2026-08-31,0.08649803
a0WA0000008sPazMAE,2026-08-31,0.7112724
a0WA0000008sPbpMAE,2026-08-31,0.6966587
a0WA0000008sPiJMAU,2026-08-31,0.3602376
a0WA0000008sPjDMAU,2026-08-31,0.27271548
a0WA0000008sPsQMAU,2026-08-31,0.8028064
a0WA0000008sPxLMAU,2026-08-31,0.26186857
a0WA0000008sQ5JMAU,2026-08-31,0.084441535
a0WA0000008sQAEMA2,2026-08-31,0.7030789
a0WA0000008sQC4MAM,2026-08-31,0.7698162
a0WA0000008sQDnMAM,2026-08-31,0.09834725
a0WA0000008sQIFMA2,2026-08-31,0.1314202
a0WA0000008sQILMA2,2026-08-31,0.70758456
a0WA0000008sQOUMA2,2026-08-31,0.3955489
a0WA0000008sQPIMA2,2026-08-31,0.03910802
a0WA0000008sQSHMA2,2026-08-31,0.8599744
a0WA0000008sQTIMA2,2026-08-31,0.046285134
a0WA0000008sQTXMA2,2026-08-31,0.046020366
a0WA0000008sQXxMAM,2026-08-31,0.8366548
a0WA0000008sQaVMAU,2026-08-31,0.07904306
a0WA0000008sQewMAE,2026-08-31,0.14008091
a0WA0000008sQjjMAE,2026-08-31,0.3782457
a0WA0000008sQlnMAE,2026-08-31,0.49413735
a0WA0000008sQpkMAE,2026-08-31,0.1680606
a0WA0000008sQtEMAU,2026-08-31,0.4588719
a0WA0000008sQvDMAU,2026-08-31,0.9316091
a0WA0000008sQwDMAU,2026-08-31,0.43848035
a0WA0000008sQxDMAU,2026-08-31,0.19188175
a0WA0000008sQz8MAE,2026-08-31,0.36901376
a0WA0000008sR17MAE,2026-08-31,0.7712178
a0WA0000008sR3FMAU,2026-08-31,0.22496273
a0WA0000008sR5gMAE,2026-08-31,0.7373281
a0WA0000008sRAaMAM,2026-08-31,0.06414017
a0WA0000008sRC3MAM,2026-08-31,0.15146698
a0WA0000008sRDRMA2,2026-08-31,0.20437515
a0WA0000008sRE1MAM,2026-08-31,0.741189
a0WA0000008sRNLMA2,2026-08-31,0.17793502
a0WA0000008sRNlMAM,2026-08-31,0.26968914
a0WA0000008sRRCMA2,2026-08-31,0.096142255
a0WA0000008sRSOMA2,2026-08-31,0.05946962
a0WA0000008sRW9MAM,2026-08-31,0.32232988
a0WA0000008sRZuMAM,2026-08-31,0.07815623
a0WA0000008sRhHMAU,2026-08-31,0.6206088
a0WA0000008sRkXMAU,2026-08-31,0.8975618
a0WA0000008sRlXMAU,2026-08-31,0.14771014
a0WA0000008sRpFMAU,2026-08-31,0.2844014
a0WA0000008sRunMAE,2026-08-31,0.37187865
a0WA0000008sRwXMAU,2026-08-31,0.057710048
a0WA0000008sS1lMAE,2026-08-31,0.4381912
a0WA0000008sS6zMAE,2026-08-31,0.2678158
a0WA0000008sSGhMAM,2026-08-31,0.1348708
a0WA0000008sSK8MAM,2026-08-31,0.14030768
a0WA0000008sSNjMAM,2026-08-31,0.6298518
a0WA0000008sSRsMAM,2026-08-31,0.84356886
a0WA0000008sSYXMA2,2026-08-31,0.1548804
a0WA0000008sSctMAE,2026-08-31,0.56434953
a0WA0000008sStIMAU,2026-08-31,0.12969844
a0WA000000A1ZgiMAF,2026-08-31,0.16876699
a0WA000000A2th6MAB,2026-08-31,0.14621502
a0WA000000A2vsXMAR,2026-08-31,0.2161607
a0WA000000A38wqMAB,2026-08-31,0.09408294
a0WA000000A3LBNMA3,2026-08-31,0.17311746
a0WA000000A3QTwMAN,2026-08-31,0.8421896
a0WA000000A3yGzMAJ,2026-08-31,0.29902586
a0WA000000A3yLAMAZ,2026-08-31,0.1346672
a0WA000000A3yMDMAZ,2026-08-31,0.30543858
a0WA000000A3yNnMAJ,2026-08-31,0.30081823
a0WA000000A5iT6MAJ,2026-08-31,0.70392895
a0WA000000ApRFaMAN,2026-08-31,0.7851798
a0WA000000ApSJvMAN,2026-08-31,0.87816685
a0WA000000Apl47MAB,2026-08-31,0.08668604
a0WA000000ApsW3MAJ,2026-08-31,0.08575127
a0WA000000ApxQdMAJ,2026-08-31,0.6229965
a0WA000000AqCM1MAN,2026-08-31,0.17046826
a0WA000000AqCeAMAV,2026-08-31,0.28963616
a0WA000000AqURwMAN,2026-08-31,0.1681592
a0WA000000AqcjyMAB,2026-08-31,0.16956657
a0WA000000AqdeFMAR,2026-08-31,0.05526856
a0WA000000AqfEXMAZ,2026-08-31,0.5187056
a0WA000000AqoJKMAZ,2026-08-31,0.9070555
a0WA000000AqrpVMAR,2026-08-31,0.039555117
a0WA000000AqsDnMAJ,2026-08-31,0.7314274
a0WA000000Ar35xMAB,2026-08-31,0.46080634
a0WA000000Ar975MAB,2026-08-31,0.28990027
a0WA000000ArDp6MAF,2026-08-31,0.6779044
a0WA000000ArKWOMA3,2026-08-31,0.108740136
a0WA000000ArKzdMAF,2026-08-31,0.29186496
a0WA000000ArNUSMA3,2026-08-31,0.074721664
a0WA000000CeDNFMA3,2026-08-31,0.1645937
a0WA000000CeLv9MAF,2026-08-31,0.8267504
a0WA000000CvVojMAF,2026-08-31,0.039883047
a0WA000000Cvk7QMAR,2026-08-31,0.18983826
a0WA000000Cw0CuMAJ,2026-08-31,0.10567455
a0WA000000Cw0IBMAZ,2026-08-31,0.09185266
a0WA000000Cw0OUMAZ,2026-08-31,0.06331996
a0WA000000CwDW6MAN,2026-08-31,0.12480103
a0WA000000CxBAcMAN,2026-08-31,0.052836124
a0WA000000CxHPYMA3,2026-08-31,0.18882646
a0WA000000CxHY9MAN,2026-08-31,0.10599665
a0WA000000CxdjyMAB,2026-08-31,0.18011782
a0WA000000CyJY6MAN,2026-08-31,0.8403667
a0WA000000Cyha5MAB,2026-08-31,0.6441402
a0WA000000DQDeSMAX,2026-08-31,0.087577134
a0WA000000DQV2UMAX,2026-08-31,0.26275438
a0WA000000DQZHhMAP,2026-08-31,0.12269247
a0WA000000DQsN8MAL,2026-08-31,0.14039952
a0WA000000DQwBIMA1,2026-08-31,0.12091595
a0WA000000DR4zRMAT,2026-08-31,0.5690398
a0WA000000DRJ38MAH,2026-08-31,0.37041092
a0WA000000DRMcKMAX,2026-08-31,0.83798015
a0WA000000DRdzYMAT,2026-08-31,0.8883529
a0WA000000DRe0MMAT,2026-08-31,0.25676182
a0WA000000DSAYRMA5,2026-08-31,0.7805045
a0WA000000DSVyDMAX,2026-08-31,0.7393155
a0WA000000DSkKqMAL,2026-08-31,0.6270971
a0WA000000E0dzOMAR,2026-08-31,0.040735807
a0WA000000E0itgMAB,2026-08-31,0.06769364
a0WA000000E0qUpMAJ,2026-08-31,0.9101995
a0WA000000E0xzhMAB,2026-08-31,0.1222317
a0WA000000E0ywvMAB,2026-08-31,0.57655007
a0WA000000E1J9GMAV,2026-08-31,0.38547713
a0WA000000E1b54MAB,2026-08-31,0.29775625
a0WA000000E1dQwMAJ,2026-08-31,0.05834191
a0WA000000E1idpMAB,2026-08-31,0.17113417
a0WA000000E1kZ3MAJ,2026-08-31,0.32261416
a0WA000000E1vnzMAB,2026-08-31,0.06589273
a0WA000000E25fyMAB,2026-08-31,0.39372504
a0WA000000E2KkgMAF,2026-08-31,0.21833315
a0WA000000E2PlpMAF,2026-08-31,0.11486674
a0WA000000E2SCcMAN,2026-08-31,0.33683822
a0WA000000E2SDQMA3,2026-08-31,0.06286695
a0WA000000E2oZhMAJ,2026-08-31,0.14584482
a0WA000000E2zOaMAJ,2026-08-31,0.08815951
a0WA000000E3Qf5MAF,2026-08-31,0.64529264
a0WA000000E3UjMMAV,2026-08-31,0.9340877
a0WA000000E3vsUMAR,2026-08-31,0.10286225
a0WA000000E4aBAMAZ,2026-08-31,0.8067511
a0WA000000E4adjMAB,2026-08-31,0.07384414
a0WA000000EcRCOMA3,2026-08-31,0.22094476
a0WA000000EciEgMAJ,2026-08-31,0.52592057
a0WA000000EdamSMAR,2026-08-31,0.4894056
a0WA000000EdhWhMAJ,2026-08-31,0.0612239
a0WA000000Edp6qMAB,2026-08-31,0.23925687
a0WA000000EdqcqMAB,2026-08-31,0.0728171
a0WA000000FCHibMAH,2026-08-31,0.66457295
a0WA000000FCI9rMAH,2026-08-31,0.59094495
a0WA000000FCIUVMA5,2026-08-31,0.096433744
a0WA000000FCIUXMA5,2026-08-31,0.21618877
a0WA000000FCIUZMA5,2026-08-31,0.743859
a0WA000000FCIUcMAP,2026-08-31,0.08682546
a0WA000000FCPJlMAP,2026-08-31,0.03960966
a0WA000000FCgPwMAL,2026-08-31,0.4583408
a0WA000000FDBY8MAP,2026-08-31,0.14563449
a0WA000000FDE25MAH,2026-08-31,0.49770296
a0WA000000FDW0HMAX,2026-08-31,0.31216553
a0WA000000FDW0gMAH,2026-08-31,0.82309854
a0WA000000FE4kFMAT,2026-08-31,0.8823538
a0WA000000FUFhcMAH,2026-08-31,0.8456581
a0WA000000FUNfTMAX,2026-08-31,0.30201617
a0WA000000FUWf0MAH,2026-08-31,0.52711344
a0WA000000FUemvMAD,2026-08-31,0.14658844
a0WA000000FUmnoMAD,2026-08-31,0.13472532
a0WA000000FdOcsMAF,2026-08-31,0.4098042
a0WA000000FddelMAB,2026-08-31,0.27799582
a0WA000000G2XIUMA3,2026-08-31,0.6549213
a0WA000000G2YVlMAN,2026-08-31,0.41155142
a0WA000000G2aC6MAJ,2026-08-31,0.37342158
a0WA000000G2fEcMAJ,2026-08-31,0.4733972
a0WA000000G2rcBMAR,2026-08-31,0.18836994
a0WA000000G3Hq6MAF,2026-08-31,0.4105126
a0WA000000G3JuoMAF,2026-08-31,0.16231532
a0WA000000G3vZhMAJ,2026-08-31,0.121107765
a0WA000000G486ZMAR,2026-08-31,0.3465126
a0WA000000G48aEMAR,2026-08-31,0.2712576
a0WA000000G4A61MAF,2026-08-31,0.22376738
a0WA000000G4I3nMAF,2026-08-31,0.10320267
a0WA000000G4W1vMAF,2026-08-31,0.20128722
a0WA000000G4ggxMAB,2026-08-31,0.22849427
a0WA000000G4gnDMAR,2026-08-31,0.107064806
a0WA000000G4lGfMAJ,2026-08-31,0.5879302
a0WA000000G51nFMAR,2026-08-31,0.123590164
a0WA000000G5P59MAF,2026-08-31,0.053692117
a0WA000000G5TC9MAN,2026-08-31,0.039001476
a0WA000000G5iluMAB,2026-08-31,0.43259183
a0WA000000G6A5hMAF,2026-08-31,0.53601426
a0WA000000G6BhVMAV,2026-08-31,0.58729756
a0WA000000GBaH5MAL,2026-08-31,0.7539722
a0WA000000GBb1UMAT,2026-08-31,0.10589263
a0WA000000GBqQxMAL,2026-08-31,0.6279354
a0WA000000GS2HIMA1,2026-08-31,0.5887973
a0WA000000GUGLlMAP,2026-08-31,0.4713074
a0WA000000GUIfBMAX,2026-08-31,0.5096997
a0WA000000GUJsvMAH,2026-08-31,0.86896485
a0WA000000GUK8cMAH,2026-08-31,0.16149153
a0WA000000GUKNYMA5,2026-08-31,0.53586257
a0WA000000GUKzoMAH,2026-08-31,0.19990803
a0WA000000Ga16EMAR,2026-08-31,0.13722716
a0WA000000Ga1dbMAB,2026-08-31,0.21192816
a0WA000000Ga8dXMAR,2026-08-31,0.8333084
a0WA000000GaGurMAF,2026-08-31,0.7109556
a0WA000000GaLL2MAN,2026-08-31,0.6637812
a0WA000000GaPUTMA3,2026-08-31,0.881365
a0WA000000GacdNMAR,2026-08-31,0.2170339
a0WA000000GalJqMAJ,2026-08-31,0.814359
a0WA000000GallYMAR,2026-08-31,0.06916361
a0WA000000GaoduMAB,2026-08-31,0.045494653
a0WA000000GaxIdMAJ,2026-08-31,0.051630076
a0WA000000Gdo21MAB,2026-08-31,0.09447334
a0WA000000Gdp9tMAB,2026-08-31,0.37579426
a0WA000000Gdw59MAB,2026-08-31,0.17186634
a0WA000000GdwTnMAJ,2026-08-31,0.52397937
a0WA000000GdwhuMAB,2026-08-31,0.10179202
a0WA000000Ge14KMAR,2026-08-31,0.22342663
a0WA000000Ge6q6MAB,2026-08-31,0.69656444
a0WA000000GqrgnMAB,2026-08-31,0.37160242
a0WA000000GqzjkMAB,2026-08-31,0.87807053
a0WA000000GqzrfMAB,2026-08-31,0.81714725
a0WA000000Gr7n7MAB,2026-08-31,0.5680023
a0WA000000GrEqkMAF,2026-08-31,0.1632232
a0WA000000GrI5LMAV,2026-08-31,0.05452434
a0WA000000GrI7GMAV,2026-08-31,0.3864312
a0WA000000GrKyiMAF,2026-08-31,0.12964363
a0WA000000GrSdbMAF,2026-08-31,0.08961162
a0WA000000GrSrRMAV,2026-08-31,0.75000405
a0WA000000GrV9jMAF,2026-08-31,0.054181427
a0WA000000GrtgFMAR,2026-08-31,0.09935634
a0WA000000GsJPNMA3,2026-08-31,0.15341851
a0WA000000GsL62MAF,2026-08-31,0.642958
a0WA000000GsRpqMAF,2026-08-31,0.50181514
a0WA000000GsWhBMAV,2026-08-31,0.12295382
a0WA000000GsWqrMAF,2026-08-31,0.09553249
a0WA000000GseJBMAZ,2026-08-31,0.16177602
a0WA000000Gsf3MMAR,2026-08-31,0.17740427
a0WA000000GshUSMAZ,2026-08-31,0.08984019
a0WA000000H4e5sMAB,2026-08-31,0.30185035
a0WA000000HDgRQMA1,2026-08-31,0.9115844
a0WA000000HECoUMAX,2026-08-31,0.7895855
a0WA000000HELj2MAH,2026-08-31,0.17054674
a0WA000000HFAyNMAX,2026-08-31,0.06329279
a0WA000000HFAzuMAH,2026-08-31,0.036751516
a0WA000000HFGE4MAP,2026-08-31,0.13819106
a0WA000000HFJgVMAX,2026-08-31,0.106588066
a0WA000000HFJh4MAH,2026-08-31,0.05555109
a0WA000000HFLCtMAP,2026-08-31,0.21733676
a0WA000000HFLIXMA5,2026-08-31,0.1571267
a0WA000000HFTW8MAP,2026-08-31,0.87482667
a0WA000000HFTWvMAP,2026-08-31,0.070396505
a0WA000000HFZiAMAX,2026-08-31,0.6736248
a0WA000000HFZsDMAX,2026-08-31,0.7152846
a0WA000000HFg3zMAD,2026-08-31,0.2511797
a0WA000000HFg4wMAD,2026-08-31,0.25651067
a0WA000000HFiprMAD,2026-08-31,0.7480682
a0WA000000HFqB5MAL,2026-08-31,0.94169706
a0WA000000HKVisMAH,2026-08-31,0.121066004
a0WA000000HKcWgMAL,2026-08-31,0.4141891
a0WA000000HKjiZMAT,2026-08-31,0.24017988
a0WA000000HL5sLMAT,2026-08-31,0.79234076
a0WA000000HLXFkMAP,2026-08-31,0.08250424
a0WA000000HLdDFMA1,2026-08-31,0.20027302
a0WA000000HLdo7MAD,2026-08-31,0.33097184
a0WA000000HtwgnMAB,2026-08-31,0.41471943
a0WA000000HuCEoMAN,2026-08-31,0.04822524
a0WA000000HuMPUMA3,2026-08-31,0.17977355
a0WA000000HueNKMAZ,2026-08-31,0.27245855
a0WA000000Huh1sMAB,2026-08-31,0.16097713
a0WA000000Hv1nmMAB,2026-08-31,0.8251085
a0WA000000Hv2sXMAR,2026-08-31,0.052355215
a0WA000000Hv54rMAB,2026-08-31,0.29369238
a0WA000000HvLa1MAF,2026-08-31,0.06739497
a0WA000000HvLbPMAV,2026-08-31,0.58566
a0WA000000HvLhVMAV,2026-08-31,0.16144894
a0WA000000HvOUgMAN,2026-08-31,0.05523325
a0WA000000HvQTnMAN,2026-08-31,0.6019239
a0WA000000HvW58MAF,2026-08-31,0.21280093
a0WA000000HvZzhMAF,2026-08-31,0.2393743
a0WA000000HvbHoMAJ,2026-08-31,0.5040739
a0WA000000HveoJMAR,2026-08-31,0.31973302
a0WA000000HvoEwMAJ,2026-08-31,0.07259872
a0WA000000Hvrb7MAB,2026-08-31,0.07754335
a0WA000000IDv6vMAD,2026-08-31,0.058428917
a0WA000000IEGHHMA5,2026-08-31,0.19462876
a0WA000000IEH6AMAX,2026-08-31,0.211271
a0WA000000IEJwVMAX,2026-08-31,0.21708488
a0WA000000IFHYmMAP,2026-08-31,0.11295798
a0WA000000IFHfrMAH,2026-08-31,0.32658428
a0WA000000IFbwlMAD,2026-08-31,0.075353906
a0WA000000IG5SoMAL,2026-08-31,0.13209324
a0WA000000IG6kfMAD,2026-08-31,0.17782353
a0WA000000IH8WgMAL,2026-08-31,0.6607788
a0WA000000IIKi0MAH,2026-08-31,0.3286898
a0WA000000IIXBtMAP,2026-08-31,0.8207311
a0WA000000IIch0MAD,2026-08-31,0.06872783
a0WA000000IIesJMAT,2026-08-31,0.4125254
a0WA000000IIiq3MAD,2026-08-31,0.6420011
a0WA000000IIjMIMA1,2026-08-31,0.57202893
a0WA000000IJ2NaMAL,2026-08-31,0.16031651
a0WA000000IJ5MUMA1,2026-08-31,0.4509533
a0WA000000IK0I6MAL,2026-08-31,0.31713116
a0WA000000IK0yiMAD,2026-08-31,0.71494305
a0WA000000IK3AtMAL,2026-08-31,0.23065539
a0WA000000IYogVMAT,2026-08-31,0.04149106
a0WA000000IYsLlMAL,2026-08-31,0.049821936
a0WA000000IYsQuMAL,2026-08-31,0.5786364
a0WA000000Ias80MAB,2026-08-31,0.21475665
a0WA000000IasDKMAZ,2026-08-31,0.29705352
a0WA000000IauH0MAJ,2026-08-31,0.597831
a0WA000000Iavs2MAB,2026-08-31,0.84250844
a0WA000000IbXxOMAV,2026-08-31,0.49136224
a0WA000000IhTyuMAF,2026-08-31,0.08005805
a0WA000000IhZg1MAF,2026-08-31,0.39307594
a0WA000000IhaSYMAZ,2026-08-31,0.3665257
a0WA000000IheZcMAJ,2026-08-31,0.27856457
a0WA000000IhfNiMAJ,2026-08-31,0.19770266
a0WA000000IhfUdMAJ,2026-08-31,0.1885653
a0WA000000IhypAMAR,2026-08-31,0.68992305
a0WA000000Ii1HMMAZ,2026-08-31,0.14613421
a0WA000000Ii8kgMAB,2026-08-31,0.37621987
a0WA000000IiDZOMA3,2026-08-31,0.89062536
a0WA000000IiFffMAF,2026-08-31,0.049619284
a0WA000000IiHWwMAN,2026-08-31,0.14995864
a0WA000000IiNLbMAN,2026-08-31,0.8387957
a0WA000000IiNLdMAN,2026-08-31,0.23206969
a0WA000000IiNLfMAN,2026-08-31,0.05383293
a0WA000000IiSzRMAV,2026-08-31,0.25038472
a0WA000000IjhCRMAZ,2026-08-31,0.12989178
a0WA000000IwwdTMAR,2026-08-31,0.6258138
a0WA000000IzKBsMAN,2026-08-31,0.18745811
a0WA000000IzgukMAB,2026-08-31,0.40727824
a0WA000000IzlqlMAB,2026-08-31,0.19975254
a0WA000000IzmUcMAJ,2026-08-31,0.055423714
a0WA000000IzoZsMAJ,2026-08-31,0.6484296
a0WA000000IzpTRMAZ,2026-08-31,0.090544775
a0WA000000IzpgxMAB,2026-08-31,0.7337524
a0WA000000IzqKBMAZ,2026-08-31,0.0651861
a0WA000000IzqO6MAJ,2026-08-31,0.613764
a0WA000000J71OSMAZ,2026-08-31,0.25637752
a0WA000000JA3a5MAD,2026-08-31,0.08264908
a0WA000000JAPsVMAX,2026-08-31,0.12076698
a0WA000000JAkuEMAT,2026-08-31,0.13429824
a0WA000000JAqg0MAD,2026-08-31,0.04638429
a0WA000000JAuyKMAT,2026-08-31,0.86628556
a0WA000000JBE02MAH,2026-08-31,0.5815768
a0WA000000JBXdiMAH,2026-08-31,0.5468039
a0WA000000JBk57MAD,2026-08-31,0.12609579
a0WA000000JBpteMAD,2026-08-31,0.5161213
a0WA000000JBq5QMAT,2026-08-31,0.29111573
a0WA000000JGvHBMA1,2026-08-31,0.09208998
a0WA000000JH5SYMA1,2026-08-31,0.04822524
a0WA000000JH9rwMAD,2026-08-31,0.07705287
a0WA000000JHA94MAH,2026-08-31,0.12902157
a0WA000000JHBFaMAP,2026-08-31,0.1783882
a0WA000000JHCdfMAH,2026-08-31,0.84138083
a0WA000000JHCx7MAH,2026-08-31,0.062155884
a0WA000000JHSslMAH,2026-08-31,0.8639934
a0WA000000JHTXJMA5,2026-08-31,0.72083724
a0WA000000JHTXLMA5,2026-08-31,0.11454196
a0WA000000JHYgNMAX,2026-08-31,0.6335931
a0WA000000JHcYAMA1,2026-08-31,0.79923403
a0WA000000JHmMkMAL,2026-08-31,0.1794834
a0WA000000JHokzMAD,2026-08-31,0.07616623
a0WA000000JHol1MAD,2026-08-31,0.7555815
a0WA000000JHol9MAD,2026-08-31,0.28873992
a0WA000000JHoqtMAD,2026-08-31,0.0433841
a0WA000000JYlncMAD,2026-08-31,0.48853755
a0WA000000JZ9OyMAL,2026-08-31,0.6883358
a0WA000000Jb8XFMAZ,2026-08-31,0.7584612
a0WA000000Jb9VJMAZ,2026-08-31,0.4650146
a0WA000000Jb9q9MAB,2026-08-31,0.058909226
a0WA000000JbAqiMAF,2026-08-31,0.10283808
a0WA000000JbBLhMAN,2026-08-31,0.31927532
a0WA000000JbCoNMAV,2026-08-31,0.043712765
a0W2G00000KJIvXUAX,2026-08-31,0.63667023
a0W2G00000KJIvmUAH,2026-08-31,0.08552891
a0W2G00000KJIw2UAH,2026-08-31,0.21315865
a0W2G00000KJJmnUAH,2026-08-31,0.14211726
a0W2G00000KJJmsUAH,2026-08-31,0.29408088
a0W2G00000KJJn5UAH,2026-08-31,0.29700252
a0W2G00000KJJodUAH,2026-08-31,0.4269077
a0W2G00000KJJpnUAH,2026-08-31,0.926587
a0W2G00000KJJr8UAH,2026-08-31,0.085232995
a0W2G00000KJJrQUAX,2026-08-31,0.37422374
a0W2G00000KJKZcUAP,2026-08-31,0.07305504
a0W2G00000KJKc2UAH,2026-08-31,0.1044133
a0W2G00000KJKiqUAH,2026-08-31,0.04600689
a0W2G00000KJKlQUAX,2026-08-31,0.18107101
a0W2G00000KJKr6UAH,2026-08-31,0.4304177
a0W2G00000KJLX5UAP,2026-08-31,0.08395555
a0W2G00000KJLsrUAH,2026-08-31,0.07558056
a0W2G00000KJLzvUAH,2026-08-31,0.090280734
a0W2G00000KJM0AUAX,2026-08-31,0.5100674
a0W2G00000KJM0LUAX,2026-08-31,0.13134094
a0W2G00000KJMXiUAP,2026-08-31,0.8811458
a0W2G00000KJMXnUAP,2026-08-31,0.0937446
a0W2G00000KJMeeUAH,2026-08-31,0.57423866
a0W2G00000KJMfYUAX,2026-08-31,0.07857688
a0W2G00000KJMgqUAH,2026-08-31,0.16212933
a0W2G00000KJMheUAH,2026-08-31,0.54881537
a0W2G00000KJMxoUAH,2026-08-31,0.9057826
a0W2G00000KJN3jUAH,2026-08-31,0.8690965
a0W2G00000KJNApUAP,2026-08-31,0.4630809
a0W2G00000KJNBUUA5,2026-08-31,0.10547519
a0W2G00000KJNCGUA5,2026-08-31,0.8163536
a0W2G00000KJNDtUAP,2026-08-31,0.06955399
a0W2G00000KJTXwUAP,2026-08-31,0.57794595
a0W2G00000KJTY1UAP,2026-08-31,0.5400362
a0W2G00000KJTfhUAH,2026-08-31,0.22668025
a0W2G00000KJThUUAX,2026-08-31,0.094619274
a0W2G00000KJThmUAH,2026-08-31,0.9161696
a0W2G00000KJU27UAH,2026-08-31,0.33241305
a0W2G00000KJUAoUAP,2026-08-31,0.08153877
a0W2G00000KJUSQUA5,2026-08-31,0.4398048
a0W2G00000KJUUsUAP,2026-08-31,0.4944814
a0W2G00000KJUUtUAP,2026-08-31,0.6268885
a0W2G00000KJUYpUAP,2026-08-31,0.2937628
a0W2G00000KJUaLUAX,2026-08-31,0.1441529
a0W2G00000KJV7SUAX,2026-08-31,0.73032254
a0W2G00000KJV8VUAX,2026-08-31,0.26887915
a0W2G00000KJVTkUAP,2026-08-31,0.045735747
a0W2G00000KJVZKUA5,2026-08-31,0.80843073
a0W2G00000KJVgJUAX,2026-08-31,0.887526
a0W2G00000KJW3GUAX,2026-08-31,0.13925818
a0W2G00000KJWFMUA5,2026-08-31,0.7666834
a0W2G00000KJWFRUA5,2026-08-31,0.093568325
a0W2G00000KJWFlUAP,2026-08-31,0.0768324
a0W2G00000KJWFzUAP,2026-08-31,0.1519486
a0W2G00000KJWMYUA5,2026-08-31,0.9179023
a0W2G00000KJWxjUAH,2026-08-31,0.15028027
a0W2G00000KJXJBUA5,2026-08-31,0.7511795
a0W2G00000KJXTxUAP,2026-08-31,0.59002215
a0W2G00000KJXZmUAP,2026-08-31,0.1042156
a0W2G00000KJXaTUAX,2026-08-31,0.077732734
a0W2G00000KfI5vUAF,2026-08-31,0.44260997
a0W2G00000KfIKCUA3,2026-08-31,0.10422913
a0W2G00000KfILRUA3,2026-08-31,0.076071106
a0W2G00000KfITIUA3,2026-08-31,0.07524774
a0W2G00000KfJDGUA3,2026-08-31,0.036339678
a0W2G00000KfJYgUAN,2026-08-31,0.043178882
a0W2G00000KfJhyUAF,2026-08-31,0.12935352
a0W2G00000KfJjfUAF,2026-08-31,0.12845191
a0W2G00000KfK1CUAV,2026-08-31,0.1339274
a0W2G00000KfKr4UAF,2026-08-31,0.08637437
a0W2G00000KfKwFUAV,2026-08-31,0.73303056
a0W2G00000KfKzpUAF,2026-08-31,0.45454007
a0W2G00000KfLAhUAN,2026-08-31,0.8315393
a0W2G00000KfLNGUA3,2026-08-31,0.23058584
a0W2G00000KfLRLUA3,2026-08-31,0.113238394
a0W2G00000KfM51UAF,2026-08-31,0.05884914
a0W2G00000KfM53UAF,2026-08-31,0.35554752
a0W2G00000KfM7XUAV,2026-08-31,0.2342978
a0W2G00000KfMG9UAN,2026-08-31,0.5436921
a0W2G00000KfMTlUAN,2026-08-31,0.8786205
a0W2G00000KfMWPUA3,2026-08-31,0.14194693
a0W2G00000KfMXxUAN,2026-08-31,0.3725914
a0W2G00000KfMtDUAV,2026-08-31,0.35684803
a0W2G00000KfN8rUAF,2026-08-31,0.06906639
a0W2G00000KfNSHUA3,2026-08-31,0.1508928
a0W2G00000KfSnUUAV,2026-08-31,0.49444497
a0W2G00000KfTV4UAN,2026-08-31,0.91087294
a0W2G00000KfTdiUAF,2026-08-31,0.07077323
a0W2G00000KfTkKUAV,2026-08-31,0.34686854
a0W2G00000KfTnYUAV,2026-08-31,0.08857776
a0W2G00000KfTnuUAF,2026-08-31,0.34703192
a0W2G00000KfTvTUAV,2026-08-31,0.47653848
a0W2G00000KfU9ZUAV,2026-08-31,0.12611553
a0W2G00000KfU9eUAF,2026-08-31,0.14897686
a0W2G00000KfUDWUA3,2026-08-31,0.1053431
a0W2G00000KfUF9UAN,2026-08-31,0.1974326
a0W2G00000KfUGPUA3,2026-08-31,0.17893372
a0W2G00000KfUGSUA3,2026-08-31,0.32854137
a0W2G00000KfUHKUA3,2026-08-31,0.0940125
a0W2G00000KfUHeUAN,2026-08-31,0.31456965
a0W2G00000KfUSoUAN,2026-08-31,0.096251495
a0W2G00000KfUauUAF,2026-08-31,0.27474803
a0W2G00000KfUpmUAF,2026-08-31,0.56627166
a0W2G00000KfUppUAF,2026-08-31,0.81505704
a0W2G00000KfV0iUAF,2026-08-31,0.162106
a0W2G00000KfV55UAF,2026-08-31,0.8012068
a0W2G00000KfVB9UAN,2026-08-31,0.47037128
a0W2G00000KfVViUAN,2026-08-31,0.03808061
a0W2G00000KfVXxUAN,2026-08-31,0.094558425
a0W2G00000KfVlIUAV,2026-08-31,0.79038566
a0W2G00000KfVrQUAV,2026-08-31,0.923516
a0W2G00000KjAa4UAF,2026-08-31,0.3088037
a0W2G00000KjAgUUAV,2026-08-31,0.80825734
a0W2G00000KjBwtUAF,2026-08-31,0.08797261
a0W2G00000KjF4zUAF,2026-08-31,0.13385732
a0W2G00000KjGUeUAN,2026-08-31,0.15000665
a0W2G00000KjHRhUAN,2026-08-31,0.39797577
a0W2G00000KjHUfUAN,2026-08-31,0.1647564
a0W2G00000KjHmSUAV,2026-08-31,0.058056347
a0W2G00000KjI1XUAV,2026-08-31,0.57047343
a0W2G00000KjIZhUAN,2026-08-31,0.63721955
a0W2G00000KjKGyUAN,2026-08-31,0.115773566
a0W2G00000KjKOIUA3,2026-08-31,0.35026282
a0W2G00000KjKQvUAN,2026-08-31,0.058536433
a0W2G00000KjKRZUA3,2026-08-31,0.24752855
a0W2G00000KjKUYUA3,2026-08-31,0.58291394
a0W2G00000KjKglUAF,2026-08-31,0.10217373
a0W2G00000KjLH5UAN,2026-08-31,0.524503
a0W2G00000KjO7JUAV,2026-08-31,0.1916414
a0W2G00000KjOLiUAN,2026-08-31,0.7567804
a0W2G00000KjP4SUAV,2026-08-31,0.87679094
a0W2G00000KjPsIUAV,2026-08-31,0.048362233
a0W2G00000KjPsSUAV,2026-08-31,0.3300691
a0W2G00000KjQ54UAF,2026-08-31,0.11304882
a0W2G00000KjQSmUAN,2026-08-31,0.30925396
a0W2G00000KjQU7UAN,2026-08-31,0.44150317
a0W2G00000KjQbWUAV,2026-08-31,0.30103654
a0W2G00000KjRv0UAF,2026-08-31,0.48557594
a0W2G00000KjS84UAF,2026-08-31,0.08559898
a0W2G00000KjffCUAR,2026-08-31,0.14218922
a0W2G00000Kjg1WUAR,2026-08-31,0.26299453
a0W2G00000Kjg5IUAR,2026-08-31,0.14366128
a0W2G00000KjgwVUAR,2026-08-31,0.77445483
a0W2G00000KjgwzUAB,2026-08-31,0.570952
a0W2G00000KjgxxUAB,2026-08-31,0.7636707
a0W2G00000KjhFsUAJ,2026-08-31,0.052293647
a0W2G00000KjjyMUAR,2026-08-31,0.5668211
a0W2G00000KjkmEUAR,2026-08-31,0.29039335
a0W2G00000KjkuBUAR,2026-08-31,0.1194755
a0W2G00000KjlpIUAR,2026-08-31,0.73282564
a0W2G00000KjmxSUAR,2026-08-31,0.05534143
a0W2G00000KjnL4UAJ,2026-08-31,0.14439608
a0W2G00000KjoE5UAJ,2026-08-31,0.67287403
a0W2G00000KjoEUUAZ,2026-08-31,0.81657124
a0W2G00000KjoGfUAJ,2026-08-31,0.69523084
a0W2G00000KjojtUAB,2026-08-31,0.1737861
a0W2G00000KjpaCUAR,2026-08-31,0.64403325
a0W2G00000Kjq6UUAR,2026-08-31,0.6260936
a0W2G00000KjqcsUAB,2026-08-31,0.9220743
a0W2G00000Kjqh3UAB,2026-08-31,0.42589325
a0W2G00000Kjs9xUAB,2026-08-31,0.22111163
a0W2G00000Kjtt9UAB,2026-08-31,0.84857017
a0W2G00000KjuGOUAZ,2026-08-31,0.3185422
a0W2G00000KkAgyUAF,2026-08-31,0.4486328
a0W2G00000KkBjrUAF,2026-08-31,0.7128096
a0W2G00000KkD6KUAV,2026-08-31,0.6672982
a0W2G00000KkDX4UAN,2026-08-31,0.61548215
a0W2G00000KkDpnUAF,2026-08-31,0.5578355
a0W2G00000KkDtQUAV,2026-08-31,0.067878984
a0W2G00000KkDujUAF,2026-08-31,0.30219188
a0W2G00000KkE2kUAF,2026-08-31,0.7953509
a0W2G00000KkEsIUAV,2026-08-31,0.5629251
a0W2G00000KkGYyUAN,2026-08-31,0.21769847
a0W2G00000KoB2mUAF,2026-08-31,0.24275307
a0W2G00000KoB5hUAF,2026-08-31,0.2755308
a0W2G00000KoBHPUA3,2026-08-31,0.08476777
a0W2G00000KoBHjUAN,2026-08-31,0.089496575
a0W2G00000KoBIOUA3,2026-08-31,0.087577134
a0W2G00000KoBNNUA3,2026-08-31,0.15906811
a0W2G00000KoBQZUA3,2026-08-31,0.34373513
a0W2G00000KoBYZUA3,2026-08-31,0.1130488
a0W2G00000KoBi1UAF,2026-08-31,0.5438828
a0W2G00000KoBvuUAF,2026-08-31,0.59014755
a0W2G00000KoCCeUAN,2026-08-31,0.8855116
a0W2G00000KoCD5UAN,2026-08-31,0.25478044
a0W2G00000KoCEkUAN,2026-08-31,0.14851452
a0W2G00000KoCIOUA3,2026-08-31,0.787401
a0W2G00000KoCJ3UAN,2026-08-31,0.095932424
a0W2G00000KoCVLUA3,2026-08-31,0.6403682
a0W2G00000KoCbyUAF,2026-08-31,0.20322044
a0W2G00000KoChxUAF,2026-08-31,0.8064736
a0W2G00000KoQFDUA3,2026-08-31,0.1038179
a0W2G00000KoQyKUAV,2026-08-31,0.046334043
a0W2G00000KoR3OUAV,2026-08-31,0.25463405
a0W2G00000KoSpSUAV,2026-08-31,0.34594065
a0W2G00000KoSpqUAF,2026-08-31,0.16115667
a0W2G00000KoSsJUAV,2026-08-31,0.876683
a0W2G00000KoSviUAF,2026-08-31,0.35459343
a0W2G00000KoTL4UAN,2026-08-31,0.5699709
a0W2G00000KoUpFUAV,2026-08-31,0.07823537
a0W2G00000KoVBgUAN,2026-08-31,0.9374138
a0W2G00000KoVPAUA3,2026-08-31,0.70080245
a0W2G00000KoWf3UAF,2026-08-31,0.5081894
a0W2G00000KoWiJUAV,2026-08-31,0.5137309
a0W2G00000KoWmNUAV,2026-08-31,0.6545108
a0W2G00000KoXITUA3,2026-08-31,0.62551296
a0W2G00000KoXr0UAF,2026-08-31,0.94141436
a0W2G00000KoXw3UAF,2026-08-31,0.4197729
a0W2G00000KoY1uUAF,2026-08-31,0.33637938
a0W2G00000KoYRcUAN,2026-08-31,0.042280354
a0W2G00000KoYWkUAN,2026-08-31,0.4497943
a0W2G00000KoYZNUA3,2026-08-31,0.11469611
a0W2G00000KoaLIUAZ,2026-08-31,0.5448089
a0W2G00000KoaOIUAZ,2026-08-31,0.058250986
a0W2G00000Koaw3UAB,2026-08-31,0.41991085
a0W2G00000KpXubUAF,2026-08-31,0.51714593
a0W2G00000KpYcIUAV,2026-08-31,0.13943887
a0W2G00000KpZ8JUAV,2026-08-31,0.5521264
a0W2G00000KpZZMUA3,2026-08-31,0.5967198
a0W2G00000KpaERUAZ,2026-08-31,0.096173234
a0W2G00000KpanCUAR,2026-08-31,0.31242648
a0W2G00000KpayYUAR,2026-08-31,0.040358726
a0W2G00000KpbQ7UAJ,2026-08-31,0.55189496
a0W2G00000KpbQRUAZ,2026-08-31,0.70281947
a0W2G00000KpcGaUAJ,2026-08-31,0.3662875
a0W2G00000KpeMLUAZ,2026-08-31,0.3116473
a0W2G00000KpfKiUAJ,2026-08-31,0.2323031
a0W2G00000KpfPVUAZ,2026-08-31,0.14151016
a0W2G00000KpfW9UAJ,2026-08-31,0.1379297
a0W2G00000KpfXWUAZ,2026-08-31,0.2605935
a0W2G00000KpfznUAB,2026-08-31,0.44428787
a0W2G00000Kpgp6UAB,2026-08-31,0.50387836
a0W2G00000KphGrUAJ,2026-08-31,0.12872647
a0W2G00000KpiPIUAZ,2026-08-31,0.085973926
a0W2G00000KpjeiUAB,2026-08-31,0.72041726
a0W2G00000KpjllUAB,2026-08-31,0.074203126
a0W2G00000KplHoUAJ,2026-08-31,0.85918933
a0W2G00000Kplf5UAB,2026-08-31,0.7999932
a0W2G00000KpmNYUAZ,2026-08-31,0.34928724
a0W2G00000KpmTgUAJ,2026-08-31,0.521123
a0W2G00000KpmzKUAR,2026-08-31,0.6052914
a0W2G00000KpnMvUAJ,2026-08-31,0.7155392
a0W2G00000KpnsLUAR,2026-08-31,0.12262003
a0W2G00000Kpo6uUAB,2026-08-31,0.3549966
a0W2G00000Kpp2WUAR,2026-08-31,0.1451733
a0W2G00000KpptrUAB,2026-08-31,0.4010614
a0W2G00000KpqZAUAZ,2026-08-31,0.4049351
a0W2G00000LSI7uUAH,2026-08-31,0.039718047
a0W2G00000LjcpmUAB,2026-08-31,0.105646655
a0W2G00000LjcrXUAR,2026-08-31,0.6994577
a0W2G00000LjcsIUAR,2026-08-31,0.114425816
a0W2G00000Ljd5gUAB,2026-08-31,0.13161835
a0W2G00000Ljd6BUAR,2026-08-31,0.14015722
a0W2G00000LjeSmUAJ,2026-08-31,0.11891243
a0W2G00000Ljeb3UAB,2026-08-31,0.057967164
a0W2G00000Ljf05UAB,2026-08-31,0.57230157
a0W2G00000Ljf2JUAR,2026-08-31,0.4730059
a0W2G00000Ljf81UAB,2026-08-31,0.036743097
a0W2G00000LjfFiUAJ,2026-08-31,0.623847
a0W2G00000LjfVkUAJ,2026-08-31,0.078375794
a0W2G00000LjfxfUAB,2026-08-31,0.5910588
a0W2G00000Ljg3NUAR,2026-08-31,0.12393084
a0W2G00000Ljg3rUAB,2026-08-31,0.31120586
a0W2G00000Ljg93UAB,2026-08-31,0.31618813
a0W2G00000Ljgc3UAB,2026-08-31,0.39514
a0W2G00000LjgqKUAR,2026-08-31,0.8471415
a0W2G00000Ljh0bUAB,2026-08-31,0.7010357
a0W2G00000Ljh9pUAB,2026-08-31,0.21907225
a0W2G00000LjhNcUAJ,2026-08-31,0.37177148
a0W2G00000LjhUMUAZ,2026-08-31,0.21119185
a0W2G00000LjhVQUAZ,2026-08-31,0.72769195
a0W2G00000LjhYhUAJ,2026-08-31,0.14661573
a0W2G00000LjhdgUAB,2026-08-31,0.77454275
a0W2G00000MNthsUAD,2026-08-31,0.09024589
a0W2G00000MNtn2UAD,2026-08-31,0.042216036
a0W2G00000MNu7RUAT,2026-08-31,0.15584436
a0W2G00000MNuLxUAL,2026-08-31,0.1992505
a0W2G00000MNuTNUA1,2026-08-31,0.73737085
a0W2G00000MNulWUAT,2026-08-31,0.3093017
a0W2G00000MNv3pUAD,2026-08-31,0.08287871
a0W2G00000MNvoRUAT,2026-08-31,0.6247916
a0W2G00000MNwKSUA1,2026-08-31,0.13384943
a0W2G00000MNwfkUAD,2026-08-31,0.16461502
a0W2G00000MNwwMUAT,2026-08-31,0.68233037
a0W2G00000MNx12UAD,2026-08-31,0.19028191
a0W2G00000MNx6bUAD,2026-08-31,0.087898396
a0W2G00000MNxhhUAD,2026-08-31,0.12388632
a0W2G00000MNxt9UAD,2026-08-31,0.84223986
a0W2G00000MNy1XUAT,2026-08-31,0.6079237
a0W2G00000MNyJCUA1,2026-08-31,0.11386575
a0W2G00000MNyJgUAL,2026-08-31,0.7852402
a0W2G00000MNybGUAT,2026-08-31,0.09573186
a0W2G00000MNyeAUAT,2026-08-31,0.10753091
a0W2G00000MNyeUUAT,2026-08-31,0.31914186
a0W2G00000MNyp8UAD,2026-08-31,0.46840966
a0W2G00000MNypSUAT,2026-08-31,0.58073044
a0W2G00000MNyvLUAT,2026-08-31,0.79903096
a0W2G00000MNzjVUAT,2026-08-31,0.066090584
a0W2G00000MNzlRUAT,2026-08-31,0.08170002
a0W2G00000MNzvvUAD,2026-08-31,0.9059782
a0W2G00000MNzyQUAT,2026-08-31,0.12073382
a0W2G00000MNzznUAD,2026-08-31,0.27646953
a0W2G00000MO0CNUA1,2026-08-31,0.6577071
a0W2G00000MO0MmUAL,2026-08-31,0.28695938
a0W2G00000MO11pUAD,2026-08-31,0.8330504
a0W2G00000MO220UAD,2026-08-31,0.22283274
a0W2G00000MO24GUAT,2026-08-31,0.088371366
a0W2G00000MO2ImUAL,2026-08-31,0.454774
a0W2G00000MO2OaUAL,2026-08-31,0.90482247
a0W2G00000MO2PYUA1,2026-08-31,0.07630012
a0W2G00000MO3KAUA1,2026-08-31,0.053523872
a0W2G00000MO3m9UAD,2026-08-31,0.10865148
a0W2G00000MO3mEUAT,2026-08-31,0.094397955
a0W2G00000MO3mTUAT,2026-08-31,0.11963119
a0W2G00000MO4rtUAD,2026-08-31,0.11537965
a0W2G00000MO5Q0UAL,2026-08-31,0.08764666
a0W2G00000MO5bIUAT,2026-08-31,0.14469151
a0W2G00000MO5fPUAT,2026-08-31,0.2839764
a0W2G00000MO66kUAD,2026-08-31,0.12548703
a0W2G00000MO8oAUAT,2026-08-31,0.24129938
a0W2G00000MO8vkUAD,2026-08-31,0.9168314
a0W2G00000MO9ZpUAL,2026-08-31,0.21834703
a0W2G00000MO9bRUAT,2026-08-31,0.08254094
a0W2G00000MO9hjUAD,2026-08-31,0.056951385
a0W2G00000MO9qCUAT,2026-08-31,0.5867344
a0W2G00000MO9qMUAT,2026-08-31,0.18234284
a0W2G00000MOAEEUA5,2026-08-31,0.52967966
a0W2G00000MOAKvUAP,2026-08-31,0.14881134
a0W2G00000MOAsnUAH,2026-08-31,0.18704538
a0W2G00000MOAwVUAX,2026-08-31,0.74683934
a0W2G00000MOBk6UAH,2026-08-31,0.5259081
a0W2G00000MOBlTUAX,2026-08-31,0.299168
a0W2G00000MOCoYUAX,2026-08-31,0.110227406
a0W2G00000MOD43UAH,2026-08-31,0.37345558
a0W2G00000MODKpUAP,2026-08-31,0.796265
a0W2G00000MODp9UAH,2026-08-31,0.17471276
a0W2G00000MODxXUAX,2026-08-31,0.47582617
a0W2G00000MOE5MUAX,2026-08-31,0.08009284
a0W2G00000MOEBoUAP,2026-08-31,0.092994705
a0W2G00000MOECSUA5,2026-08-31,0.13130197
a0W2G00000MOEKvUAP,2026-08-31,0.68944216
a0W2G00000MOEkjUAH,2026-08-31,0.760029
a0W2G00000MOFpzUAH,2026-08-31,0.23032427
a0W2G00000MOG9aUAH,2026-08-31,0.30076373
a0W2G00000MOG9pUAH,2026-08-31,0.20088352
a0W2G00000MOGZ9UAP,2026-08-31,0.036605094
a0W2G00000MOKbaUAH,2026-08-31,0.16539116
a0W2G00000MOKdCUAX,2026-08-31,0.14607276
a0W2G00000MOKdMUAX,2026-08-31,0.08639799
a0W2G00000MOLWOUA5,2026-08-31,0.10184591
a0W2G00000MOMPOUA5,2026-08-31,0.64509463
a0W2G00000MOMTuUAP,2026-08-31,0.07641448
a0W2G00000MOMXhUAP,2026-08-31,0.19926788
a0W2G00000MOMYQUA5,2026-08-31,0.60752594
a0W2G00000MONPyUAP,2026-08-31,0.09534418
a0W3m00000SWVk2EAH,2026-08-31,0.27093154
a0W3m00000SWWpEEAX,2026-08-31,0.59479815
a0W3m00000SWWpYEAX,2026-08-31,0.07919668
a0W3m00000SWXMXEA5,2026-08-31,0.2958382
a0W3m00000SWXReEAP,2026-08-31,0.7361808
a0W3m00000SWZTkEAP,2026-08-31,0.2719965
a0W3m00000SWambEAD,2026-08-31,0.7207661
a0W3m00000SWaoIEAT,2026-08-31,0.24356145
a0W3m00000SWbfqEAD,2026-08-31,0.081691675
a0W3m00000SWbnJEAT,2026-08-31,0.72341096
a0W3m00000SWclLEAT,2026-08-31,0.18826179
a0W3m00000SWclQEAT,2026-08-31,0.07113512
a0W3m00000SWd87EAD,2026-08-31,0.6627197
a0W3m00000SWe09EAD,2026-08-31,0.7981291
a0W3m00000SWfTqEAL,2026-08-31,0.07600739
a0W3m00000SWfUjEAL,2026-08-31,0.110427134
a0W3m00000SWhgIEAT,2026-08-31,0.26886284
a0W3m00000SWhsgEAD,2026-08-31,0.89480793
a0W3m00000SWi2ZEAT,2026-08-31,0.16433603
a0W3m00000SWi5FEAT,2026-08-31,0.24351981
a0W3m00000SWiccEAD,2026-08-31,0.39466634
a0W3m00000SWj3WEAT,2026-08-31,0.6680185
a0W3m00000SWkfLEAT,2026-08-31,0.7649158
a0W3m00000SWmZkEAL,2026-08-31,0.5442963
a0W3m00000SWnAzEAL,2026-08-31,0.09298092
a0W3m00000SWnBnEAL,2026-08-31,0.082477026
a0W3m00000SWnzQEAT,2026-08-31,0.18270172
a0W3m00000SWoK6EAL,2026-08-31,0.102489896
a0W3m00000SWqUnEAL,2026-08-31,0.31802905
a0W3m00000SWqarEAD,2026-08-31,0.09797653
a0W3m00000SWrSREA1,2026-08-31,0.7303558
a0W3m00000SWsKVEA1,2026-08-31,0.42280686
a0W3m00000ZjdTEEAZ,2026-08-31,0.13966456
a0W3m00000ZjdikEAB,2026-08-31,0.8194945
a0W3m00000ZjeBSEAZ,2026-08-31,0.084613875
a0W3m00000ZjeSEEAZ,2026-08-31,0.45436615
a0W3m00000ZjgibEAB,2026-08-31,0.19500871
a0W3m00000ZjhZfEAJ,2026-08-31,0.1917469
a0W3m00000ZjhmZEAR,2026-08-31,0.3782007
a0W3m00000ZjiQFEAZ,2026-08-31,0.46414277
a0W3m00000ZjiVtEAJ,2026-08-31,0.14332828
a0W3m00000ZjiinEAB,2026-08-31,0.91862875
a0W3m00000ZjjvYEAR,2026-08-31,0.29811725
a0W3m00000ZjjwWEAR,2026-08-31,0.14580166
a0W3m00000Zjk70EAB,2026-08-31,0.7435996
a0W3m00000Zjke9EAB,2026-08-31,0.70452654
a0W3m00000ZjkfHEAR,2026-08-31,0.05420319
a0W3m00000ZjkrSEAR,2026-08-31,0.1617179
a0W3m00000Zjl4rEAB,2026-08-31,0.28807446
a0W3m00000Zjl5BEAR,2026-08-31,0.6198693
a0W3m00000ZjmckEAB,2026-08-31,0.3332463
a0W3m00000ZjmwpEAB,2026-08-31,0.55698425
a0W3m00000ZjoAAEAZ,2026-08-31,0.7730136
a0W3m00000ZjoEWEAZ,2026-08-31,0.13986215
a0W3m00000ZjoMfEAJ,2026-08-31,0.049194407
a0W3m00000ZjpW1EAJ,2026-08-31,0.19650932
a0W3m00000ZjqDZEAZ,2026-08-31,0.11593063
a0W3m00000ZjqjrEAB,2026-08-31,0.6633531
a0W3m00000ZjqmgEAB,2026-08-31,0.8236181
a0W3m00000ZjrtTEAR,2026-08-31,0.8406944
a0W3m00000Zjt5zEAB,2026-08-31,0.2402918
a0W3m00000Zjt7CEAR,2026-08-31,0.14180279
a0W3m00000ZjtWlEAJ,2026-08-31,0.038446937
a0W3m00000ZjtZ1EAJ,2026-08-31,0.33182853
a0W3m00000ZjtfJEAR,2026-08-31,0.67140406
a0W3m00000ZjtznEAB,2026-08-31,0.08011103
a0W3m00000Zju7WEAR,2026-08-31,0.056859825
a0W3m00000Zjuw7EAB,2026-08-31,0.33452964
a0W3m00000ZjvvUEAR,2026-08-31,0.15304898
a0W3m00000ZjxNbEAJ,2026-08-31,0.12643185
a0W3m00000ZjyXoEAJ,2026-08-31,0.7049498
a0W3m00000ZjzroEAB,2026-08-31,0.5392998
a0W3m00000Zk0ndEAB,2026-08-31,0.05458782
a0W3m00000Zk2Q3EAJ,2026-08-31,0.08381692
a0W3m00000Zk3JOEAZ,2026-08-31,0.15918992
a0W3m00000Zk3bNEAR,2026-08-31,0.8384788
a0W3m00000Zk4dqEAB,2026-08-31,0.16119401
a0W3m00000Zk4v6EAB,2026-08-31,0.37723807
a0W3m00000Zk5MCEAZ,2026-08-31,0.5481081
a0W3m00000Zk5i9EAB,2026-08-31,0.7331374
a0W3m00000Zk63gEAB,2026-08-31,0.43091038
a0W3m00000Zk7INEAZ,2026-08-31,0.1798445
a0W3m00000Zk7ULEAZ,2026-08-31,0.06915161
a0W3m00000Zk7hhEAB,2026-08-31,0.83965605
a0W3m00000Zk7mNEAR,2026-08-31,0.57784563
a0W3m00000Zk83xEAB,2026-08-31,0.58375674
a0W3m00000Zk8msEAB,2026-08-31,0.12724835
a0W3m00000Zk8nREAR,2026-08-31,0.24069706
a0W3m00000Zk8nWEAR,2026-08-31,0.6906519
a0W3m00000Zk8nqEAB,2026-08-31,0.8228628
a0W3m00000Zk8oPEAR,2026-08-31,0.6318255
a0W3m00000Zk8oZEAR,2026-08-31,0.07678535
a0W3m00000Zk8prEAB,2026-08-31,0.04532093
a0W3m00000Zk8q6EAB,2026-08-31,0.11933773
a0W3m00000Zk8qLEAR,2026-08-31,0.114842765
a0W3m00000Zk8uIEAR,2026-08-31,0.121960245
a0W3m00000Zk8uNEAR,2026-08-31,0.42624825
a0W3m00000Zk9XHEAZ,2026-08-31,0.040938083
a0W3m00000Zk9cqEAB,2026-08-31,0.61356664
a0W3m00000ZkA8IEAV,2026-08-31,0.81616277
a0W3m00000ZkB4WEAV,2026-08-31,0.24741434
a0W3m00000ZkBKtEAN,2026-08-31,0.0632992
a0W3m00000ZkBtKEAV,2026-08-31,0.15560187
a0W3m00000ZkE0XEAV,2026-08-31,0.46361494
a0W3m00000ZkFDIEA3,2026-08-31,0.22368035
a0W3m00000ZkFGgEAN,2026-08-31,0.102468826
a0W3m00000ZkFNSEA3,2026-08-31,0.079439335
a0W3m00000ZkG8nEAF,2026-08-31,0.4007197
a0W3m00000ZkGCpEAN,2026-08-31,0.08980626
a0W3m00000ZkGkTEAV,2026-08-31,0.14083715
a0W3m00000ZkIYkEAN,2026-08-31,0.09734189
a0W3m00000ZkJ8OEAV,2026-08-31,0.3272702
a0W3m00000ZkKVgEAN,2026-08-31,0.54446703
a0W3m00000ZkKf7EAF,2026-08-31,0.39433792
a0W3m00000ZkN74EAF,2026-08-31,0.10790466
a0W3m00000ZkN7YEAV,2026-08-31,0.16427307
a0W3m00000ZkN82EAF,2026-08-31,0.60494536
a0W3m00000ZkNPyEAN,2026-08-31,0.040325504
a0W3m00000ZksKDEAZ,2026-08-31,0.7596154
a0W3m00000ZksdwEAB,2026-08-31,0.05181914
a0W3m00000ZksqAEAR,2026-08-31,0.034719873
a0W3m00000ZkttREAR,2026-08-31,0.06842628
a0W3m00000ZkveMEAR,2026-08-31,0.56570375
a0W3m00000ZkvssEAB,2026-08-31,0.5370515
a0W3m00000ZkwNXEAZ,2026-08-31,0.68188196
a0W3m00000ZkwUnEAJ,2026-08-31,0.19397816
a0W3m00000ZkyftEAB,2026-08-31,0.6977437
a0W3m00000Zl062EAB,2026-08-31,0.27628753
a0W3m00000Zl0eVEAR,2026-08-31,0.8193371
a0W3m00000Zl1JiEAJ,2026-08-31,0.05019098
a0W3m00000Zl1dAEAR,2026-08-31,0.4939481
a0W3m00000Zl4DDEAZ,2026-08-31,0.62607783
a0W3m00000Zl4N5EAJ,2026-08-31,0.12523317
a0W3m00000Zl58xEAB,2026-08-31,0.035715744
a0W3m00000Zl5V2EAJ,2026-08-31,0.042870633
a0W3m00000Zl6ScEAJ,2026-08-31,0.04093658
a0W3m00000Zl6ZuEAJ,2026-08-31,0.07304516
a0W3m00000Zl6qzEAB,2026-08-31,0.7394864
a0W3m00000b4u69EAA,2026-08-31,0.83374226
a0W3m00000b4uyrEAA,2026-08-31,0.2047543
a0W3m00000b4veuEAA,2026-08-31,0.30886677
a0W3m00000b4yItEAI,2026-08-31,0.34047255
a0W3m00000b4zikEAA,2026-08-31,0.4209589
a0W3m00000b4zn6EAA,2026-08-31,0.18969423
a0W3m00000b50ZyEAI,2026-08-31,0.54745865
a0W3m00000b55dhEAA,2026-08-31,0.12337265
a0W3m00000b55i8EAA,2026-08-31,0.3616298
a0W3m00000b55jaEAA,2026-08-31,0.7139342
a0W3m00000b55llEAA,2026-08-31,0.19504412
a0W3m00000b55tfEAA,2026-08-31,0.078531995
a0W3m00000b560lEAA,2026-08-31,0.0640213
a0W3m00000b565HEAQ,2026-08-31,0.20594145
a0W3m00000b56DuEAI,2026-08-31,0.11222194
a0W3m00000b56I1EAI,2026-08-31,0.08352018
a0W3m00000b5AOIEA2,2026-08-31,0.2992909
a0W3m00000b5AQJEA2,2026-08-31,0.19988443
a0W3m00000b5BKkEAM,2026-08-31,0.72981626
a0W3m00000b5CPiEAM,2026-08-31,0.101309285
a0W3m00000b5HHsEAM,2026-08-31,0.8020784
a0W3m00000b5IhoEAE,2026-08-31,0.65894973
a0W3m00000b5Iv2EAE,2026-08-31,0.6916518
a0W3m00000b5Jl6EAE,2026-08-31,0.058036726
a0W3m00000b5KXtEAM,2026-08-31,0.12222317
a0W3m00000b5LETEA2,2026-08-31,0.4276595
a0W3m00000bUZjHEAW,2026-08-31,0.74182564
a0W3m00000bUb2iEAC,2026-08-31,0.09804363
a0W3m00000bUbArEAK,2026-08-31,0.25966346
a0W3m00000bUbK8EAK,2026-08-31,0.092699304
a0W3m00000bUbOjEAK,2026-08-31,0.47381315
a0W3m00000bUdqWEAS,2026-08-31,0.23320718
a0W3m00000bUgf1EAC,2026-08-31,0.8841832
a0W3m00000bUgwWEAS,2026-08-31,0.06728865
a0W3m00000bpXTmEAM,2026-08-31,0.30379727
a0W3m00000bpXvqEAE,2026-08-31,0.103162035
a0W3m00000bpkDfEAI,2026-08-31,0.15365437
a0W3m00000bpmsZEAQ,2026-08-31,0.110949636
a0W3m00000bpmzfEAA,2026-08-31,0.64466286
a0W3m00000bppdOEAQ,2026-08-31,0.055349424
a0W3m00000bpqDCEAY,2026-08-31,0.20207596
a0W3m00000bpqH4EAI,2026-08-31,0.43125835
a0W3m00000bps1IEAQ,2026-08-31,0.44357404
a0W3m00000bzGFpEAM,2026-08-31,0.8143238
a0W3m00000bzGL1EAM,2026-08-31,0.04389516
a0W3m00000bzI3EEAU,2026-08-31,0.6128767
a0W3m00000bzItxEAE,2026-08-31,0.3921186
a0W3m00000bzJbQEAU,2026-08-31,0.05644447
a0W3m00000bzMdYEAU,2026-08-31,0.08659103
a0W3m00000bzNjHEAU,2026-08-31,0.28591108
a0W3m00000bzOZLEA2,2026-08-31,0.29436317
a0W3m00000bzPUoEAM,2026-08-31,0.17996074
a0W3m00000bzQZnEAM,2026-08-31,0.06961683
a0W3m00000bzR3LEAU,2026-08-31,0.25759616
a0W3m00000bzV9xEAE,2026-08-31,0.43695173
a0W3m00000bzXYkEAM,2026-08-31,0.65150404
a0W3m00000bzYtCEAU,2026-08-31,0.21951891
a0W3m00000bzeVIEAY,2026-08-31,0.044471294
a0W3m00000bzfHnEAI,2026-08-31,0.7851567
a0W3m00000bzhA4EAI,2026-08-31,0.6677804
a0W3m00000bzmXbEAI,2026-08-31,0.8178255
a0W3m00000bzmuhEAA,2026-08-31,0.79760987
a0W3m00000bzsrMEAQ,2026-08-31,0.66853034
a0W3m00000ceoSiEAI,2026-08-31,0.05042053
a0W3m00000ceoUoEAI,2026-08-31,0.0386083
a0W3m00000ceuXxEAI,2026-08-31,0.1618022
a0W3m00000ceuh3EAA,2026-08-31,0.04130063
a0W3m00000ceuz5EAA,2026-08-31,0.04702479
a0W3m00000cevHnEAI,2026-08-31,0.75592303
a0W3m00000cewFFEAY,2026-08-31,0.86012197
a0W3m00000cexE4EAI,2026-08-31,0.78585565
a0W3m00000cf2MVEAY,2026-08-31,0.30276233
a0W3m00000cf9gPEAQ,2026-08-31,0.07739993
a0W3m00000cfAuiEAE,2026-08-31,0.62921685
a0W3m00000cfHYtEAM,2026-08-31,0.80213195
a0W3m00000cfLsvEAE,2026-08-31,0.108830534
a0W3m00000cfLyIEAU,2026-08-31,0.8325237
a0W3m00000cfMgwEAE,2026-08-31,0.1829218
a0W3m00000cfNzjEAE,2026-08-31,0.40776473
a0W3m00000cfO5JEAU,2026-08-31,0.08229265
a0W3m00000cfe8bEAA,2026-08-31,0.24234767
a0W3m00000cff3ZEAQ,2026-08-31,0.045752816
a0W3m00000cfffEEAQ,2026-08-31,0.38632792
a0W3m00000cfhbDEAQ,2026-08-31,0.8707509
a0W3m00000cflzeEAA,2026-08-31,0.072292574
a0W3m00000cfuBZEAY,2026-08-31,0.9455412
a0W3m00000cg5VAEAY,2026-08-31,0.8147327
a0W3m00000cg5d5EAA,2026-08-31,0.08689795
a0W3m00000cgDQ8EAM,2026-08-31,0.92530257
a0W3m00000cgGCgEAM,2026-08-31,0.3577563
a0W3m00000cgGD0EAM,2026-08-31,0.43025908
a0W3m00000cgGbfEAE,2026-08-31,0.56481254
a0W3m00000cgqF6EAI,2026-08-31,0.08995278
a0W3m00000cgrWEEAY,2026-08-31,0.0788178
a0W3m00000chO3yEAE,2026-08-31,0.40377343
a0W3m00000chO7REAU,2026-08-31,0.16272447
a0W3m00000chO7bEAE,2026-08-31,0.6420163
a0W3m00000chODmEAM,2026-08-31,0.053201176
a0W3m00000chOFJEA2,2026-08-31,0.06100396
a0W3m00000chPjLEAU,2026-08-31,0.3126082
a0W3m00000chcBpEAI,2026-08-31,0.03479003
a0W3m00000cheyiEAA,2026-08-31,0.099053405
a0W3m00000chqUiEAI,2026-08-31,0.6690321
a0W3m00000chqjUEAQ,2026-08-31,0.28784767
a0W3m00000cht89EAA,2026-08-31,0.5464974
a0W3m00000cuopZEAQ,2026-08-31,0.5230159
a0W3m00000cuyXMEAY,2026-08-31,0.64863926
a0W3m00000cuzToEAI,2026-08-31,0.39696077
a0W3m00000cv18fEAA,2026-08-31,0.56862545
a0W3m00000cv8wmEAA,2026-08-31,0.52218425
a0W3m00000cvWCdEAM,2026-08-31,0.23238699
a0W3m00000cvbilEAA,2026-08-31,0.22765301
a0W3m00000cveLvEAI,2026-08-31,0.5059875
a0W3m00000cvh0LEAQ,2026-08-31,0.05312807
a0W3m00000cvpDrEAI,2026-08-31,0.94135916
a0W3m00000cvqv2EAA,2026-08-31,0.5948891
a0W3m00000cvzwAEAQ,2026-08-31,0.26707417
a0W3m00000cwHFXEA2,2026-08-31,0.4151477
a0W3m00000cwQBTEA2,2026-08-31,0.12861659
a0W3m00000cwkk0EAA,2026-08-31,0.6181796
a0W3m00000cwqZ2EAI,2026-08-31,0.93926483
a0W3m00000cx7EbEAI,2026-08-31,0.8948447
a0W3m00000cx98hEAA,2026-08-31,0.6497465
a0W3m00000cxKQdEAM,2026-08-31,0.13716878
a0W3m00000cxQNwEAM,2026-08-31,0.8752233
a0W3m00000cxahLEAQ,2026-08-31,0.08572481
a0W3m00000cxbepEAA,2026-08-31,0.18716674
a0W3m00000cxiRREAY,2026-08-31,0.07263171
a0W3m00000cxkYKEAY,2026-08-31,0.30378902
a0W3m00000cxxQdEAI,2026-08-31,0.57403374
a0W3m00000cy1x9EAA,2026-08-31,0.63284284
a0W3m00000cy37IEAQ,2026-08-31,0.2532539
a0W3m00000cyFz1EAE,2026-08-31,0.076071106
a0W3m00000cyGx3EAE,2026-08-31,0.17399324
a0W3m00000cyIqqEAE,2026-08-31,0.091750324
a0W3m00000cyOTIEA2,2026-08-31,0.26821116
a0W3m00000cyOXYEA2,2026-08-31,0.08630567
a0W3m00000cyOXsEAM,2026-08-31,0.3953475
a0W3m00000cyOXxEAM,2026-08-31,0.07686124
a0W3m00000cyOZAEA2,2026-08-31,0.06264068
a0W3m00000cyOZjEAM,2026-08-31,0.42560878
a0W3m00000cyP1VEAU,2026-08-31,0.13423626
a0W3m00000cyP1aEAE,2026-08-31,0.038446937
a0W3m00000dGxvMEAS,2026-08-31,0.72594947
a0W3m00000dGzvqEAC,2026-08-31,0.78175914
a0W3m00000dH1BpEAK,2026-08-31,0.10918311
a0W3m00000dH1kBEAS,2026-08-31,0.93808556
a0W3m00000dH2DeEAK,2026-08-31,0.27820468
a0W3m00000dH2XeEAK,2026-08-31,0.3742036
a0W3m00000dH4PLEA0,2026-08-31,0.108992085
a0W3m00000dH4ULEA0,2026-08-31,0.91648656
a0W3m00000dH51tEAC,2026-08-31,0.28245643
a0W3m00000dH6ldEAC,2026-08-31,0.62845016
a0W3m00000dH7h0EAC,2026-08-31,0.5272049
a0W3m00000dH9XuEAK,2026-08-31,0.048550315
a0W3m00000dHA3REAW,2026-08-31,0.536218
a0W3m00000dHACEEA4,2026-08-31,0.870761
a0W3m00000dHACdEAO,2026-08-31,0.7937795
a0W3m00000dHAIqEAO,2026-08-31,0.13062592
a0W3m00000dHBYXEA4,2026-08-31,0.45699432
a0W3m00000dHCKqEAO,2026-08-31,0.15781467
a0W3m00000dHEt4EAG,2026-08-31,0.17281802
a0W3m00000dHFP5EAO,2026-08-31,0.054506756
a0W3m00000dHFhsEAG,2026-08-31,0.12817322
a0W3m00000dHGGhEAO,2026-08-31,0.13919026
a0W3m00000dHGsSEAW,2026-08-31,0.081995025
a0W3m00000dHI8REAW,2026-08-31,0.16267325
a0W3m00000dHIC9EAO,2026-08-31,0.051014498
a0W3m00000dHICnEAO,2026-08-31,0.04821234
a0W3m00000dHeZJEA0,2026-08-31,0.387296
a0W3m00000dHelZEAS,2026-08-31,0.08572709
a0W3m00000dHfcOEAS,2026-08-31,0.07908556
a0W3m00000dHfxHEAS,2026-08-31,0.06635633
a0W3m00000dHgGJEA0,2026-08-31,0.09273836
a0W3m00000dHi4DEAS,2026-08-31,0.81412846
a0W3m00000dHi6TEAS,2026-08-31,0.053260867
a0W3m00000dHkCSEA0,2026-08-31,0.077248104
a0W3m00000dHkIzEAK,2026-08-31,0.793086
a0W3m00000dHlrEEAS,2026-08-31,0.056535695
a0W3m00000dHlyUEAS,2026-08-31,0.22715035
a0W3m00000dHmJIEA0,2026-08-31,0.12918524
a0W3m00000dHnXVEA0,2026-08-31,0.20023575
a0W3m00000dHnyTEAS,2026-08-31,0.07806841
a0W3m00000dHoIaEAK,2026-08-31,0.7605518
a0W3m00000dHqjaEAC,2026-08-31,0.100838944
a0W3m00000dHqwAEAS,2026-08-31,0.7115479
a0W3m00000dHr5qEAC,2026-08-31,0.054597348
a0W3m00000dHrvwEAC,2026-08-31,0.11567516
a0W3m00000dHtazEAC,2026-08-31,0.06335286
a0W3m00000dHtdFEAS,2026-08-31,0.04051553
a0W3m00000dICRhEAO,2026-08-31,0.20811437
a0W3m00000dIEPKEA4,2026-08-31,0.12197863
a0W3m00000dIERGEA4,2026-08-31,0.0768324
a0W3m00000dIEXiEAO,2026-08-31,0.12393084
a0W3m00000dIEc4EAG,2026-08-31,0.9113314
a0W3m00000dIEnbEAG,2026-08-31,0.113208495
a0W3m00000dIEphEAG,2026-08-31,0.91139203
a0W3m00000dIFLEEA4,2026-08-31,0.26808453
a0W3m00000dIGnhEAG,2026-08-31,0.06310074
a0W3m00000dIGo1EAG,2026-08-31,0.16327548
a0W3m00000dIHP7EAO,2026-08-31,0.29494315
a0W3m00000dIHqSEAW,2026-08-31,0.24392028
a0W3m00000dIIDvEAO,2026-08-31,0.25483575
a0W3m00000dIIsYEAW,2026-08-31,0.0801391
a0W3m00000dILL6EAO,2026-08-31,0.22753748
a0W3m00000dIM1MEAW,2026-08-31,0.03683564
a0W3m00000dIM5dEAG,2026-08-31,0.27448335
a0W3m00000dIMBvEAO,2026-08-31,0.11735741
a0W3m00000dIPT1EAO,2026-08-31,0.5636621
a0W3m00000dIRjUEAW,2026-08-31,0.7186383
a0W3m00000dISlCEAW,2026-08-31,0.10075808
a0W3m00000dIT1tEAG,2026-08-31,0.5096894
a0W3m00000dIXrgEAG,2026-08-31,0.03875005
a0W3m00000dIY0JEAW,2026-08-31,0.65442663
a0W3m00000dIZVXEA4,2026-08-31,0.162956
a0W3m00000dIZv7EAG,2026-08-31,0.71107954
a0W3m00000dIa65EAC,2026-08-31,0.103584155
a0W3m00000dIbRaEAK,2026-08-31,0.039866254
a0W3m00000dIbbfEAC,2026-08-31,0.12513454
a0W3m00000dIdBTEA0,2026-08-31,0.23950528
a0W3m00000dIdRREA0,2026-08-31,0.9033116
a0W3m00000dIesvEAC,2026-08-31,0.20068878
a0W3m00000dIfi9EAC,2026-08-31,0.8097416
a0W3m00000dIgADEA0,2026-08-31,0.21063627
a0W3m00000dIgiFEAS,2026-08-31,0.17403327
a0W3m00000dIgiUEAS,2026-08-31,0.04754066
a0W3m00000dIim1EAC,2026-08-31,0.14141984
a0W3m00000dInuJEAS,2026-08-31,0.7882567
a0W3m00000dIqqOEAS,2026-08-31,0.080580294
a0W3m00000dIrBCEA0,2026-08-31,0.14759293
a0W3m00000dIrE1EAK,2026-08-31,0.5193232
a0W3m00000dIrdpEAC,2026-08-31,0.254439
a0W3m00000dU4vFEAS,2026-08-31,0.7029991
a0W3m00000dU557EAC,2026-08-31,0.11229397
a0W3m00000dU624EAC,2026-08-31,0.762465
a0W3m00000dU6EKEA0,2026-08-31,0.89095277
a0W3m00000dU7jSEAS,2026-08-31,0.2526541
a0W3m00000dU8UZEA0,2026-08-31,0.21217194
a0W3m00000dU9ZOEA0,2026-08-31,0.07493174
a0WA0000008sNUpMAM,2026-08-31,0.45813453
a0WA0000008sNWtMAM,2026-08-31,0.82118654
a0WA0000008sNaAMAU,2026-08-31,0.44031876
a0WA0000008sNezMAE,2026-08-31,0.6133418
a0WA0000008sNfLMAU,2026-08-31,0.3192182
a0WA0000008sNfcMAE,2026-08-31,0.046712905
a0WA0000008sNhwMAE,2026-08-31,0.7070252
a0WA0000008sNjWMAU,2026-08-31,0.27821568
a0WA0000008sNjdMAE,2026-08-31,0.06222008
a0WA0000008sNk4MAE,2026-08-31,0.71613294
a0WA0000008sNmeMAE,2026-08-31,0.20640293
a0WA0000008sNo4MAE,2026-08-31,0.36052167
a0WA0000008sNsZMAU,2026-08-31,0.8132337
a0WA0000008sNuUMAU,2026-08-31,0.41824514
a0WA0000008sO1tMAE,2026-08-31,0.44004288
a0WA0000008sO46MAE,2026-08-31,0.84868723
a0WA0000008sO4jMAE,2026-08-31,0.07255853
a0WA0000008sOBJMA2,2026-08-31,0.52348316
a0WA0000008sOGGMA2,2026-08-31,0.1763725
a0WA0000008sOJ1MAM,2026-08-31,0.778094
a0WA0000008sOLzMAM,2026-08-31,0.07062777
a0WA0000008sOWwMAM,2026-08-31,0.042563416
a0WA0000008sOisMAE,2026-08-31,0.12815969
a0WA0000008sOiuMAE,2026-08-31,0.078702964
a0WA0000008sP0NMAU,2026-08-31,0.8678336
a0WA0000008sP2WMAU,2026-08-31,0.6298028
a0WA0000008sP3cMAE,2026-08-31,0.23409262
a0WOG000007T8PZ2A0,2026-08-31,0.0896158
a0WOG000007TMkH2AW,2026-08-31,0.27077705
a0WOG000007TQRJ2A4,2026-08-31,0.45864972
a0WOG000007TSzO2AW,2026-08-31,0.068621464
a0WOG000007TYTh2AO,2026-08-31,0.039429497
a0WOG000007TbHt2AK,2026-08-31,0.15376125
a0WOG000007ToQQ2A0,2026-08-31,0.13987738
a0WOG000007TwKj2AK,2026-08-31,0.07506421
a0WOG000007U1qf2AC,2026-08-31,0.0429857
a0WOG000007U8Va2AK,2026-08-31,0.5302287
a0WOG000007UDa52AG,2026-08-31,0.04358239
a0WOG000007USu52AG,2026-08-31,0.07645351
a0WOG000007UT8b2AG,2026-08-31,0.049782876
a0WOG000007UZsM2AW,2026-08-31,0.301612
a0WOG000007Uc3p2AC,2026-08-31,0.35778186
a0WOG000007V3vF2AS,2026-08-31,0.26520705
a0WOG000007VKPp2AO,2026-08-31,0.17460577
a0WOG000007VLc12AG,2026-08-31,0.21584918
a0WOG000007VN7Z2AW,2026-08-31,0.7770869
a0WOG000007VNqj2AG,2026-08-31,0.6280884
a0WOG000007VNyn2AG,2026-08-31,0.10325388
a0WOG000007VbLp2AK,2026-08-31,0.4192978
a0WOG000007Vbbx2AC,2026-08-31,0.17578411
a0WOG000007VffZ2AS,2026-08-31,0.68584716
a0WOG000007VilV2AS,2026-08-31,0.50046384
a0WOG000007W38P2AS,2026-08-31,0.53157014
a0WOG000007WA3R2AW,2026-08-31,0.065075755
a0WOG000007WD4Y2AW,2026-08-31,0.41973343
a0WOG000007WDXZ2A4,2026-08-31,0.09128339
a0WOG000007WEOo2AO,2026-08-31,0.42608166
a0WOG000007WGgj2AG,2026-08-31,0.060517106
a0WOG000007WIc52AG,2026-08-31,0.20007217
a0WOG000003dl3l2AA,2026-08-31,0.34888333
a0WOG000003dn0j2AA,2026-08-31,0.046405587
a0WOG000003dte12AA,2026-08-31,0.09494271
a0WOG000003e0af2AA,2026-08-31,0.85579824
a0WOG000003e3QT2AY,2026-08-31,0.8321829
a0WOG000003eHd72AE,2026-08-31,0.7376765
a0WOG000003eINt2AM,2026-08-31,0.8725261
a0WOG000003eNVd2AM,2026-08-31,0.19996503
a0WOG000003eORh2AM,2026-08-31,0.08641841
a0WOG000003eSwj2AE,2026-08-31,0.071867004
a0WOG000003eVL72AM,2026-08-31,0.38164142
a0WOG000003eXzd2AE,2026-08-31,0.22841136
a0WOG000003eYSf2AM,2026-08-31,0.3267229
a0WOG000003eZYP2A2,2026-08-31,0.8533551
a0WOG000003eiVt2AI,2026-08-31,0.81801045
a0WOG000003f2lh2AA,2026-08-31,0.33130357
a0WOG000003f6ZB2AY,2026-08-31,0.08103097
a0WOG000003iBSf2AM,2026-08-31,0.72431225
a0WOG000003jp1R2AQ,2026-08-31,0.1222534
a0WOG000003lANB2A2,2026-08-31,0.0768324
a0WOG000003ncOz2AI,2026-08-31,0.04282624
a0WOG000003nrPe2AI,2026-08-31,0.49450222
a0WOG000003nsgf2AA,2026-08-31,0.042474955
a0WOG000003o3k92AA,2026-08-31,0.083468236
a0WOG000003o5Iv2AI,2026-08-31,0.06373338
a0WOG000003o6Of2AI,2026-08-31,0.095097296
a0WOG000003oBJX2A2,2026-08-31,0.87766474
a0WOG000003oW2k2AE,2026-08-31,0.32681605
a0WOG000003ob132AA,2026-08-31,0.36897278
a0WOG000003odyv2AA,2026-08-31,0.5126365
a0WOG000003or932AA,2026-08-31,0.57079524
a0WOG000003ovML2AY,2026-08-31,0.6363644
a0WOG000003ovas2AA,2026-08-31,0.04233555
a0WOG000003p6RR2AY,2026-08-31,0.47014484
a0WOG000003pABj2AM,2026-08-31,0.12634155
a0WOG000003q67d2AA,2026-08-31,0.22620212
a0WOG000003q81N2AQ,2026-08-31,0.4590854
a0WOG000003qCoA2AU,2026-08-31,0.079685345
a0WOG000003qToz2AE,2026-08-31,0.098975845
a0WOG000003qUyg2AE,2026-08-31,0.045422804
a0WOG000003qg4g2AA,2026-08-31,0.36678824
a0WOG000003qyb32AA,2026-08-31,0.114138775
a0WOG000003rM2H2AU,2026-08-31,0.17003202
a0WOG000003sbVV2AY,2026-08-31,0.16319917
a0WOG000003su9u2AA,2026-08-31,0.31376967
a0WOG000003t1rN2AQ,2026-08-31,0.061836332
a0WOG000003tQL72AM,2026-08-31,0.19700922
a0WOG000003tT9J2AU,2026-08-31,0.85249853
a0WOG000003vmW12AI,2026-08-31,0.91744554
a0WOG000003vzGg2AI,2026-08-31,0.049283404
a0WOG000003w9nZ2AQ,2026-08-31,0.4880531
a0WOG000003wFkv2AE,2026-08-31,0.83474445
a0WOG000003wH1x2AE,2026-08-31,0.06400453
a0WOG000003wLK52AM,2026-08-31,0.7184541
a0WOG000003wTkf2AE,2026-08-31,0.19810013
a0WOG000003wV9l2AE,2026-08-31,0.22326326
a0WOG000003wVcn2AE,2026-08-31,0.8063691
a0WOG000003whR32AI,2026-08-31,0.69497365
a0WOG000003zSnF2AU,2026-08-31,0.6270269
a0WOG000003zmyr2AA,2026-08-31,0.071757786
a0WOG000003zoiw2AA,2026-08-31,0.036040183
a0WOG000003zs9p2AA,2026-08-31,0.23768562
a0WOG000003ztM22AI,2026-08-31,0.6517343
a0WOG00000403Zt2AI,2026-08-31,0.037908256
a0WOG00000404u92AA,2026-08-31,0.09796779
a0WOG00000408WM2AY,2026-08-31,0.5366
a0WOG00000409KL2AY,2026-08-31,0.7090539
a0WOG0000040fvJ2AQ,2026-08-31,0.3705697
a0WOG0000040sFp2AI,2026-08-31,0.92662966
a0WOG0000040xx32AA,2026-08-31,0.6833415
a0WOG0000040yxx2AA,2026-08-31,0.45747808
a0WOG0000041ZMP2A2,2026-08-31,0.090006255
a0WOG0000041g9N2AQ,2026-08-31,0.28936937
a0WOG0000041ipW2AQ,2026-08-31,0.40369323
a0WOG0000041mMs2AI,2026-08-31,0.13866083
a0WOG000004287F2AQ,2026-08-31,0.12250378
a0WOG00000428VR2AY,2026-08-31,0.0767909
a0WOG0000042B9x2AE,2026-08-31,0.70005107
a0WOG0000042ESn2AM,2026-08-31,0.20860717
a0WOG0000042nOv2AI,2026-08-31,0.61800027
a0WOG0000042oT32AI,2026-08-31,0.08273298
a0WOG0000042vaz2AA,2026-08-31,0.27180398
a0WOG0000042y7R2AQ,2026-08-31,0.25533628
a0WOG0000043aB72AI,2026-08-31,0.15189204
a0WOG0000043grd2AA,2026-08-31,0.8683389
a0WOG0000043p6w2AA,2026-08-31,0.098733805
a0WOG0000043yF32AI,2026-08-31,0.05169557
a0WOG000004492P2AQ,2026-08-31,0.5394929
a0WOG0000044d262AA,2026-08-31,0.7041359
a0WOG0000044m5N2AQ,2026-08-31,0.06677242
a0WOG0000044t3d2AA,2026-08-31,0.15136507
a0WOG0000045gvZ2AQ,2026-08-31,0.0913552
a0WOG0000045oLF2AY,2026-08-31,0.6827008
a0WOG00000465ab2AA,2026-08-31,0.29626077
a0WOG00000466LN2AY,2026-08-31,0.8667067
a0WOG0000046GB32AM,2026-08-31,0.22751595
a0WOG0000046GHW2A2,2026-08-31,0.051525146
a0WOG0000046hUb2AI,2026-08-31,0.1617864
a0WOG0000046o4f2AA,2026-08-31,0.18524946
a0WOG0000046p3x2AA,2026-08-31,0.1437829
a0WOG0000046shl2AA,2026-08-31,0.08715188
a0WOG0000046wwf2AA,2026-08-31,0.045308657
a0WOG000004735J2AQ,2026-08-31,0.07984551
a0WOG00000478pl2AA,2026-08-31,0.0788178
a0WOG000004ASS92AO,2026-08-31,0.22486387
a0WOG000004Afdt2AC,2026-08-31,0.17067783
a0WOG000004AhEH2A0,2026-08-31,0.4083059
a0WOG000004Aiez2AC,2026-08-31,0.036405444
a0WOG000004Ajw12AC,2026-08-31,0.0537399
a0WOG000004PdWv2AK,2026-08-31,0.18431275
a0WOG000004Pda92AC,2026-08-31,0.6507142
a0WOG000004QEzV2AW,2026-08-31,0.63055015
a0WOG000004QZUT2A4,2026-08-31,0.06791107
a0WOG000004QZXh2AO,2026-08-31,0.12111619
a0WOG000004R1Lt2AK,2026-08-31,0.6010971
a0WOG000004RBTJ2A4,2026-08-31,0.2539618
a0WOG000004RIwD2AW,2026-08-31,0.068567805
a0WOG000004S8A12AK,2026-08-31,0.13157058
a0WOG000004S8DF2A0,2026-08-31,0.0784922
a0WOG000004S9in2AC,2026-08-31,0.087577134
a0WOG000004SAyD2AW,2026-08-31,0.1339491
a0WOG000004VfKj2AK,2026-08-31,0.18153301
a0WOG000004VhRN2A0,2026-08-31,0.78059703
a0WOG000004Vhb32AC,2026-08-31,0.039232638
a0WOG000004WOjF2AW,2026-08-31,0.056968495
a0WOG000004WgLB2A0,2026-08-31,0.7383837
a0WOG000004WiRp2AK,2026-08-31,0.5867389
a0WOG000004WklN2AS,2026-08-31,0.3362133
a0WOG000004WlKr2AK,2026-08-31,0.10381578
a0WOG000004WlMT2A0,2026-08-31,0.0749059
a0WOG000004WmFJ2A0,2026-08-31,0.8085606
a0WOG000004X1vt2AC,2026-08-31,0.061347563
a0WOG000004XMlp2AG,2026-08-31,0.061397158
a0WOG000004XRK52AO,2026-08-31,0.76428384
a0WOG000004Xbw92AC,2026-08-31,0.09301704
a0WOG000004XeNl2AK,2026-08-31,0.40921113
a0WOG000004Xf8Y2AS,2026-08-31,0.29086018
a0WOG000004XhWv2AK,2026-08-31,0.2997631
a0WOG000004XnE92AK,2026-08-31,0.8243716
a0WOG000004XoLV2A0,2026-08-31,0.18833867
a0WOG000004Xs7O2AS,2026-08-31,0.1313216
a0WOG000004Xt0D2AS,2026-08-31,0.03751635
a0WOG000004Y54b2AC,2026-08-31,0.14267027
a0WOG000004Y9bF2AS,2026-08-31,0.41953143
a0WOG000004YCpF2AW,2026-08-31,0.4561649
a0WOG000004YE4f2AG,2026-08-31,0.12174796
a0WOG000004YEcX2AW,2026-08-31,0.09868092
a0WOG000004YMqD2AW,2026-08-31,0.19455235
a0WOG000004YQQn2AO,2026-08-31,0.67482114
a0WOG000004YT8X2AW,2026-08-31,0.12572987
a0WOG000004YdCj2AK,2026-08-31,0.29267204
a0WOG000004YevB2AS,2026-08-31,0.10116274
a0WOG000004Yf4r2AC,2026-08-31,0.8537561
a0WOG000004Yfpd2AC,2026-08-31,0.11038452
a0WOG000004Z9J32AK,2026-08-31,0.929887
a0WOG000004ZClZ2AW,2026-08-31,0.10326816
a0WOG000004ZD9l2AG,2026-08-31,0.09389054
a0WOG000004ZGij2AG,2026-08-31,0.66695714
a0WOG000004ZHZx2AO,2026-08-31,0.074203126
a0WOG000004ZPcM2AW,2026-08-31,0.09204053
a0WOG000004ZQF32AO,2026-08-31,0.1848019
a0WOG000004ZR7t2AG,2026-08-31,0.47836518
a0WOG000004ZRO12AO,2026-08-31,0.6992359
a0WOG000004aw9e2AA,2026-08-31,0.088372596
a0WOG000004az972AA,2026-08-31,0.079439335
a0WOG000004azCL2AY,2026-08-31,0.09812172
a0WOG000004b4tZ2AQ,2026-08-31,0.48144814
a0WOG000004b5sr2AA,2026-08-31,0.103659384
a0WOG000004bDNN2A2,2026-08-31,0.079118855
a0WOG000004bDgj2AE,2026-08-31,0.62593335
a0WOG000004bbvx2AA,2026-08-31,0.107947655
a0WOG000004bgZ32AI,2026-08-31,0.6887193
a0WOG000004bxV32AI,2026-08-31,0.24981408
a0WOG000004cLab2AE,2026-08-31,0.12086807
a0WOG000004cLkH2AU,2026-08-31,0.11230895
a0WOG000004cMhx2AE,2026-08-31,0.08960248
a0WOG000004cOIN2A2,2026-08-31,0.88167745
a0WOG000004cbfN2AQ,2026-08-31,0.71803904
a0WOG000004cfJB2AY,2026-08-31,0.840993
a0WOG000004cfXh2AI,2026-08-31,0.047217116
a0WOG000004ckp72AA,2026-08-31,0.03717363
a0WOG000004clDJ2AY,2026-08-31,0.15710439
a0WOG000004coZN2AY,2026-08-31,0.10627038
a0WOG000004crx42AA,2026-08-31,0.5629965
a0WOG000004d2hB2AQ,2026-08-31,0.11831022
a0WOG000004d33l2AA,2026-08-31,0.13547248
a0WOG000004dYnV2AU,2026-08-31,0.144373
a0WOG000004ddtd2AA,2026-08-31,0.094700366
a0WOG000004dgt82AA,2026-08-31,0.074642286
a0WOG000004diLR2AY,2026-08-31,0.13994475
a0WOG000004dlmL2AQ,2026-08-31,0.7586608
a0WOG000004dsXh2AI,2026-08-31,0.07857814
a0WOG000004dyBh2AI,2026-08-31,0.54221666
a0WOG000004ePwg2AE,2026-08-31,0.13609323
a0WOG000004eQ9f2AE,2026-08-31,0.5765227
a0WOG000004eZO92AM,2026-08-31,0.08408566
a0WOG000004ea2T2AQ,2026-08-31,0.08502306
a0WOG000004egkb2AA,2026-08-31,0.588955
a0WOG000004ei022AA,2026-08-31,0.39974874
a0WOG000004ejnJ2AQ,2026-08-31,0.1256167
a0WOG000004eoAH2AY,2026-08-31,0.8292491
a0WOG000004f7uT2AQ,2026-08-31,0.22214803
a0WOG000004fFs12AE,2026-08-31,0.40922996
a0WOG000004fG052AE,2026-08-31,0.080111615
a0WOG000004fGUk2AM,2026-08-31,0.1249233
a0WOG000004fGzN2AU,2026-08-31,0.346262
a0WOG000004fLpN2AU,2026-08-31,0.68017036
a0WOG000004fR0L2AU,2026-08-31,0.12749512
a0WOG000004fSPR2A2,2026-08-31,0.10259636
a0WOG000004fVFF2A2,2026-08-31,0.16630973
a0WOG000004fWXt2AM,2026-08-31,0.4392544
a0WOG000004fXCD2A2,2026-08-31,0.14768909
a0WOG000004faoP2AQ,2026-08-31,0.7191413
a0WOG000004fhGP2AY,2026-08-31,0.0976546
a0WOG000004g7nZ2AQ,2026-08-31,0.6261513
a0WOG000004g9uD2AQ,2026-08-31,0.035723835
a0WOG000004gDJV2A2,2026-08-31,0.24176697
a0WOG000004gKeL2AU,2026-08-31,0.6170632
a0WOG000004gLwz2AE,2026-08-31,0.8975701
a0WOG000004gM3R2AU,2026-08-31,0.61602706
a0WOG000004gRO52AM,2026-08-31,0.18184443
a0WOG000004gRzB2AU,2026-08-31,0.35346758
a0WOG000004gjb72AA,2026-08-31,0.22514878
a0WOG000004gyAL2AY,2026-08-31,0.93430436
a0WOG000004h4ak2AA,2026-08-31,0.18746585
a0WOG000004hRaZ2AU,2026-08-31,0.3487341
a0WOG000004hbwT2AQ,2026-08-31,0.6973204
a0WOG000004hc4X2AQ,2026-08-31,0.15733491
a0WOG000004hqHC2AY,2026-08-31,0.15832885
a0WOG000004hzYz2AI,2026-08-31,0.88736683
a0WOG000004i0bV2AQ,2026-08-31,0.24872757
a0WOG000004i1Nu2AI,2026-08-31,0.10620837
a0WOG000004i5RV2AY,2026-08-31,0.14876628
a0WOG000004iAiw2AE,2026-08-31,0.07668034
a0WOG000004iAkX2AU,2026-08-31,0.44480708
a0WOG000004in4L2AQ,2026-08-31,0.15203312
a0WOG000004itXx2AI,2026-08-31,0.20949051
a0WOG000004ivLF2AY,2026-08-31,0.051014297
a0WOG000004j3ib2AA,2026-08-31,0.13912454
a0WOG000004j85Z2AQ,2026-08-31,0.060360156
a0WOG000004j9EX2AY,2026-08-31,0.043337885
a0WOG000004jIg22AE,2026-08-31,0.4785501
a0WOG000004jZ2X2AU,2026-08-31,0.7314894
a0WOG000004jh052AA,2026-08-31,0.104552336
a0WOG000004jjgD2AQ,2026-08-31,0.7549755
a0WOG000004jq9q2AA,2026-08-31,0.343872
a0WOG000004jqD32AI,2026-08-31,0.084417045
a0WOG000004jsLJ2AY,2026-08-31,0.20094526
a0WOG000004jtFl2AI,2026-08-31,0.41485947
a0WOG000004kdSH2AY,2026-08-31,0.29434207
a0WOG000004kkgf2AA,2026-08-31,0.5581349
a0WOG000004knwH2AQ,2026-08-31,0.6538609
a0WOG000004kpA52AI,2026-08-31,0.411042
a0WOG000004krVF2AY,2026-08-31,0.0880931
a0WOG000004l4yj2AA,2026-08-31,0.08410697
a0WOG000004l84f2AA,2026-08-31,0.03853353
a0WOG000004l9aD2AQ,2026-08-31,0.6342629
a0WOG000004l9gf2AA,2026-08-31,0.4079098
a0WOG000004l9tZ2AQ,2026-08-31,0.33199376
a0WOG000004lABJ2A2,2026-08-31,0.087577134
a0WOG000004lAEX2A2,2026-08-31,0.060109854
a0WOG000004lD172AE,2026-08-31,0.05602442
a0WOG000004lILl2AM,2026-08-31,0.17398104
a0WOG000004lNRt2AM,2026-08-31,0.4783332
a0WOG000004lQuP2AU,2026-08-31,0.17408583
a0WOG000004lpBF2AY,2026-08-31,0.078039184
a0WOG000004lt3a2AA,2026-08-31,0.16530606
a0WOG000004m2ej2AA,2026-08-31,0.20417047
a0WOG000004m3e12AA,2026-08-31,0.7361421
a0WOG000004m8932AA,2026-08-31,0.76665086
a0WOG000004mCiv2AE,2026-08-31,0.67616755
a0WOG000004mTdJ2AU,2026-08-31,0.08512715
a0WOG000004mYjS2AU,2026-08-31,0.07596124
a0WOG0000056nPl2AI,2026-08-31,0.5115955
a0WOG0000056tmv2AA,2026-08-31,0.90888363
a0WOG0000056uXh2AI,2026-08-31,0.21187466
a0WOG0000056v7B2AQ,2026-08-31,0.7931137
a0WOG0000056v8n2AA,2026-08-31,0.63694465
a0WOG00000571m52AA,2026-08-31,0.040115055
a0WOG000005723p2AA,2026-08-31,0.46772555
a0WOG00000573vx2AA,2026-08-31,0.059333097
a0WOG00000575sv2AA,2026-08-31,0.3494405
a0WOG0000057G8P2AU,2026-08-31,0.0805431
a0WOG0000057nxB2AQ,2026-08-31,0.23345053
a0WOG0000057s2P2AQ,2026-08-31,0.5438208
a0WOG0000058A492AE,2026-08-31,0.11399813
a0WOG0000058DZt2AM,2026-08-31,0.51023513
a0WOG0000058ICz2AM,2026-08-31,0.10272719
a0WOG0000058o3B2AQ,2026-08-31,0.39500278
a0WOG0000059D3B2AU,2026-08-31,0.8744826
a0WOG0000059GNd2AM,2026-08-31,0.13612087
a0WOG0000059cCr2AI,2026-08-31,0.075923555
a0WOG0000059kbp2AA,2026-08-31,0.12653895
a0WOG0000059nkz2AA,2026-08-31,0.08509452
a0WOG0000059plB2AQ,2026-08-31,0.5258468
a0WOG0000059rF72AI,2026-08-31,0.08435686
a0WOG000005A1WE2A0,2026-08-31,0.09585681
a0WOG000005A9SA2A0,2026-08-31,0.34573334
a0WOG000005AB0v2AG,2026-08-31,0.109376036
a0WOG000005AK7S2AW,2026-08-31,0.6170702
a0WOG000005AusT2AS,2026-08-31,0.34997654
a0WOG000005Av3m2AC,2026-08-31,0.061343867
a0WOG000005B0rR2AS,2026-08-31,0.2009465
a0WOG000005B12k2AC,2026-08-31,0.0547113
a0WOG000005B1HF2A0,2026-08-31,0.48955962
a0WOG000005BBmr2AG,2026-08-31,0.6966513
a0WOG000005BTBt2AO,2026-08-31,0.42560166
a0WOG000005BkKo2AK,2026-08-31,0.7232661
a0WOG000005C48D2AS,2026-08-31,0.87567234
a0WOG000005C7CX2A0,2026-08-31,0.6860402
a0WOG000005C99V2AS,2026-08-31,0.091174774
a0WOG000005CALk2AO,2026-08-31,0.26745176
a0WOG000005CKhd2AG,2026-08-31,0.52087635
a0WOG000005CT3N2AW,2026-08-31,0.4046309
a0WOG000005CWE92AO,2026-08-31,0.8454332
a0WOG000005Ce0P2AS,2026-08-31,0.19031528
a0WOG000005D5Jx2AK,2026-08-31,0.06386072
a0WOG000005D5v32AC,2026-08-31,0.37676215
a0WOG000005DBfW2AW,2026-08-31,0.47667876
a0WOG000005DHn52AG,2026-08-31,0.8775965
a0WOG000005DQjN2AW,2026-08-31,0.15576597
a0WOG000005DYU12AO,2026-08-31,0.5124607
a0WOG000005E6fN2AS,2026-08-31,0.582921
a0WOG000005E71x2AC,2026-08-31,0.23852853
a0WOG000005EA4f2AG,2026-08-31,0.16781203
a0WOG000005EGrd2AG,2026-08-31,0.12151411
a0WOG000005EHvl2AG,2026-08-31,0.7780211
a0WOG000005EMH82AO,2026-08-31,0.59688413
a0WOG000005ENbN2AW,2026-08-31,0.71614724
a0WOG000005ENhp2AG,2026-08-31,0.5328691
a0WOG000005EOqo2AG,2026-08-31,0.21972255
a0WOG000005EPOf2AO,2026-08-31,0.8463884
a0WOG000005FEhJ2AW,2026-08-31,0.5101651
a0WOG000005FJ7V2AW,2026-08-31,0.46707317
a0WOG000005FJfN2AW,2026-08-31,0.29793322
a0WOG000005FjWb2AK,2026-08-31,0.059993446
a0WOG000005FkXV2A0,2026-08-31,0.3980724
a0WOG000005FrKU2A0,2026-08-31,0.07235561
a0WOG000005Fwjx2AC,2026-08-31,0.036893424
a0WOG000005FyH72AK,2026-08-31,0.34543777
a0WOG000005G69p2AC,2026-08-31,0.7389576
a0WOG000005GWp32AG,2026-08-31,0.0835463
a0WOG000005GZwb2AG,2026-08-31,0.2700344
a0WOG000005GchZ2AS,2026-08-31,0.74150693
a0WOG000005GgLN2A0,2026-08-31,0.06372529
a0WOG000005GmnN2AS,2026-08-31,0.09828105
a0WOG000005Gmyf2AC,2026-08-31,0.35647008
a0WOG000005Gr0f2AC,2026-08-31,0.2887428
a0WOG000005HQHl2AO,2026-08-31,0.21964616
a0WOG000005HsNi2AK,2026-08-31,0.12198162
a0WOG000005IIA52AO,2026-08-31,0.48939875
a0WOG000005IsBx2AK,2026-08-31,0.7328345
a0WOG000005It6P2AS,2026-08-31,0.094837666
a0WOG000005IvL72AK,2026-08-31,0.13329865
a0WOG000005IwYv2AK,2026-08-31,0.0745942
a0WOG000005J17C2AS,2026-08-31,0.77493525
a0WOG000005J3FR2A0,2026-08-31,0.4160762
a0WOG000005J7UL2A0,2026-08-31,0.095522724
a0WOG000005J8AH2A0,2026-08-31,0.07072113
a0WOG000005J8F72AK,2026-08-31,0.36462572
a0WOG000005JCfK2AW,2026-08-31,0.4720703
a0WOG000005JebZ2AS,2026-08-31,0.18167739
a0WOG000005Jfnl2AC,2026-08-31,0.16182037
a0WOG000005JkkD2AS,2026-08-31,0.078508295
a0WOG000005JnF42AK,2026-08-31,0.1987359
a0WOG000005JsD72AK,2026-08-31,0.6281755
a0WOG000005JuIA2A0,2026-08-31,0.058089614
a0WOG000005JuV32AK,2026-08-31,0.1166243
a0WOG000005JwGj2AK,2026-08-31,0.1287027
a0WOG000005K1Jd2AK,2026-08-31,0.054092925
a0WOG000005KHBV2A4,2026-08-31,0.22803906
a0WOG000005KLVG2A4,2026-08-31,0.70637167
a0WOG000005KLbi2AG,2026-08-31,0.89096826
a0WOG000005KOjF2AW,2026-08-31,0.24315871
a0WOG000005KQI12AO,2026-08-31,0.03694166
a0WOG000005KTKj2AO,2026-08-31,0.21104906
a0WOG000005KTZF2A4,2026-08-31,0.49106333
a0WOG000005KU0f2AG,2026-08-31,0.09116999
a0WOG000005KW5h2AG,2026-08-31,0.36495876
a0WOG000005KXGH2A4,2026-08-31,0.8090153
a0WOG000005KlO52AK,2026-08-31,0.31237674
a0WOG000005L6kH2AS,2026-08-31,0.698024
a0WOG000005L8Cb2AK,2026-08-31,0.11232521
a0WOG000005LDqb2AG,2026-08-31,0.0847679
a0WOG000005LFKZ2A4,2026-08-31,0.6217946
a0WOG000005LJG52AO,2026-08-31,0.7225668
a0WOG000005LK0r2AG,2026-08-31,0.4536869
a0WOG000005LKFN2A4,2026-08-31,0.37300804
a0WOG000005LM972AG,2026-08-31,0.84841204
a0WOG000005LdOT2A0,2026-08-31,0.066217005
a0WOG000005LeE52AK,2026-08-31,0.4719802
a0WOG000005M04v2AC,2026-08-31,0.7130535
a0WOG000005M3sP2AS,2026-08-31,0.087577134
a0WOG000005MKd82AG,2026-08-31,0.21944119
a0WOG000005MVzx2AG,2026-08-31,0.2063208
a0WOG000005MbHN2A0,2026-08-31,0.07914493
a0WOG000005Mczp2AC,2026-08-31,0.102113545
a0WOG000005MdJB2A0,2026-08-31,0.04264005
a0WOG000005Mfw52AC,2026-08-31,0.10789628
a0WOG000005MgDp2AK,2026-08-31,0.096708335
a0WOG000005MgH32AK,2026-08-31,0.74137706
a0WOG000005MkZB2A0,2026-08-31,0.72256285
a0WOG000005MlIL2A0,2026-08-31,0.6538832
a0WOG000005MlNC2A0,2026-08-31,0.55479616
a0WOG000005Ms5K2AS,2026-08-31,0.8056696
a0WOG000005Mszm2AC,2026-08-31,0.31751582
a0WOG000005MtNx2AK,2026-08-31,0.2564897
a0WOG000005MtPZ2A0,2026-08-31,0.7582613
a0WOG000005MtRB2A0,2026-08-31,0.73070735
a0WOG000005N1Rx2AK,2026-08-31,0.31195667
a0WOG000005N3K52AK,2026-08-31,0.70484495
a0WOG000005N7CP2A0,2026-08-31,0.61876076
a0WOG000005Ncph2AC,2026-08-31,0.7230721
a0WOG000005Nhfh2AC,2026-08-31,0.048819516
a0WOG000005NnWb2AK,2026-08-31,0.42451936
a0WOG000005NwOb2AK,2026-08-31,0.03853353
a0WOG000005O2aT2AS,2026-08-31,0.28465378
a0WOG000005O9KD2A0,2026-08-31,0.09961968
a0WOG000005OM1J2AW,2026-08-31,0.09285005
a0WOG000005OqDt2AK,2026-08-31,0.73629737
a0WOG000005OxFN2A0,2026-08-31,0.12918524
a0WOG000005PDf72AG,2026-08-31,0.18627015
a0WOG000005PI6v2AG,2026-08-31,0.041797508
a0WOG000005PL6P2AW,2026-08-31,0.105043545
a0WOG000005PUcj2AG,2026-08-31,0.736375
a0WOG000005Q6Ez2AK,2026-08-31,0.65922475
a0WOG000005Q8Ld2AK,2026-08-31,0.41204292
a0WOG000005Q9Sz2AK,2026-08-31,0.0680615
a0WOG000005QMhx2AG,2026-08-31,0.8788502
a0WOG000005VzXN2A0,2026-08-31,0.10271917
a0WOG000005W4ws2AC,2026-08-31,0.037069265
a0WOG000005WAvs2AG,2026-08-31,0.5680286
a0WOG000005WCuQ2AW,2026-08-31,0.7804819
a0WOG000005WJFy2AO,2026-08-31,0.5366931
a0WOG000005WK8o2AG,2026-08-31,0.126661
a0WOG000005WWhp2AG,2026-08-31,0.083486564
a0WOG000005Wnqj2AC,2026-08-31,0.12807395
a0WOG000005Wvl52AC,2026-08-31,0.08142671
a0WOG000005X71R2AS,2026-08-31,0.4293386
a0WOG000005X7xV2AS,2026-08-31,0.11311284
a0WOG000005XCSY2A4,2026-08-31,0.39072964
a0WOG000005XCVl2AO,2026-08-31,0.31811818
a0WOG000005XDq12AG,2026-08-31,0.23078072
a0WOG000005XO5X2AW,2026-08-31,0.9199192
a0WOG000005XZDq2AO,2026-08-31,0.15047112
a0WOG000005Xahm2AC,2026-08-31,0.4030136
a0WOG000005XcTS2A0,2026-08-31,0.80539286
a0WOG000005Xg2Q2AS,2026-08-31,0.8968373
a0WOG000005Xl0T2AS,2026-08-31,0.5586995
a0WOG000005XlLR2A0,2026-08-31,0.8001126
a0WOG000005Xm4b2AC,2026-08-31,0.036922824
a0WOG000005YA0T2AW,2026-08-31,0.042769883
a0WOG000005knCX2AY,2026-08-31,0.73150766
a0WOG000005koDR2AY,2026-08-31,0.43204677
a0WOG000005ksH32AI,2026-08-31,0.23875456
a0WOG000005kufR2AQ,2026-08-31,0.59446186
a0WOG000005l5jF2AQ,2026-08-31,0.17534162
a0WOG000005l68j2AA,2026-08-31,0.3220082
a0WOG000005lF5Z2AU,2026-08-31,0.14085467
a0WOG000005lFQX2A2,2026-08-31,0.08276474
a0WOG000005lM2E2AU,2026-08-31,0.065601125
a0WOG000005lM5R2AU,2026-08-31,0.83266497
a0WOG000005lNaz2AE,2026-08-31,0.17530417
a0WOG000005mDTc2AM,2026-08-31,0.90059197
a0WOG000005mq7t2AA,2026-08-31,0.5861187
a0WOG000005mrbp2AA,2026-08-31,0.17965624
a0WOG000005n5i32AA,2026-08-31,0.64402676
a0WOG000005n6Kk2AI,2026-08-31,0.1422737
a0WOG000005n6vp2AA,2026-08-31,0.8884308
a0WOG000005nDSh2AM,2026-08-31,0.43852463
a0WOG000005nILt2AM,2026-08-31,0.27087885
a0WOG000005nISM2A2,2026-08-31,0.09104166
a0WOG000005nKQx2AM,2026-08-31,0.06310323
a0WOG000005nQsv2AE,2026-08-31,0.22392733
a0WOG000005nR0z2AE,2026-08-31,0.1106793
a0WOG000005nRp02AE,2026-08-31,0.5501492
a0WOG000005qe052AA,2026-08-31,0.08618767
a0WOG000005qeT72AI,2026-08-31,0.34554493
a0WOG000005qiTX2AY,2026-08-31,0.51898414
a0WOG000005qjNx2AI,2026-08-31,0.20411521
a0WOG000005qjxR2AQ,2026-08-31,0.29899478
a0WOG000005qlRN2AY,2026-08-31,0.121151775
a0WOG000005qmfB2AQ,2026-08-31,0.46154165
a0WOG000005qnkv2AA,2026-08-31,0.08337047
a0WOG000005rEpx2AE,2026-08-31,0.40544724
a0WOG000005rZWD2A2,2026-08-31,0.03990576
a0WOG000005rcx72AA,2026-08-31,0.050943185
a0WOG000005rf6z2AA,2026-08-31,0.11907819
a0WOG000005rpJF2AY,2026-08-31,0.095932424
a0WOG000005rwHV2AY,2026-08-31,0.8338109
a0WOG000005ry1a2AA,2026-08-31,0.06906639
a0WOG000005s0Ra2AI,2026-08-31,0.048318952
a0WOG000005s3in2AA,2026-08-31,0.7076932
a0WOG000005sRy22AE,2026-08-31,0.14255708
a0WOG000005sWuT2AU,2026-08-31,0.14814241
a0WOG000005sfZZ2AY,2026-08-31,0.0788178
a0WOG000005slTi2AI,2026-08-31,0.873253
a0WOG000005sryv2AA,2026-08-31,0.47513688
a0WOG000005svCv2AI,2026-08-31,0.38173354
a0WOG000005swCD2AY,2026-08-31,0.1440628
a0WOG000005szq22AA,2026-08-31,0.271814
a0WOG000005t0cP2AQ,2026-08-31,0.060953125
a0WOG000005t57R2AQ,2026-08-31,0.09227577
a0WOG000005t6gD2AQ,2026-08-31,0.38567987
a0WOG000005t71C2AQ,2026-08-31,0.65146494
a0WOG000005t85J2AQ,2026-08-31,0.8613274
a0WOG000005tC2T2AU,2026-08-31,0.258255
a0WOG000005tXYL2A2,2026-08-31,0.7118686
a0WOG000005tXdC2AU,2026-08-31,0.076071106
a0WOG000005tZ0f2AE,2026-08-31,0.82823294
a0WOG000005tcg52AA,2026-08-31,0.07893605
a0WOG000005tdPG2AY,2026-08-31,0.25905818
a0WOG000005teWb2AI,2026-08-31,0.8268692
a0WOG000005teht2AA,2026-08-31,0.09365066
a0WOG000005tfcL2AQ,2026-08-31,0.08009201
a0WOG000005tnoP2AQ,2026-08-31,0.6451708
a0WOG000005toKf2AI,2026-08-31,0.80445343
a0WOG000005trLl2AI,2026-08-31,0.7262302
a0WOG000005tz812AA,2026-08-31,0.10316548
a0WOG000005uFeD2AU,2026-08-31,0.36252794
a0WOG000005uGNN2A2,2026-08-31,0.0766573
a0WOG000005uOzF2AU,2026-08-31,0.7488291
a0WOG000005vIIH2A2,2026-08-31,0.22215313
a0WOG000005vIdF2AU,2026-08-31,0.9193801
a0WOG000005vKIT2A2,2026-08-31,0.17764902
a0WOG000005vMSL2A2,2026-08-31,0.056883175
a0WOG000005vOYz2AM,2026-08-31,0.07294753
a0WOG000005vOxC2AU,2026-08-31,0.6149612
a0WOG000005vZ9S2AU,2026-08-31,0.88847166
a0WOG000005vbmL2AQ,2026-08-31,0.111823976
a0WOG000005viav2AA,2026-08-31,0.20541398
a0WOG000005vpqv2AA,2026-08-31,0.5310421
a0WOG000005w9JN2AY,2026-08-31,0.12199197
a0WOG000005w9Xt2AI,2026-08-31,0.26884347
a0WOG000005wBt32AE,2026-08-31,0.36921886
a0WOG000005wF8g2AE,2026-08-31,0.05456564
a0WOG000005wLIv2AM,2026-08-31,0.89688545
a0WOG000005wObl2AE,2026-08-31,0.8912198
a0WOG000005wPpa2AE,2026-08-31,0.5531724
a0WOG000005wQC92AM,2026-08-31,0.7118798
a0WOG000005wW6H2AU,2026-08-31,0.055059914
a0WOG000005wX3x2AE,2026-08-31,0.702507
a0WOG000005wXK62AM,2026-08-31,0.6243096
a0WOG000005wZ492AE,2026-08-31,0.86678284
a0WOG000005wZaQ2AU,2026-08-31,0.52382416
a0WOG000005wdB02AI,2026-08-31,0.8731293
a0WOG000005wfRJ2AY,2026-08-31,0.87500626
a0WOG000005wgDi2AI,2026-08-31,0.6796592
a0WOG000005wj9x2AA,2026-08-31,0.67887235
a0WOG000005wm2z2AA,2026-08-31,0.052686002
a0WOG000005wo1Z2AQ,2026-08-31,0.08014943
a0WOG000005wpTt2AI,2026-08-31,0.5765829
a0WOG000005wpaL2AQ,2026-08-31,0.07857688
a0WOG000005xLiH2AU,2026-08-31,0.20133558
a0WOG000005xXt72AE,2026-08-31,0.9165874
a0WOG000005xewD2AQ,2026-08-31,0.8608714
a0WOG000005xfVi2AI,2026-08-31,0.6567048
a0WOG000005xgYE2AY,2026-08-31,0.64550465
a0WOG000005xjW52AI,2026-08-31,0.5999278
a0WOG000005xlXt2AI,2026-08-31,0.1733246
a0WOG000005xlw62AA,2026-08-31,0.63660514
a0WOG000005xnpp2AA,2026-08-31,0.90684927
a0WOG000005xo7Z2AQ,2026-08-31,0.61769205
a0WOG000005xp212AA,2026-08-31,0.47657055
a0WOG000005xqZB2AY,2026-08-31,0.046037722
a0WOG000005y5bU2AQ,2026-08-31,0.39547497
a0WOG000005y90j2AA,2026-08-31,0.4917395
a0WOG000005yBnJ2AU,2026-08-31,0.14615557
a0WOG000005yF4Y2AU,2026-08-31,0.3652677
a0WOG000005yRqT2AU,2026-08-31,0.6818413
a0WOG000005yTQs2AM,2026-08-31,0.03519753
a0WOG000005yWAH2A2,2026-08-31,0.08649803
a0WOG000005ycM62AI,2026-08-31,0.044600908
a0WOG000005ycif2AA,2026-08-31,0.79346645
a0WOG000005ykjR2AQ,2026-08-31,0.7326968
a0WOG000005zBWk2AM,2026-08-31,0.05222741
a0WOG000005zHPF2A2,2026-08-31,0.04299766
a0WOG000005zKLV2A2,2026-08-31,0.7040323
a0WOG000005zLe92AE,2026-08-31,0.84377384
a0WOG000005zOP82AM,2026-08-31,0.115048274
a0WOG000005zQQv2AM,2026-08-31,0.63164234
a0WOG000005zRrd2AE,2026-08-31,0.17204836
a0WOG000005zVf92AE,2026-08-31,0.7465576
a0WOG000005zZZ32AM,2026-08-31,0.6898539
a0WOG000005zc0f2AA,2026-08-31,0.44512317
a0WOG000005zd4n2AA,2026-08-31,0.44039303
a0WOG0000063VGj2AM,2026-08-31,0.25373876
a0WOG0000063cq82AA,2026-08-31,0.043874383
a0WOG0000063nn72AA,2026-08-31,0.3395763
a0WOG0000063qcv2AA,2026-08-31,0.91076237
a0WOG0000063yc52AA,2026-08-31,0.87288535
a0WOG00000640E62AI,2026-08-31,0.2077259
a0WOG0000064BJB2A2,2026-08-31,0.17248778
a0WOG0000064F6f2AE,2026-08-31,0.05467324
a0WOG0000064GHF2A2,2026-08-31,0.4891573
a0WOG0000064Yvh2AE,2026-08-31,0.1556702
a0WOG0000064bwn2AA,2026-08-31,0.15979992
a0WOG0000064eOP2AY,2026-08-31,0.08209362
a0WOG0000064quD2AQ,2026-08-31,0.38559058
a0WOG0000064rzx2AA,2026-08-31,0.079439335
a0WOG0000064ueT2AQ,2026-08-31,0.13061756
a0WOG0000064w1x2AA,2026-08-31,0.12393084
a0WOG0000064w6n2AA,2026-08-31,0.14528194
a0WOG0000064wQ92AI,2026-08-31,0.079439335
a0WOG0000064wd32AA,2026-08-31,0.22212309
a0WOG0000064zFx2AI,2026-08-31,0.10733658
a0WOG00000650aD2AQ,2026-08-31,0.82513905
a0WOG00000651T32AI,2026-08-31,0.14262967
a0WOG00000657lN2AQ,2026-08-31,0.11475662
a0WOG00000659Qb2AI,2026-08-31,0.10336973
a0WOG0000065Bc72AE,2026-08-31,0.27538237
a0WOG0000065F7p2AE,2026-08-31,0.065561034
a0WOG0000065pHl2AI,2026-08-31,0.88567585
a0WOG0000065uZB2AY,2026-08-31,0.4013426
a0WOG0000065xf72AA,2026-08-31,0.48032746
a0WOG0000065xs12AA,2026-08-31,0.8908054
a0WOG0000065yMf2AI,2026-08-31,0.5980352
a0WOG0000065ybB2AQ,2026-08-31,0.3934354
a0WOG00000666Qf2AI,2026-08-31,0.19952975
a0WOG00000668dl2AA,2026-08-31,0.10114382
a0WOG0000066B0X2AU,2026-08-31,0.43349528
a0WOG0000066CpR2AU,2026-08-31,0.09161845
a0WOG0000066DdR2AU,2026-08-31,0.13992108
a0WOG0000066GeX2AU,2026-08-31,0.046913743
a0WOG0000066K5S2AU,2026-08-31,0.52035725
a0WOG0000066L372AE,2026-08-31,0.17235032
a0WOG0000066OQo2AM,2026-08-31,0.22133575
a0WOG0000066OnN2AU,2026-08-31,0.24815671
a0WOG0000066PUv2AM,2026-08-31,0.12570022
a0WOG00000676oP2AQ,2026-08-31,0.6801656
a0WOG00000679O52AI,2026-08-31,0.8247164
a0WOG0000067CVd2AM,2026-08-31,0.8641197
a0WOG0000067D572AE,2026-08-31,0.6568944
a0WOG0000067IhW2AU,2026-08-31,0.09245712
a0WOG0000067LAj2AM,2026-08-31,0.32220158
a0WOG0000067LfN2AU,2026-08-31,0.22031245
a0WOG0000067Ml72AE,2026-08-31,0.082268365
a0WOG0000067Txt2AE,2026-08-31,0.0500403
a0WOG0000067tyn2AA,2026-08-31,0.07232358
a0WOG0000067yDh2AI,2026-08-31,0.36649
a0WOG00000681En2AI,2026-08-31,0.055492267
a0WOG00000682u12AA,2026-08-31,0.08476777
a0WOG00000684Cf2AI,2026-08-31,0.5814773
a0WOG00000687s52AA,2026-08-31,0.27985623
a0WOG00000688D32AI,2026-08-31,0.090198316
a0WOG00000688OL2AY,2026-08-31,0.36801398
a0WOG0000068ARl2AM,2026-08-31,0.14744714
a0WOG0000068AbR2AU,2026-08-31,0.6487029
a0WOG0000068B652AE,2026-08-31,0.60689574
a0WOG0000068DRF2A2,2026-08-31,0.69565475
a0WOG0000068GYn2AM,2026-08-31,0.87947243
a0WOG0000068Y972AE,2026-08-31,0.5938125
a0WOG0000068cSr2AI,2026-08-31,0.44893226
a0WOG0000068fAb2AI,2026-08-31,0.38502893
a0WOG0000068kGj2AI,2026-08-31,0.25106674
a0WOG0000068l9Z2AQ,2026-08-31,0.07973576
a0WOG0000068n6X2AQ,2026-08-31,0.56068593
a0WOG0000068ub32AA,2026-08-31,0.27479503
a0WOG0000068wTB2AY,2026-08-31,0.16666824
a0WOG0000068xXJ2AY,2026-08-31,0.32283312
a0WOG0000068yd32AA,2026-08-31,0.40258944
a0WOG0000068zNp2AI,2026-08-31,0.25577387
a0WOG00000690er2AA,2026-08-31,0.27913064
a0WOG00000690rl2AA,2026-08-31,0.70993024
a0WOG00000692Gr2AI,2026-08-31,0.8234836
a0WOG00000693Kz2AI,2026-08-31,0.30685368
a0WOG00000695Hx2AI,2026-08-31,0.27931517
a0WOG0000069CEc2AM,2026-08-31,0.44106147
a0WOG0000069NtB2AU,2026-08-31,0.07397136
a0WOG0000069Qnp2AE,2026-08-31,0.07497087
a0WOG0000069Vig2AE,2026-08-31,0.8550451
a0WOG0000069XsX2AU,2026-08-31,0.096806474
a0WOG0000069djR2AQ,2026-08-31,0.063338526
a0WOG0000069e7d2AA,2026-08-31,0.6650764
a0WOG000006JMUP2A4,2026-08-31,0.04919755
a0WOG000006JQ3N2AW,2026-08-31,0.27007315
a0WOG000006JQJV2A4,2026-08-31,0.42870298
a0WOG000006JQL72AO,2026-08-31,0.7662676
a0WOG000006JTvh2AG,2026-08-31,0.08372149
a0WOG000006JZg92AG,2026-08-31,0.81632817
a0WOG000006JxNV2A0,2026-08-31,0.149127
a0WOG000006JyMn2AK,2026-08-31,0.5332247
a0WOG000006K84P2AS,2026-08-31,0.27770743
a0WOG000006K9tJ2AS,2026-08-31,0.4515245
a0WOG000006KAar2AG,2026-08-31,0.6735526
a0WOG000006KDGz2AO,2026-08-31,0.24944486
a0WOG000006KDfB2AW,2026-08-31,0.087577134
a0WOG000006KFyj2AG,2026-08-31,0.37844253
a0WOG000006KHvh2AG,2026-08-31,0.318923
a0WOG000006KJr32AG,2026-08-31,0.13718262
a0WOG000006KOqj2AG,2026-08-31,0.12375681
a0WOG000006Kg2r2AC,2026-08-31,0.0880189
a0WOG000006Kyqz2AC,2026-08-31,0.36082387
a0WOG000006L18w2AC,2026-08-31,0.74966455
a0WOG000006L1qT2AS,2026-08-31,0.08017941
a0WOG000006L8n72AC,2026-08-31,0.14568046
a0WOG000006LAH32AO,2026-08-31,0.4318773
a0WOG000006LASL2A4,2026-08-31,0.25351924
a0WOG000006LAtl2AG,2026-08-31,0.07547184
a0WOG000006LBWU2A4,2026-08-31,0.18128203
a0WOG000006LBY52AO,2026-08-31,0.09380879
a0WOG000006LCHF2A4,2026-08-31,0.06826204
a0WOG000006LCh32AG,2026-08-31,0.66561496
a0WOG000006LCqj2AG,2026-08-31,0.36419833
a0WOG000006LGG12AO,2026-08-31,0.3122708
a0WOG000006LX7B2AW,2026-08-31,0.5431694
a0WOG000006Lb172AC,2026-08-31,0.07919668
a0WOG000006LcDJ2A0,2026-08-31,0.5601895
a0WOG000006LglZ2AS,2026-08-31,0.16556932
a0WOG000006LiLx2AK,2026-08-31,0.037924893
a0WOG000006Llmr2AC,2026-08-31,0.3689925
a0WOG000006LniE2AS,2026-08-31,0.21995063
a0WOG000006LqwD2AS,2026-08-31,0.0788178
a0WOG000006LxJN2A0,2026-08-31,0.8211631
a0WOG000006MLGr2AO,2026-08-31,0.056209352
a0WOG000006MOD72AO,2026-08-31,0.09447415
a0WOG000006MXd12AG,2026-08-31,0.47515225
a0WOG000006MZ6w2AG,2026-08-31,0.06895221
a0WOG000006MaW12AK,2026-08-31,0.7615641
a0WOG000006Mbof2AC,2026-08-31,0.084613875
a0WOG000006Mgmj2AC,2026-08-31,0.15608954
a0WOG000006NTvV2AW,2026-08-31,0.24417569
a0WOG000006NVdy2AG,2026-08-31,0.17357509
a0WOG000006Ne2v2AC,2026-08-31,0.118100055
a0WOG000006NgCn2AK,2026-08-31,0.31414333
a0WOG000006Nhs12AC,2026-08-31,0.7488689
a0WOG000006NiwA2AS,2026-08-31,0.22707376
a0WOG000006NkGP2A0,2026-08-31,0.46159905
a0WOG000006Nkuk2AC,2026-08-31,0.102236435
a0WOG000006NlsQ2AS,2026-08-31,0.08561253
a0WOG000006NmV72AK,2026-08-31,0.08445475
a0WOG000006Nnix2AC,2026-08-31,0.6375711
a0WOG000006Nobl2AC,2026-08-31,0.52447987
a0WOG000006Np6P2AS,2026-08-31,0.24154073
a0WOG000006NqP42AK,2026-08-31,0.86580044
a0WOG000006Nr092AC,2026-08-31,0.18496598
a0WOG000006NttB2AS,2026-08-31,0.14227065
a0WOG000006Nwr32AC,2026-08-31,0.08604477
a0WOG000006Nx2L2AS,2026-08-31,0.043540083
a0WOG000006NznJ2AS,2026-08-31,0.539927
a0WOG000006O0WU2A0,2026-08-31,0.09181575
a0WOG000006O0jN2AS,2026-08-31,0.34267056
a0WOG000006O4dJ2AS,2026-08-31,0.15904947
a0WOG000006O56L2AS,2026-08-31,0.5814173
a0WOG000006O8c52AC,2026-08-31,0.11121149
a0WOG000006OBgP2AW,2026-08-31,0.0892699
a0WOG000006OCB32AO,2026-08-31,0.64884007
a0WOG000006OG9p2AG,2026-08-31,0.15060014
a0WOG000006OfzR2AS,2026-08-31,0.81442106
a0WOG000006OjOl2AK,2026-08-31,0.27113622
a0WOG000006Olf32AC,2026-08-31,0.11868967
a0WOG000006OmWH2A0,2026-08-31,0.26781145
a0WOG000006TYPR2A4,2026-08-31,0.7099468
a0WOG000006TgEv2AK,2026-08-31,0.41130933
a0WOG000006ThNt2AK,2026-08-31,0.15263432
a0WOG000006TiYT2A0,2026-08-31,0.24599741
a0WOG000006Tk412AC,2026-08-31,0.8630345
a0WOG000006TkOz2AK,2026-08-31,0.7510921
a0WOG000006TlJR2A0,2026-08-31,0.8657313
a0WOG000006UBdh2AG,2026-08-31,0.04081153
a0WOG000006UDUD2A4,2026-08-31,0.26830164
a0WOG000006UJ4z2AG,2026-08-31,0.6153998
a0WOG000006URgr2AG,2026-08-31,0.16780421
a0WOG000006UTYz2AO,2026-08-31,0.13777833
a0WOG000006UUmn2AG,2026-08-31,0.2640299
a0WOG000006UZL32AO,2026-08-31,0.8914325
a0WOG000006UdWj2AK,2026-08-31,0.7853052
a0WOG000006UgO92AK,2026-08-31,0.45795965
a0WOG000006UqaP2AS,2026-08-31,0.4827512
a0WOG000006VLO52AO,2026-08-31,0.2764534
a0WOG000006VNPt2AO,2026-08-31,0.5601724
a0WOG000006VTn32AG,2026-08-31,0.07361141
a0WOG000006VTqH2AW,2026-08-31,0.82658
a0WOG000006VViQ2AW,2026-08-31,0.8402088
a0WOG000006VWg52AG,2026-08-31,0.36086124
a0WOG000006VY1x2AG,2026-08-31,0.0485262
a0WOG000006VfOP2A0,2026-08-31,0.49681452
a0WOG000006Vk1V2AS,2026-08-31,0.06663494
a0WOG000006Vm6X2AS,2026-08-31,0.13727687
a0WOG000006W3VZ2A0,2026-08-31,0.08344386
a0WOG000006W9Kr2AK,2026-08-31,0.61683977
a0WOG000000lqHh2AI,2026-08-31,0.047046047
a0WOG000000lsZd2AI,2026-08-31,0.23095581
a0WOG000000lttt2AA,2026-08-31,0.2355205
a0WOG000000lu3Z2AQ,2026-08-31,0.6662976
a0WOG000000lxUT2AY,2026-08-31,0.9205409
a0WOG000000lxz72AA,2026-08-31,0.09418236
a0WOG000000m3Zu2AI,2026-08-31,0.46871012
a0WOG000000m7wr2AA,2026-08-31,0.076071106
a0WOG000000mA9x2AE,2026-08-31,0.104461245
a0WOG000000mUF82AM,2026-08-31,0.057246525
a0WOG000000mUS12AM,2026-08-31,0.36828077
a0WOG000000mWLl2AM,2026-08-31,0.37528303
a0WOG000000mecf2AA,2026-08-31,0.23468138
a0WOG000000mk5N2AQ,2026-08-31,0.77263886
a0WOG000000moKH2AY,2026-08-31,0.087577134
a0WOG000000mvSD2AY,2026-08-31,0.8315025
a0WOG000000mzZ32AI,2026-08-31,0.72094333
a0WOG000000n3pZ2AQ,2026-08-31,0.042107645
a0WOG000000nSj72AE,2026-08-31,0.042051487
a0WOG000000nTKF2A2,2026-08-31,0.50536186
a0WOG000000nTya2AE,2026-08-31,0.03862435
a0WOG000000nZJB2A2,2026-08-31,0.7225658
a0WOG000000nZz82AE,2026-08-31,0.8044084
a0WOG000000nbcj2AA,2026-08-31,0.65151495
a0WOG000000nhmz2AA,2026-08-31,0.15958421
a0WOG000000ni4j2AA,2026-08-31,0.3843144
a0WOG000000nozl2AA,2026-08-31,0.09688134
a0WOG000000nrj72AA,2026-08-31,0.30180925
a0WOG000000pxIz2AI,2026-08-31,0.1745573
a0WOG000000pxm12AA,2026-08-31,0.0409741
a0WOG000000qIKD2A2,2026-08-31,0.09534182
a0WOG000000qLht2AE,2026-08-31,0.13246931
a0WOG000000qUTR2A2,2026-08-31,0.5768787
a0WOG000001A5qf2AC,2026-08-31,0.1737643
a0WOG000001AFgL2AW,2026-08-31,0.41735688
a0WOG000001AVQ92AO,2026-08-31,0.0768324
a0WOG000001Am2o2AC,2026-08-31,0.05002056
a0WOG000001Auht2AC,2026-08-31,0.28185627
a0WOG000001B4Fp2AK,2026-08-31,0.0768324
a0WOG000001BEa92AG,2026-08-31,0.50089693
a0WOG000001BEgb2AG,2026-08-31,0.096421406
a0WOG000001BMEL2A4,2026-08-31,0.7747515
a0WOG000001BeJJ2A0,2026-08-31,0.036301516
a0WOG000001BhQr2AK,2026-08-31,0.075620696
a0WOG000001BoVZ2A0,2026-08-31,0.8948487
a0WOG000001C4wv2AC,2026-08-31,0.8889069
a0WOG000001C5wD2AS,2026-08-31,0.34104782
a0WOG000001C5xp2AC,2026-08-31,0.14502235
a0WOG000001C9dF2AS,2026-08-31,0.041735515
a0WOG000001CIi92AG,2026-08-31,0.8321814
a0WOG000001CVPF2A4,2026-08-31,0.23419431
a0WOG000001CY292AG,2026-08-31,0.78366184
a0WOG000001CdwH2AS,2026-08-31,0.18543443
a0WOG000001D2uf2AC,2026-08-31,0.6749106
a0WOG000001D4Wf2AK,2026-08-31,0.5248833
a0WOG000001D5hG2AS,2026-08-31,0.2815401
a0WOG000001D8Tp2AK,2026-08-31,0.39808485
a0WOG000001DA7R2AW,2026-08-31,0.56939894
a0WOG000001DPsr2AG,2026-08-31,0.18368082
a0WOG000001DRzW2AW,2026-08-31,0.15509786
a0WOG000001DT0P2AW,2026-08-31,0.33267027
a0WOG000001E0CT2A0,2026-08-31,0.13441695
a0WOG000001E2ZF2A0,2026-08-31,0.27167654
a0WOG000001E6RZ2A0,2026-08-31,0.82533616
a0WOG000001E72f2AC,2026-08-31,0.35123396
a0WOG000001EBKn2AO,2026-08-31,0.62623674
a0WOG000001EBfl2AG,2026-08-31,0.89817405
a0WOG000001EEgr2AG,2026-08-31,0.39319062
a0WOG000001EQi12AG,2026-08-31,0.38158488
a0WOG000001EUiP2AW,2026-08-31,0.11779677
a0WOG000001EbiH2AS,2026-08-31,0.41876966
a0WOG000001EmLx2AK,2026-08-31,0.83771396
a0WOG000001Eou12AC,2026-08-31,0.8253971
a0WOG000001EpEz2AK,2026-08-31,0.044824786
a0WOG000001EpGc2AK,2026-08-31,0.8789081
a0WOG000001Er772AC,2026-08-31,0.048752908
a0WOG000001ErAL2A0,2026-08-31,0.45360363
a0WOG000001ErDZ2A0,2026-08-31,0.078216895
a0WOG000001ErFB2A0,2026-08-31,0.16300659
a0WOG000001ErS52AK,2026-08-31,0.9182903
a0WOG000001EryL2AS,2026-08-31,0.52301955
a0WOG000001EsET2A0,2026-08-31,0.039001476
a0WOG000001EsWD2A0,2026-08-31,0.3287431
a0WOG000001Esj82AC,2026-08-31,0.5587691
a0WOG000001F0jt2AC,2026-08-31,0.0865375
a0WOG000001FDpB2AW,2026-08-31,0.4024793
a0WOG000001FFkX2AW,2026-08-31,0.11377626
a0WOG000001G68v2AC,2026-08-31,0.22553882
a0WOG000001G8dl2AC,2026-08-31,0.11621704
a0WOG000001GB8b2AG,2026-08-31,0.10735111
a0WOG000001GDQX2A4,2026-08-31,0.13208717
a0WOG000001GKqD2AW,2026-08-31,0.08567868
a0WOG000001GTAM2A4,2026-08-31,0.07958891
a0WOG000001GZ652AG,2026-08-31,0.116527
a0WOG000001Ge2X2AS,2026-08-31,0.7559158
a0WOG000001GjAH2A0,2026-08-31,0.050044924
a0WOG000001HEZ32AO,2026-08-31,0.09028749
a0WOG000001HFq62AG,2026-08-31,0.59063905
a0WOG000001HIXp2AO,2026-08-31,0.24409646
a0WOG000001HJk12AG,2026-08-31,0.28271115
a0WOG000001HLVh2AO,2026-08-31,0.90789473
a0WOG000001HNR32AO,2026-08-31,0.036911067
a0WOG000001HRmP2AW,2026-08-31,0.6271015
a0WOG000001Hf9S2AS,2026-08-31,0.23420389
a0WOG000001I0Qn2AK,2026-08-31,0.039001476
a0WOG000001I2Nn2AK,2026-08-31,0.05012051
a0WOG000001I2PN2A0,2026-08-31,0.56884396
a0WOG000001I4ar2AC,2026-08-31,0.21211134
a0WOG000001I8wE2AS,2026-08-31,0.16027825
a0WOG000001IIqj2AG,2026-08-31,0.13900651
a0WOG000001IT1N2AW,2026-08-31,0.72774875
a0WOG000001IXkv2AG,2026-08-31,0.6496522
a0WOG000001IZRl2AO,2026-08-31,0.053983603
a0WOG000001Id2M2AS,2026-08-31,0.091174774
a0WOG000001Ika52AC,2026-08-31,0.04205756
a0WOG000001ImNN2A0,2026-08-31,0.16301146
a0WOG000001Ixib2AC,2026-08-31,0.16601245
a0WOG000001J5Zh2AK,2026-08-31,0.05374766
a0WOG000001JZsj2AG,2026-08-31,0.044478364
a0WOG000001Jc2c2AC,2026-08-31,0.25840384
a0WOG000001JefV2AS,2026-08-31,0.22478962
a0WOG000001JfEz2AK,2026-08-31,0.74342036
a0WOG000001JvlB2AS,2026-08-31,0.88320595
a0WOG000001KD0X2AW,2026-08-31,0.49015617
a0WOG000001KHtl2AG,2026-08-31,0.03937029
a0WOG000001KK3d2AG,2026-08-31,0.78764445
a0WOG000001KKtF2AW,2026-08-31,0.05746777
a0WOG000001KL7l2AG,2026-08-31,0.541311
a0WOG000001KRuj2AG,2026-08-31,0.109262004
a0WOG000001KW3B2AW,2026-08-31,0.09167956
a0WOG000001L1QM2A0,2026-08-31,0.18147089
a0WOG000001L1a12AC,2026-08-31,0.73335624
a0WOG000001LF6j2AG,2026-08-31,0.03333488
a0WOG000001LSQX2A4,2026-08-31,0.09020513
a0WOG000001LSWz2AO,2026-08-31,0.10230263
a0WOG000001LkQf2AK,2026-08-31,0.113702446
a0WOG000001Llpl2AC,2026-08-31,0.22807774
a0WOG000001Lm982AC,2026-08-31,0.0855253
a0WOG000001Lwzh2AC,2026-08-31,0.15131274
a0WOG000001M7AL2A0,2026-08-31,0.2192219
a0WOG000001M95h2AC,2026-08-31,0.06298001
a0WOG000001MHsr2AG,2026-08-31,0.3115976
a0WOG000001MIYn2AO,2026-08-31,0.74352115
a0WOG000001MMan2AG,2026-08-31,0.10072959
a0WOG000001MNbh2AG,2026-08-31,0.067811176
a0WOG000001MP8r2AG,2026-08-31,0.08919524
a0WOG000001McE92AK,2026-08-31,0.22415878
a0WOG000001McIz2AK,2026-08-31,0.19955489
a0WOG000001McSf2AK,2026-08-31,0.21881174
a0WOG000001McVt2AK,2026-08-31,0.35537016
a0WOG000001McZ72AK,2026-08-31,0.11972301
a0WOG000001McfZ2AS,2026-08-31,0.77127016
a0WOG000001Mcvh2AC,2026-08-31,0.14253123
a0WOG000001MddF2AS,2026-08-31,0.22114387
a0WOG000001Mf8n2AC,2026-08-31,0.20166959
a0WOG000001Mpsv2AC,2026-08-31,0.048430607
a0WOG000001NIID2A4,2026-08-31,0.88588727
a0WOG000001NOfN2AW,2026-08-31,0.0812705
a0WOG000001NhoT2AS,2026-08-31,0.1781728
a0WOG000001Qs7R2AS,2026-08-31,0.04489098
a0WOG000001QsaT2AS,2026-08-31,0.06588605
a0WOG000001QtWX2A0,2026-08-31,0.15328792
a0WOG000001QwRB2A0,2026-08-31,0.094322465
a0WOG000001QxdN2AS,2026-08-31,0.30583832
a0WOG000001REkf2AG,2026-08-31,0.08029133
a0WOG000001REsj2AG,2026-08-31,0.17057563
a0WOG000001RKq52AG,2026-08-31,0.58717424
a0WOG000001RM5V2AW,2026-08-31,0.29653144
a0WOG000001RaBh2AK,2026-08-31,0.6441543
a0WOG000001RaGX2A0,2026-08-31,0.8535782
a0WOG000001ReFJ2A0,2026-08-31,0.5631851
a0WOG000001RxjN2AS,2026-08-31,0.5550248
a0WOG000001RyCP2A0,2026-08-31,0.6677347
a0WOG000001SO0P2AW,2026-08-31,0.4772972
a0WOG000001SPba2AG,2026-08-31,0.068329535
a0WOG000001SRZN2A4,2026-08-31,0.103438824
a0WOG000001SS412AG,2026-08-31,0.036512416
a0WOG000001STF22AO,2026-08-31,0.4890728
a0WOG000001SVZl2AO,2026-08-31,0.8611712
a0WOG000001SXBl2AO,2026-08-31,0.04933037
a0WOG000001SZBx2AO,2026-08-31,0.35546708
a0WOG000001SeQ92AK,2026-08-31,0.69599015
a0WOG000001SmKT2A0,2026-08-31,0.13109258
a0WOG000001Sofd2AC,2026-08-31,0.056423802
a0WOG000001TBlt2AG,2026-08-31,0.40035173
a0WOG000001TJxy2AG,2026-08-31,0.30883196
a0WOG000001TJza2AG,2026-08-31,0.07839444
a0WOG000001To8v2AC,2026-08-31,0.7273013
a0WOG000001arbV2AQ,2026-08-31,0.40946764
a0WOG000001b4nF2AQ,2026-08-31,0.1662806
a0WOG000001bPba2AE,2026-08-31,0.6568534
a0WOG000001bVM12AM,2026-08-31,0.094561316
a0WOG000001buVh2AI,2026-08-31,0.19064985
a0WOG000001cNB92AM,2026-08-31,0.2156818
a0WOG000001cV3p2AE,2026-08-31,0.22622204
a0WOG000001cVF72AM,2026-08-31,0.5207478
a0WOG000001cVOn2AM,2026-08-31,0.09754969
a0WOG000001d26D2AQ,2026-08-31,0.2822586
a0WOG000001d38j2AA,2026-08-31,0.26557302
a0WOG000001dhkT2AQ,2026-08-31,0.7893054
a0WOG000001dyDR2AY,2026-08-31,0.098635025
a0WOG000001e0VN2AY,2026-08-31,0.6857305
a0WOG000001e7La2AI,2026-08-31,0.59394467
a0WOG000001e7VF2AY,2026-08-31,0.081548505
a0WOG000001eOmD2AU,2026-08-31,0.57320654
a0WOG000001ea932AA,2026-08-31,0.78648275
a0WOG000001es172AA,2026-08-31,0.14961694
a0WOG000001ewUY2AY,2026-08-31,0.13890111
a0WOG000001f0TJ2AY,2026-08-31,0.054931276
a0WOG000001f2gP2AQ,2026-08-31,0.07705728
a0WOG000001f4QT2AY,2026-08-31,0.0982252
a0WOG000001l9VV2AY,2026-08-31,0.17932609
a0WOG000001lSI12AM,2026-08-31,0.04817326
a0WOG000001lSl52AE,2026-08-31,0.09047045
a0WOG000001lYdZ2AU,2026-08-31,0.51424664
a0WOG000001lZUn2AM,2026-08-31,0.08724779
a0WOG000001lZxq2AE,2026-08-31,0.1838074
a0WOG000001laCL2AY,2026-08-31,0.076071106
a0WOG000001lboL2AQ,2026-08-31,0.90326774
a0WOG000001ljHF2AY,2026-08-31,0.05334427
a0WOG000001m3B72AI,2026-08-31,0.12147581
a0WOG000001mFCH2A2,2026-08-31,0.8927124
a0WOG000001mGt72AE,2026-08-31,0.1636773
a0WOG000001mIYL2A2,2026-08-31,0.44904876
a0WOG000001mW1p2AE,2026-08-31,0.12654436
a0WOG000001mY0P2AU,2026-08-31,0.30538824
a0WOG000001mlth2AA,2026-08-31,0.7336425
a0WOG000001nOwg2AE,2026-08-31,0.08940338
a0WOG000001nsRh2AI,2026-08-31,0.7976987
a0WOG000001o1Bd2AI,2026-08-31,0.2634586
a0WOG000001o3LW2AY,2026-08-31,0.14488997
a0WOG000001v4UX2AY,2026-08-31,0.11480685
a0WOG000001v4fp2AA,2026-08-31,0.07130915
a0WOG000001v4kf2AA,2026-08-31,0.040163953
a0WOG000001v7932AA,2026-08-31,0.11596885
a0WOG000001v9nZ2AQ,2026-08-31,0.18717009
a0WOG000001vP5x2AE,2026-08-31,0.32579425
a0WOG000001vPh32AE,2026-08-31,0.3078566
a0WOG000001vSev2AE,2026-08-31,0.8281514
a0WOG000001vdIb2AI,2026-08-31,0.7226328
a0WOG000001w7292AA,2026-08-31,0.1550018
a0WOG000001wPVJ2A2,2026-08-31,0.07123911
a0WOG000001wQ6P2AU,2026-08-31,0.79888445
a0WOG000001wSPx2AM,2026-08-31,0.058412287
a0WOG000001wTtt2AE,2026-08-31,0.4865232
a0WOG000001waH32AI,2026-08-31,0.056111787
a0WOG000001we2v2AA,2026-08-31,0.27114916
a0WOG000001wzgr2AA,2026-08-31,0.3523966
a0WOG000001x7jF2AQ,2026-08-31,0.115048766
a0WOG000001xAsP2AU,2026-08-31,0.51149535
a0WOG000001xHaX2AU,2026-08-31,0.0849633
a0WOG000001xP3R2AU,2026-08-31,0.099324845
a0WOG000001xR6r2AE,2026-08-31,0.38223395
a0WOG000001xeiP2AQ,2026-08-31,0.08663203
a0WOG000001xopp2AA,2026-08-31,0.738685
a0WOG000001yCs92AE,2026-08-31,0.6046842
a0WOG000001yjg12AA,2026-08-31,0.6318057
a0WOG000001yyrx2AA,2026-08-31,0.37588716
a0WOG000001zCYM2A2,2026-08-31,0.3987494
a0WOG000001zSYH2A2,2026-08-31,0.3558573
a0WOG000001znL02AI,2026-08-31,0.23779504
a0WOG000001zyMr2AI,2026-08-31,0.089949146
a0WOG00000202ez2AA,2026-08-31,0.3750274
a0WOG00000205cr2AA,2026-08-31,0.27656585
a0WOG0000020Kon2AE,2026-08-31,0.13553703
a0WOG0000020PbZ2AU,2026-08-31,0.6943324
a0WOG0000020moH2AQ,2026-08-31,0.08404054
a0WOG0000020mt72AA,2026-08-31,0.24224973
a0WOG0000020nkL2AQ,2026-08-31,0.29525098
a0WOG0000020o0T2AQ,2026-08-31,0.7566097
a0WOG0000020r9d2AA,2026-08-31,0.2577551
a0WOG0000021SYz2AM,2026-08-31,0.19583353
a0WOG0000021WeD2AU,2026-08-31,0.54680026
a0WOG0000021mpR2AQ,2026-08-31,0.123111114
a0WOG0000021ui92AA,2026-08-31,0.07825827
a0WOG0000022J5R2AU,2026-08-31,0.0496152
a0WOG0000022MWL2A2,2026-08-31,0.79486233
a0WOG0000022NNZ2A2,2026-08-31,0.69150823
a0WOG0000022SFB2A2,2026-08-31,0.35975245
a0WOG0000022SGn2AM,2026-08-31,0.47798467
a0WOG0000022VHt2AM,2026-08-31,0.61241156
a0WOG0000022k7F2AQ,2026-08-31,0.529732
a0WOG0000022kon2AA,2026-08-31,0.10225793
a0WOG0000022m2b2AA,2026-08-31,0.7670783
a0WOG0000022mFV2AY,2026-08-31,0.30336136
a0WOG0000022pOf2AI,2026-08-31,0.112372816
a0WOG0000022qxR2AQ,2026-08-31,0.08741277
a0WOG0000022twv2AA,2026-08-31,0.7633978
a0WOG0000023ARV2A2,2026-08-31,0.29052308
a0WOG0000023InF2AU,2026-08-31,0.88008124
a0WOG0000023Ni52AE,2026-08-31,0.08992405
a0WOG0000023kBd2AI,2026-08-31,0.31253326
a0WOG0000023mgT2AQ,2026-08-31,0.33254626
a0WOG0000023nz72AA,2026-08-31,0.117152825
a0WOG0000023pRR2AY,2026-08-31,0.10414715
a0WOG0000023s2j2AA,2026-08-31,0.7893903
a0WOG00000244Th2AI,2026-08-31,0.37033555
a0WOG0000024X5t2AE,2026-08-31,0.16981961
a0WOG0000024YLJ2A2,2026-08-31,0.10875559
a0WOG0000024gnV2AQ,2026-08-31,0.046332054
a0WOG0000024o9x2AA,2026-08-31,0.8083139
a0WOG00000251lV2AQ,2026-08-31,0.45333838
a0WOG00000252xh2AA,2026-08-31,0.11150997
a0WOG00000258Gj2AI,2026-08-31,0.11743176
a0WOG0000025ASD2A2,2026-08-31,0.055418987
a0WOG0000025E7d2AE,2026-08-31,0.8041552
a0WOG0000025Ouz2AE,2026-08-31,0.7762613
a0WOG0000025STy2AM,2026-08-31,0.8691047
a0WOG0000025TY52AM,2026-08-31,0.10776332
a0WOG0000025WUL2A2,2026-08-31,0.77705723
a0WOG0000025emr2AA,2026-08-31,0.33178365
a0WOG0000025iX72AI,2026-08-31,0.14457685
a0WOG0000025lJj2AI,2026-08-31,0.290146
a0WOG0000025n6z2AA,2026-08-31,0.049749985
a0WOG0000025sGL2AY,2026-08-31,0.77811426
a0WOG0000025skz2AA,2026-08-31,0.11879902
a0WOG0000025sxt2AA,2026-08-31,0.3512862
a0WOG000002DUtZ2AW,2026-08-31,0.04973482
a0WOG000002Dd0w2AC,2026-08-31,0.27045634
a0WOG000002Dew92AC,2026-08-31,0.31925344
a0WOG000002DfIj2AK,2026-08-31,0.10836912
a0WOG000002Diq52AC,2026-08-31,0.19549273
a0WOG000002DyGX2A0,2026-08-31,0.42431495
a0WOG000002Dyq22AC,2026-08-31,0.12659472
a0WOG000002Dzqv2AC,2026-08-31,0.45512858
a0WOG000002E0IL2A0,2026-08-31,0.17828074
a0WOG000002E0On2AK,2026-08-31,0.6405603
a0WOG000002E0mz2AC,2026-08-31,0.10880173
a0WOG000002E1UX2A0,2026-08-31,0.038279783
a0WOG000002E1zB2AS,2026-08-31,0.0377927
a0WOG000002E2Dh2AK,2026-08-31,0.46079293
a0WOG000002E2Qb2AK,2026-08-31,0.09855027
a0WOG000002E5bN2AS,2026-08-31,0.16678706
a0WOG000002E6612AC,2026-08-31,0.36149484
a0WOG000002E70T2AS,2026-08-31,0.2554381
a0WOG000002EFUH2A4,2026-08-31,0.044597484
a0WOG000002Eder2AC,2026-08-31,0.17468747
a0WOG000002EqLl2AK,2026-08-31,0.067459
a0WOG000002Q5Kf2AK,2026-08-31,0.117171586
a0WOG000002Q8IX2A0,2026-08-31,0.6669702
a0WOG000002QCR42AO,2026-08-31,0.18748476
a0WOG000002QDQI2A4,2026-08-31,0.20674926
a0WOG000002QEe52AG,2026-08-31,0.1300257
a0WOG000002QEhJ2AW,2026-08-31,0.18862592
a0WOG000002QEkX2AW,2026-08-31,0.105297185
a0WOG000002QFa92AG,2026-08-31,0.089532994
a0WOG000002QFjp2AG,2026-08-31,0.14267908
a0WOG000002QTwV2AW,2026-08-31,0.85553586
a0WOG000002QVTd2AO,2026-08-31,0.31870866
a0WOG000002QXFJ2A4,2026-08-31,0.756011
a0WOG000002QYBN2A4,2026-08-31,0.5478987
a0WOG000002QkR32AK,2026-08-31,0.41427818
a0WOG000002R04P2AS,2026-08-31,0.7022788
a0WOG000002R7972AC,2026-08-31,0.8874721
a0WOG000002R91G2AS,2026-08-31,0.072911344
a0WOG000002ROgD2AW,2026-08-31,0.8960523
a0WOG000002RcOD2A0,2026-08-31,0.3779837
a0WOG000002Rd0v2AC,2026-08-31,0.058680084
a0WOG000002S1BJ2A0,2026-08-31,0.19335386
a0WOG000002S1JN2A0,2026-08-31,0.09828946
a0WOG000002S2Ab2AK,2026-08-31,0.50200325
a0WOG000002S3cv2AC,2026-08-31,0.13761428
a0WOG000002S49B2AS,2026-08-31,0.32665277
a0WOG000002S4SX2A0,2026-08-31,0.49651977
a0WOG000002S4if2AC,2026-08-31,0.6874324
a0WOG000002S8xZ2AS,2026-08-31,0.5075604
a0WOG000002SDh72AG,2026-08-31,0.65844214
a0WOG000002SPVN2A4,2026-08-31,0.19566873
a0WOG000002Seiv2AC,2026-08-31,0.1790419
a0WOG000002Sfbl2AC,2026-08-31,0.23240818
a0WOG000002Sgcf2AC,2026-08-31,0.759982
a0WOG000002SmBp2AK,2026-08-31,0.27501398
a0W3m00000SWsQQEA1,2026-08-31,0.37794638
a0W3m00000SWtxdEAD,2026-08-31,0.47374108
a0W3m00000SWykrEAD,2026-08-31,0.09290439
a0W3m00000SX0JkEAL,2026-08-31,0.2740771
a0W3m00000SX0j0EAD,2026-08-31,0.054556344
a0W3m00000SX0lgEAD,2026-08-31,0.5819093
a0W3m00000SX1SLEA1,2026-08-31,0.09688727
a0W3m00000SX3GiEAL,2026-08-31,0.12827784
a0W3m00000SX3bfEAD,2026-08-31,0.19566639
a0W3m00000SX4wqEAD,2026-08-31,0.7319085
a0W3m00000SX579EAD,2026-08-31,0.24642608
a0W3m00000SX5PQEA1,2026-08-31,0.16782665
a0W3m00000SX5U8EAL,2026-08-31,0.7445384
a0W3m00000SX5UrEAL,2026-08-31,0.09381524
a0W3m00000SX5pkEAD,2026-08-31,0.66856253
a0W3m00000SX5tyEAD,2026-08-31,0.22468857
a0W3m00000SX6HTEA1,2026-08-31,0.59129095
a0W3m00000SX8ixEAD,2026-08-31,0.7877865
a0W3m00000SX8qoEAD,2026-08-31,0.7485335
a0W3m00000SX9yXEAT,2026-08-31,0.17127645
a0W3m00000SXA00EAH,2026-08-31,0.078261755
a0W3m00000SXAYLEA5,2026-08-31,0.70581794
a0W3m00000SXAm3EAH,2026-08-31,0.06961683
a0W3m00000SXBnDEAX,2026-08-31,0.1865483
a0W3m00000SXBnIEAX,2026-08-31,0.20058104
a0W3m00000SXBozEAH,2026-08-31,0.08322943
a0W3m00000SXCjIEAX,2026-08-31,0.77423906
a0W3m00000SXFerEAH,2026-08-31,0.8208841
a0W3m00000SXGTpEAP,2026-08-31,0.1534935
a0W3m00000SXGYuEAP,2026-08-31,0.21140546
a0W3m00000SXH7zEAH,2026-08-31,0.07361929
a0W3m00000SXHRLEA5,2026-08-31,0.8362687
a0W3m00000SXHfcEAH,2026-08-31,0.11071805
a0W3m00000SXIi8EAH,2026-08-31,0.5983005
a0W3m00000SXJwyEAH,2026-08-31,0.09726213
a0W3m00000SXNQ5EAP,2026-08-31,0.18864308
a0W3m00000SXOohEAH,2026-08-31,0.52044284
a0W3m00000SXPhFEAX,2026-08-31,0.19376513
a0W3m00000SXPrjEAH,2026-08-31,0.78662395
a0W3m00000SXQqREAX,2026-08-31,0.24963236
a0W3m00000SXRTYEA5,2026-08-31,0.17261477
a0W3m00000SXRaxEAH,2026-08-31,0.6067545
a0W3m00000SXRdNEAX,2026-08-31,0.3198231
a0W3m00000SXjvQEAT,2026-08-31,0.07397136
a0W3m00000SXkHeEAL,2026-08-31,0.87758696
a0W3m00000SXkWFEA1,2026-08-31,0.34196046
a0W3m00000SXlrMEAT,2026-08-31,0.13603596
a0W3m00000SXmbrEAD,2026-08-31,0.88559794
a0W3m00000SXmrGEAT,2026-08-31,0.12911642
a0W3m00000SXoNgEAL,2026-08-31,0.07013379
a0W3m00000SXpzHEAT,2026-08-31,0.9112814
a0W3m00000SXqs3EAD,2026-08-31,0.39365402
a0W3m00000SXsn9EAD,2026-08-31,0.7512644
a0W3m00000SXsxvEAD,2026-08-31,0.058440484
a0W3m00000SXtpxEAD,2026-08-31,0.0708593
a0W3m00000SXtsiEAD,2026-08-31,0.6469353
a0W3m00000SXuioEAD,2026-08-31,0.7697599
a0W3m00000SXutREAT,2026-08-31,0.7531871
a0W3m00000SXwZJEA1,2026-08-31,0.747697
a0W3m00000SXyR5EAL,2026-08-31,0.19064926
a0W3m00000SXysNEAT,2026-08-31,0.20204839
a0W3m00000XMgVZEA1,2026-08-31,0.104168735
a0W3m00000XMgdFEAT,2026-08-31,0.5261562
a0W3m00000XMgk9EAD,2026-08-31,0.2703556
a0W3m00000XMgmhEAD,2026-08-31,0.70847595
a0W3m00000XMhcfEAD,2026-08-31,0.26034126
a0W3m00000XMmBBEA1,2026-08-31,0.10573936
a0W3m00000XMmbwEAD,2026-08-31,0.77580935
a0W3m00000XMnGVEA1,2026-08-31,0.1176526
a0W3m00000XMnO3EAL,2026-08-31,0.8982427
a0W3m00000XMoHZEA1,2026-08-31,0.4129068
a0W3m00000XMq3iEAD,2026-08-31,0.3140599
a0W3m00000XMqScEAL,2026-08-31,0.20972736
a0W3m00000XMqpwEAD,2026-08-31,0.38495994
a0W3m00000XMr6mEAD,2026-08-31,0.058800194
a0W3m00000XMrdtEAD,2026-08-31,0.064624384
a0W3m00000XMs1HEAT,2026-08-31,0.04967235
a0W3m00000XMy2nEAD,2026-08-31,0.79691947
a0W3m00000XMyQPEA1,2026-08-31,0.39399436
a0W3m00000XN0PEEA1,2026-08-31,0.33840975
a0W3m00000XN2dXEAT,2026-08-31,0.18016127
a0W3m00000XN3DbEAL,2026-08-31,0.47991395
a0W3m00000XN3KzEAL,2026-08-31,0.8641395
a0W3m00000XN3N3EAL,2026-08-31,0.22132841
a0W3m00000XN3RrEAL,2026-08-31,0.9173829
a0W3m00000XN42PEAT,2026-08-31,0.18470898
a0W3m00000XN4vOEAT,2026-08-31,0.12845412
a0W3m00000XNSDYEA5,2026-08-31,0.09832679
a0W3m00000XNSqOEAX,2026-08-31,0.12262352
a0W3m00000XNTCOEA5,2026-08-31,0.3878614
a0W3m00000XNUFtEAP,2026-08-31,0.09374183
a0W3m00000XNVqrEAH,2026-08-31,0.5954804
a0W3m00000XNWcREAX,2026-08-31,0.2581093
a0W3m00000XNYBqEAP,2026-08-31,0.23585549
a0W3m00000XNZSKEA5,2026-08-31,0.07836666
a0W3m00000XNbNREA1,2026-08-31,0.17359093
a0W3m00000XNbjxEAD,2026-08-31,0.46807092
a0W3m00000XNcKOEA1,2026-08-31,0.032742076
a0W3m00000XNcR1EAL,2026-08-31,0.654493
a0W3m00000XNd7iEAD,2026-08-31,0.84723866
a0W3m00000XNd7sEAD,2026-08-31,0.05225651
a0W3m00000XNdtDEAT,2026-08-31,0.094473295
a0W3m00000XNe6nEAD,2026-08-31,0.07390977
a0W3m00000XNetkEAD,2026-08-31,0.090327196
a0W3m00000XNhldEAD,2026-08-31,0.56519026
a0W3m00000XNie7EAD,2026-08-31,0.17614318
a0W3m00000XNiebEAD,2026-08-31,0.13088623
a0W3m00000XNjlrEAD,2026-08-31,0.8907628
a0W3m00000XNkGoEAL,2026-08-31,0.22896758
a0W3m00000XNoNBEA1,2026-08-31,0.3554919
a0W3m00000XNoXHEA1,2026-08-31,0.10880381
a0W3m00000XNpQuEAL,2026-08-31,0.5766063
a0W3m00000XNpULEA1,2026-08-31,0.6964307
a0W3m00000XNpkoEAD,2026-08-31,0.56706804
a0W3m00000XNsUvEAL,2026-08-31,0.04306035
a0W3m00000XNtChEAL,2026-08-31,0.8485919
a0W3m00000XNtmDEAT,2026-08-31,0.0713733
a0W3m00000XNw8iEAD,2026-08-31,0.28880852
a0W3m00000XNwCCEA1,2026-08-31,0.04199787
a0W3m00000XNxXHEA1,2026-08-31,0.70105743
a0W3m00000XNzvPEAT,2026-08-31,0.17379916
a0W3m00000XO0d2EAD,2026-08-31,0.14810391
a0W3m00000XO3OnEAL,2026-08-31,0.04528521
a0W3m00000XO5mwEAD,2026-08-31,0.73687226
a0W3m00000XO7uLEAT,2026-08-31,0.078788035
a0W3m00000XO85VEAT,2026-08-31,0.41738778
a0W3m00000XO8RXEA1,2026-08-31,0.22941661
a0W3m00000XO8m9EAD,2026-08-31,0.9352448
a0W3m00000XO8rHEAT,2026-08-31,0.25232813
a0W3m00000XOAjzEAH,2026-08-31,0.44375154
a0W3m00000XOAljEAH,2026-08-31,0.33255082
a0W3m00000XOB36EAH,2026-08-31,0.3722328
a0W3m00000XOB55EAH,2026-08-31,0.103944436
a0W3m00000XOBNKEA5,2026-08-31,0.13234773
a0W3m00000XOBb6EAH,2026-08-31,0.054210942
a0W3m00000XOBdREAX,2026-08-31,0.039848614
a0W3m00000XOCO8EAP,2026-08-31,0.4342803
a0W3m00000XOCXGEA5,2026-08-31,0.09721918
a0W3m00000XOCdREAX,2026-08-31,0.23791482
a0W3m00000XODVlEAP,2026-08-31,0.4439392
a0W3m00000XODoXEAX,2026-08-31,0.45202902
a0W3m00000XOEg2EAH,2026-08-31,0.8950484
a0W3m00000XOEkNEAX,2026-08-31,0.1768538
a0W3m00000XOEs0EAH,2026-08-31,0.12438545
a0W3m00000XOFfrEAH,2026-08-31,0.9257476
a0W3m00000XOFlAEAX,2026-08-31,0.62236094
a0W3m00000XOFlUEAX,2026-08-31,0.2347021
a0W3m00000XOG5jEAH,2026-08-31,0.2787823
a0W3m00000XOG7yEAH,2026-08-31,0.05887157
a0W3m00000XOHlLEAX,2026-08-31,0.40223402
a0W3m00000XOHyvEAH,2026-08-31,0.4648804
a0W3m00000XOKAJEA5,2026-08-31,0.69956785
a0W3m00000XOKuaEAH,2026-08-31,0.06600824
a0W3m00000XOKxJEAX,2026-08-31,0.11854308
a0W3m00000XOLp2EAH,2026-08-31,0.45332223
a0W3m00000XOMsoEAH,2026-08-31,0.049091205
a0W3m00000XON4rEAH,2026-08-31,0.307298
a0W3m00000XONBiEAP,2026-08-31,0.05226175
a0W3m00000XOOdNEAX,2026-08-31,0.44514048
a0W3m00000XOOo2EAH,2026-08-31,0.13031322
a0W3m00000XOP7rEAH,2026-08-31,0.52282387
a0W3m00000XOQ41EAH,2026-08-31,0.661849
a0W3m00000XOQQBEA5,2026-08-31,0.12918624
a0W3m00000XORJYEA5,2026-08-31,0.25958854
a0W3m00000XORSOEA5,2026-08-31,0.8229367
a0W3m00000XOSMjEAP,2026-08-31,0.08022768
a0W3m00000XOSeSEAX,2026-08-31,0.6815613
a0W3m00000XOSg9EAH,2026-08-31,0.102763265
a0W3m00000XOTHKEA5,2026-08-31,0.09994335
a0W3m00000XOULrEAP,2026-08-31,0.8932658
a0W3m00000XOUoVEAX,2026-08-31,0.08971877
a0W3m00000XOUyYEAX,2026-08-31,0.8984944
a0W3m00000XOWm6EAH,2026-08-31,0.11083961
a0W3m00000XOWsDEAX,2026-08-31,0.35845685
a0W3m00000XOaM4EAL,2026-08-31,0.15255372
a0W3m00000XObhSEAT,2026-08-31,0.16808274
a0W3m00000XObmCEAT,2026-08-31,0.42908296
a0W3m00000XOcdjEAD,2026-08-31,0.16232072
a0W3m00000XOd4QEAT,2026-08-31,0.77107525
a0W3m00000XOd9wEAD,2026-08-31,0.7873037
a0W3m00000XOtaPEAT,2026-08-31,0.80995905
a0W3m00000XOuJkEAL,2026-08-31,0.13506386
a0W3m00000XOubSEAT,2026-08-31,0.70009345
a0W3m00000XOveoEAD,2026-08-31,0.6796893
a0W3m00000XOvrAEAT,2026-08-31,0.59970903
a0W3m00000XOw7vEAD,2026-08-31,0.3409521
a0W3m00000XOwXPEA1,2026-08-31,0.041454114
a0W3m00000XOwdeEAD,2026-08-31,0.07648013
a0W3m00000XOy97EAD,2026-08-31,0.070878275
a0W3m00000XP0ACEA1,2026-08-31,0.8442263
a0W3m00000XP0mLEAT,2026-08-31,0.074208535
a0W3m00000XP0uhEAD,2026-08-31,0.53939205
a0W3m00000XP1HuEAL,2026-08-31,0.6074905
a0W3m00000XP1raEAD,2026-08-31,0.059640817
a0W3m00000XP1vREAT,2026-08-31,0.07819283
a0W3m00000XP295EAD,2026-08-31,0.5185753
a0W3m00000XP2D0EAL,2026-08-31,0.33261555
a0W3m00000XP2jnEAD,2026-08-31,0.32098982
a0W3m00000XP2sHEAT,2026-08-31,0.43481943
a0W3m00000XP2tFEAT,2026-08-31,0.2941295
a0W3m00000XP2uqEAD,2026-08-31,0.192513
a0W3m00000XP4atEAD,2026-08-31,0.1684485
a0W3m00000XP4iSEAT,2026-08-31,0.05107941
a0W3m00000XP5GjEAL,2026-08-31,0.03454953
a0W3m00000XP5GyEAL,2026-08-31,0.49651965
a0W3m00000XP5vlEAD,2026-08-31,0.6200512
a0W3m00000XP8BTEA1,2026-08-31,0.49818143
a0W3m00000XP8P2EAL,2026-08-31,0.11857492
a0W3m00000XP9BOEA1,2026-08-31,0.10875085
a0W3m00000XPCTkEAP,2026-08-31,0.10398763
a0W3m00000XPEiiEAH,2026-08-31,0.368283
a0W3m00000XPF1nEAH,2026-08-31,0.19002493
a0W3m00000XPGEuEAP,2026-08-31,0.115190335
a0W3m00000XPGbjEAH,2026-08-31,0.6741843
a0W3m00000XPIeIEAX,2026-08-31,0.70938617
a0W3m00000XPJ7kEAH,2026-08-31,0.09937635
a0W3m00000XPLb2EAH,2026-08-31,0.33113196
a0W3m00000XPMrrEAH,2026-08-31,0.61050045
a0W3m00000XPOVrEAP,2026-08-31,0.12801293
a0W3m00000XPPf4EAH,2026-08-31,0.16312087
a0W3m00000XPPgzEAH,2026-08-31,0.14011662
a0W3m00000XPPn6EAH,2026-08-31,0.29565236
a0W3m00000XPQSAEA5,2026-08-31,0.7215899
a0W3m00000XPQmlEAH,2026-08-31,0.10211741
a0W3m00000XPRDVEA5,2026-08-31,0.6241977
a0W3m00000XPTweEAH,2026-08-31,0.17863242
a0W3m00000XPUTFEA5,2026-08-31,0.67491317
a0W3m00000XPUaUEAX,2026-08-31,0.8038832
a0W3m00000XPWHvEAP,2026-08-31,0.07283696
a0W3m00000XPYfKEAX,2026-08-31,0.25817844
a0W3m00000XPZl5EAH,2026-08-31,0.57967126
a0W3m00000XPZraEAH,2026-08-31,0.6222042
a0W3m00000XPc9HEAT,2026-08-31,0.5188263
a0W3m00000XPd4AEAT,2026-08-31,0.11456227
a0W3m00000XPdVEEA1,2026-08-31,0.29239562
a0W3m00000XPdjhEAD,2026-08-31,0.08102275
a0W3m00000XPdy0EAD,2026-08-31,0.7642354
a0W3m00000XPe21EAD,2026-08-31,0.26417306
a0W3m00000XPetQEAT,2026-08-31,0.38432044
a0W3m00000XPfAyEAL,2026-08-31,0.10899641
a0W3m00000XPjIlEAL,2026-08-31,0.6244042
a0W3m00000XPlrAEAT,2026-08-31,0.09059658
a0W3m00000XPlt1EAD,2026-08-31,0.16757978
a0W3m00000XPltBEAT,2026-08-31,0.27342495
a0W3m00000XPmsxEAD,2026-08-31,0.2155934
a0W3m00000XmsPaEAJ,2026-08-31,0.0999848
a0W3m00000Xmu56EAB,2026-08-31,0.08746767
a0W3m00000Xmu6BEAR,2026-08-31,0.8731692
a0W3m00000XmvUkEAJ,2026-08-31,0.078201585
a0W3m00000Xmw0sEAB,2026-08-31,0.6461679
a0W3m00000XmxnwEAB,2026-08-31,0.8876361
a0W3m00000Xmy4oEAB,2026-08-31,0.6032191
a0W3m00000XmyTYEAZ,2026-08-31,0.8649279
a0W3m00000XmzBxEAJ,2026-08-31,0.038788743
a0W3m00000Xn1wzEAB,2026-08-31,0.14602837
a0W3m00000Xn2HOEAZ,2026-08-31,0.087577134
a0W3m00000Xn4R6EAJ,2026-08-31,0.08478549
a0W3m00000Xn4hlEAB,2026-08-31,0.12733814
a0W3m00000Xn4w5EAB,2026-08-31,0.89502513
a0W3m00000Xn5VyEAJ,2026-08-31,0.15061319
a0W3m00000Xn6J4EAJ,2026-08-31,0.2335309
a0W3m00000Xn6eQEAR,2026-08-31,0.74223167
a0W3m00000Xn7LgEAJ,2026-08-31,0.10637916
a0W3m00000Xn8M7EAJ,2026-08-31,0.39900607
a0W3m00000Xn8QKEAZ,2026-08-31,0.07656508
a0W3m00000XnASkEAN,2026-08-31,0.07076031
a0W3m00000XnWTDEA3,2026-08-31,0.1897548
a0W3m00000XnX15EAF,2026-08-31,0.14344628
a0W3m00000XnXKMEA3,2026-08-31,0.116078064
a0W3m00000XnXS3EAN,2026-08-31,0.68518394
a0W3m00000XnYRCEA3,2026-08-31,0.7670582
a0W3m00000XnYYjEAN,2026-08-31,0.5351416
a0W3m00000XnZQtEAN,2026-08-31,0.48132172
a0W3m00000Xnc4WEAR,2026-08-31,0.84660536
a0W3m00000XncGVEAZ,2026-08-31,0.032893382
a0W3m00000XndDfEAJ,2026-08-31,0.08771887
a0W3m00000XneEvEAJ,2026-08-31,0.2601495
a0W3m00000XnfcfEAB,2026-08-31,0.37485206
a0W3m00000XnfksEAB,2026-08-31,0.51369125
a0W3m00000XnfxVEAR,2026-08-31,0.7833757
a0W3m00000XnhjtEAB,2026-08-31,0.86759824
a0W3m00000XnhmZEAR,2026-08-31,0.6968604
a0W3m00000XnhpiEAB,2026-08-31,0.36458907
a0W3m00000XnhswEAB,2026-08-31,0.12393084
a0W3m00000Xni3IEAR,2026-08-31,0.17288463
a0W3m00000Xota2EAB,2026-08-31,0.63402134
a0W3m00000XpDeDEAV,2026-08-31,0.5450959
a0W3m00000XpJExEAN,2026-08-31,0.706001
a0W3m00000XpJLIEA3,2026-08-31,0.12628402
a0W3m00000XpJNYEA3,2026-08-31,0.08558982
a0W3m00000XpL9UEAV,2026-08-31,0.30201232
a0W3m00000XpN6gEAF,2026-08-31,0.46769482
a0W3m00000XpNNIEA3,2026-08-31,0.13559178
a0W3m00000Xpwn3EAB,2026-08-31,0.44422153
a0W3m00000ZCScUEAX,2026-08-31,0.7693954
a0W3m00000ZCTd5EAH,2026-08-31,0.064907245
a0W3m00000ZCTf6EAH,2026-08-31,0.5791824
a0W3m00000ZCU4QEAX,2026-08-31,0.16110194
a0W3m00000ZCVGSEA5,2026-08-31,0.8438675
a0W3m00000ZCVyaEAH,2026-08-31,0.09019638
a0W3m00000ZCW02EAH,2026-08-31,0.090707324
a0W3m00000ZCX7XEAX,2026-08-31,0.11491431
a0W3m00000ZCYbOEAX,2026-08-31,0.09639023
a0W3m00000ZCZsAEAX,2026-08-31,0.57716805
a0W3m00000ZCc4iEAD,2026-08-31,0.14124775
a0W3m00000ZCcZrEAL,2026-08-31,0.106772564
a0W3m00000ZCccvEAD,2026-08-31,0.21229263
a0W3m00000ZCcq4EAD,2026-08-31,0.5849726
a0W3m00000ZCeM1EAL,2026-08-31,0.1336539
a0W3m00000ZCfYBEA1,2026-08-31,0.7727138
a0W3m00000ZChGTEA1,2026-08-31,0.33785102
a0W3m00000ZChMbEAL,2026-08-31,0.16647221
a0W3m00000ZCiqQEAT,2026-08-31,0.17695335
a0W3m00000ZCkLsEAL,2026-08-31,0.053298943
a0W3m00000ZCm8CEAT,2026-08-31,0.7006202
a0W3m00000ZCmtIEAT,2026-08-31,0.49584848
a0W3m00000ZCpFBEA1,2026-08-31,0.26298568
a0W3m00000ZCpGCEA1,2026-08-31,0.09630686
a0W3m00000ZCpGEEA1,2026-08-31,0.22858997
a0W3m00000ZCpGOEA1,2026-08-31,0.0788178
a0W3m00000ZCpGTEA1,2026-08-31,0.5214562
a0W3m00000ZCpGdEAL,2026-08-31,0.088172086
a0W3m00000ZCpGsEAL,2026-08-31,0.07841394
a0W3m00000ZCpJDEA1,2026-08-31,0.09913798
a0W3m00000ZCpLEEA1,2026-08-31,0.20078203
a0W3m00000ZCpLOEA1,2026-08-31,0.756093
a0W3m00000ZCpLxEAL,2026-08-31,0.61944395
a0W3m00000ZCpNFEA1,2026-08-31,0.13470393
a0W3m00000ZCpNPEA1,2026-08-31,0.32858962
a0W3m00000ZCpQiEAL,2026-08-31,0.08102275
a0W3m00000ZCpRCEA1,2026-08-31,0.09183017
a0W3m00000ZCpRMEA1,2026-08-31,0.083372384
a0W3m00000ZCpRqEAL,2026-08-31,0.08650144
a0W3m00000ZCpSPEA1,2026-08-31,0.10439533
a0W3m00000ZCpSeEAL,2026-08-31,0.21250774
a0W3m00000ZCpUpEAL,2026-08-31,0.34072673
a0W3m00000ZCpVuEAL,2026-08-31,0.090696
a0W3m00000ZCpWDEA1,2026-08-31,0.23830628
a0W3m00000ZCpX1EAL,2026-08-31,0.11971993
a0W3m00000ZDWqMEAX,2026-08-31,0.44359714
a0W3m00000ZDWscEAH,2026-08-31,0.7923356
a0W3m00000ZDZZfEAP,2026-08-31,0.29464865
a0W3m00000ZDcoBEAT,2026-08-31,0.22815119
a0W3m00000ZDdOTEA1,2026-08-31,0.4275243
a0W3m00000ZDfS3EAL,2026-08-31,0.49039152
a0W3m00000ZDfSDEA1,2026-08-31,0.55857855
a0W3m00000ZDfVWEA1,2026-08-31,0.55393034
a0W3m00000ZDkDTEA1,2026-08-31,0.32352388
a0W3m00000ZDnCnEAL,2026-08-31,0.24239208
a0W3m00000ZDnWOEA1,2026-08-31,0.72106296
a0W3m00000ZDo7jEAD,2026-08-31,0.8658443
a0W3m00000ZDp9IEAT,2026-08-31,0.35931104
a0W3m00000ZDtSJEA1,2026-08-31,0.0497293
a0W3m00000ZDul0EAD,2026-08-31,0.8750831
a0W3m00000ZEONCEA5,2026-08-31,0.57519656
a0W3m00000ZERYuEAP,2026-08-31,0.63879687
a0W3m00000ZERrmEAH,2026-08-31,0.12500781
a0W3m00000ZESNBEA5,2026-08-31,0.10069766
a0W3m00000ZET8eEAH,2026-08-31,0.281831
a0W3m00000ZETBiEAP,2026-08-31,0.30474517
a0W3m00000ZEUd3EAH,2026-08-31,0.03737786
a0W3m00000ZEVNdEAP,2026-08-31,0.21430908
a0W3m00000ZEVP5EAP,2026-08-31,0.8927262
a0W3m00000ZEVyKEAX,2026-08-31,0.06906639
a0W3m00000ZEWF2EAP,2026-08-31,0.16601089
a0W3m00000ZEY0sEAH,2026-08-31,0.10942646
a0W3m00000ZEY3DEAX,2026-08-31,0.041515853
a0W3m00000ZEY3SEAX,2026-08-31,0.066068135
a0W3m00000ZEYc5EAH,2026-08-31,0.5551258
a0W3m00000ZEYjGEAX,2026-08-31,0.1891333
a0W3m00000ZEa9hEAD,2026-08-31,0.18283537
a0W3m00000ZEbcVEAT,2026-08-31,0.84218323
a0W3m00000ZEblREAT,2026-08-31,0.06708257
a0W3m00000ZEcQxEAL,2026-08-31,0.72756934
a0W3m00000ZEdmcEAD,2026-08-31,0.32652777
a0W3m00000ZEfM7EAL,2026-08-31,0.30302906
a0W3m00000ZEizPEAT,2026-08-31,0.35039502
a0W3m00000ZEjZwEAL,2026-08-31,0.10169176
a0W3m00000ZEktiEAD,2026-08-31,0.08710898
a0W3m00000ZElLnEAL,2026-08-31,0.12065208
a0W3m00000ZEnmoEAD,2026-08-31,0.8230065
a0WOG000002XIMo2AO,2026-08-31,0.8546214
a0WOG000002XKgL2AW,2026-08-31,0.037072167
a0WOG000002XNXl2AO,2026-08-31,0.033692412
a0WOG000002XYeT2AW,2026-08-31,0.82316023
a0WOG000002Xo052AC,2026-08-31,0.26013607
a0WOG000002XqEn2AK,2026-08-31,0.115481175
a0WOG000002XsOg2AK,2026-08-31,0.5278176
a0WOG000002YCvF2AW,2026-08-31,0.07751067
a0WOG000002YDMf2AO,2026-08-31,0.25949037
a0WOG000002YDhd2AG,2026-08-31,0.6881668
a0WOG000002YDsv2AG,2026-08-31,0.56424314
a0WOG000002YDuX2AW,2026-08-31,0.1537231
a0WOG000002YDw92AG,2026-08-31,0.37604845
a0WOG000002YFUv2AO,2026-08-31,0.44119853
a0WOG000002YU2X2AW,2026-08-31,0.5763794
a0WOG000002YcbB2AS,2026-08-31,0.085919976
a0WOG000002Ydqb2AC,2026-08-31,0.8704297
a0WOG000002Yjw12AC,2026-08-31,0.57406354
a0WOG000002Yqav2AC,2026-08-31,0.4407374
a0WOG000002Z4Z32AK,2026-08-31,0.13856013
a0WOG000002ZbDF2A0,2026-08-31,0.11803317
a0WOG000002ZbMx2AK,2026-08-31,0.29980406
a0WOG000002Zdjh2AC,2026-08-31,0.12464327
a0WOG000002ZiQ12AK,2026-08-31,0.11761874
a0WOG000002Zpo52AC,2026-08-31,0.25259072
a0WOG000002ZsIv2AK,2026-08-31,0.12121666
a0WOG000002a9ej2AA,2026-08-31,0.5810591
a0WOG000002aAED2A2,2026-08-31,0.0883029
a0WOG000002aBa52AE,2026-08-31,0.0875863
a0WOG000002aLcf2AE,2026-08-31,0.9009742
a0WOG000002aXPJ2A2,2026-08-31,0.12526433
a0WOG000002akZR2AY,2026-08-31,0.0864097
a0WOG000002akpZ2AQ,2026-08-31,0.13341422
a0WOG000002aqBq2AI,2026-08-31,0.040891856
a0WOG000002asvB2AQ,2026-08-31,0.039641242
a0WOG000002azlN2AQ,2026-08-31,0.4011764
a0WOG000002b0372AA,2026-08-31,0.09989456
a0WOG000002bBRa2AM,2026-08-31,0.82007736
a0WOG000002bCHB2A2,2026-08-31,0.113170326
a0WOG000002bFRx2AM,2026-08-31,0.7678389
a0WOG000002bGUU2A2,2026-08-31,0.4038662
a0WOG000002bHbq2AE,2026-08-31,0.6433942
a0WOG000002bHdR2AU,2026-08-31,0.77149636
a0WOG000002bHqL2AU,2026-08-31,0.57435614
a0WOG000002bcun2AA,2026-08-31,0.23969232
a0WOG000002bsJd2AI,2026-08-31,0.7171798
a0WOG000002byDm2AI,2026-08-31,0.33674702
a0WOG000002cYkH2AU,2026-08-31,0.031478208
a0WOG000002ce3J2AQ,2026-08-31,0.05224005
a0WOG000002cfDt2AI,2026-08-31,0.9022139
a0WOG000002ckdN2AQ,2026-08-31,0.23055442
a0WOG000002cmth2AA,2026-08-31,0.2890849
a0WOG000002cnBR2AY,2026-08-31,0.48091307
a0WOG000002cnOL2AY,2026-08-31,0.07989782
a0WOG000002d6CT2AY,2026-08-31,0.13015758
a0WOG000002dUuj2AE,2026-08-31,0.087577134
a0WOG000002dfVB2AY,2026-08-31,0.37484378
a0WOG000002e0o92AA,2026-08-31,0.5950003
a0WOG000002e7xh2AA,2026-08-31,0.1986691
a0WOG000002eRJh2AM,2026-08-31,0.43530077
a0WOG000002eXYn2AM,2026-08-31,0.11738789
a0WOG000002efg12AA,2026-08-31,0.20949058
a0WOG000002etsf2AA,2026-08-31,0.8007374
a0WOG000002f4sv2AA,2026-08-31,0.1189199
a0WOG000002f4xl2AA,2026-08-31,0.28679976
a0WOG000002f54D2AQ,2026-08-31,0.092694096
a0WOG000002fDrN2AU,2026-08-31,0.24669625
a0WOG000002fGcL2AU,2026-08-31,0.83330804
a0WOG000002fKzJ2AU,2026-08-31,0.45210537
a0WOG000002fngL2AQ,2026-08-31,0.2412993
a0WOG000002fqvx2AA,2026-08-31,0.10995995
a0WOG000002ftSP2AY,2026-08-31,0.6952031
a0WOG000002g2U52AI,2026-08-31,0.7800034
a0WOG000002g4PT2AY,2026-08-31,0.80739546
a0WOG000002g5292AA,2026-08-31,0.8597338
a0WOG000002g6RF2AY,2026-08-31,0.08435686
a0WOG000002gElN2AU,2026-08-31,0.17392498
a0WOG000002gK612AE,2026-08-31,0.116049685
a0WOG000002gMXd2AM,2026-08-31,0.21655427
a0WOG000002gQMj2AM,2026-08-31,0.5413308
a0WOG000002gqvW2AQ,2026-08-31,0.73432946
a0WOG000002gxH32AI,2026-08-31,0.77252173
a0WOG000002h1J42AI,2026-08-31,0.21725927
a0WOG000002hDvJ2AU,2026-08-31,0.04310097
a0WOG000002hFU52AM,2026-08-31,0.29163077
a0WOG000002hPwT2AU,2026-08-31,0.08112401
a0WOG000002hQ692AE,2026-08-31,0.08879004
a0WOG000002hiFx2AI,2026-08-31,0.19927987
a0WOG000002hldd2AA,2026-08-31,0.16861627
a0WOG000002hxQJ2AY,2026-08-31,0.032900117
a0WOG000002i0WD2AY,2026-08-31,0.9007119
a0WOG000002i48Q2AQ,2026-08-31,0.5234309
a0WOG000002iAYo2AM,2026-08-31,0.53981346
a0WOG000002iDq12AE,2026-08-31,0.31775582
a0WOG000002iJyf2AE,2026-08-31,0.10042999
a0WOG000002iMN32AM,2026-08-31,0.8200983
a0WOG000002iUxJ2AU,2026-08-31,0.8701564
a0WOG000002iYZV2A2,2026-08-31,0.039605707
a0WOG000002ibFd2AI,2026-08-31,0.08100633
a0WOG000002idVx2AI,2026-08-31,0.72911996
a0WOG000002idxN2AQ,2026-08-31,0.430846
a0WOG000002ielN2AQ,2026-08-31,0.77353984
a0WOG000002ihUk2AI,2026-08-31,0.077467754
a0WOG000002iioz2AA,2026-08-31,0.08719021
a0WOG000002ikM92AI,2026-08-31,0.23328003
a0WOG000002jEaL2AU,2026-08-31,0.8114852
a0WOG000002jEdZ2AU,2026-08-31,0.5805405
a0WOG000002jMMb2AM,2026-08-31,0.19442135
a0WOG000002jkyP2AQ,2026-08-31,0.61693907
a0WOG000002kCjN2AU,2026-08-31,0.10246556
a0WOG000002kL572AE,2026-08-31,0.11159922
a0WOG000002kLOT2A2,2026-08-31,0.09276472
a0WOG000002kuXV2AY,2026-08-31,0.28141603
a0WOG000002kw4f2AA,2026-08-31,0.60153836
a0WOG000002kxYb2AI,2026-08-31,0.8347316
a0WOG000002kyha2AA,2026-08-31,0.100095116
a0WOG000002l0Zh2AI,2026-08-31,0.88146156
a0WOG000002l4Gj2AI,2026-08-31,0.3373414
a0WOG000002l6X32AI,2026-08-31,0.13172843
a0WOG000002lD5V2AU,2026-08-31,0.12239549
a0WOG000002lIMv2AM,2026-08-31,0.07762098
a0WOG000002lSnh2AE,2026-08-31,0.6195246
a0WOG000002lTdJ2AU,2026-08-31,0.0812705
a0WOG000002lWZZ2A2,2026-08-31,0.08273298
a0WOG000002lenF2AQ,2026-08-31,0.54039866
a0WOG000002loHx2AI,2026-08-31,0.11924705
a0WOG000002lot32AA,2026-08-31,0.49942416
a0WOG000002m6oL2AQ,2026-08-31,0.94801
a0WOG000002m72r2AA,2026-08-31,0.68406564
a0WOG000002m7R32AI,2026-08-31,0.9010656
a0WOG000002m8VB2AY,2026-08-31,0.13283716
a0WOG000002mBJN2A2,2026-08-31,0.3499581
a0WOG000002qf172AA,2026-08-31,0.7134539
a0WOG000002qvnR2AQ,2026-08-31,0.464749
a0WOG000002r9X32AI,2026-08-31,0.13373138
a0WOG000002rKdl2AE,2026-08-31,0.27211353
a0WOG000002rMvh2AE,2026-08-31,0.089577645
a0WOG000002s3ar2AA,2026-08-31,0.26814842
a0WOG000002sCB72AM,2026-08-31,0.051857837
a0WOG000002sDTm2AM,2026-08-31,0.20866744
a0WOG000002sGcv2AE,2026-08-31,0.04510025
a0WOG000002sIDJ2A2,2026-08-31,0.3108267
a0WOG000002sKLZ2A2,2026-08-31,0.053803198
a0WOG000002sTBy2AM,2026-08-31,0.13426733
a0WOG000002sUHi2AM,2026-08-31,0.074203126
a0WOG000002sWGH2A2,2026-08-31,0.09454622
a0WOG000002sbW52AI,2026-08-31,0.20802107
a0WOG000002sdMc2AI,2026-08-31,0.3603611
a0WOG000002sdZW2AY,2026-08-31,0.136836
a0WOG0000032SJR2A2,2026-08-31,0.27923056
a0WOG0000032v652AA,2026-08-31,0.79016155
a0WOG00000332Er2AI,2026-08-31,0.42853463
a0WOG00000334QN2AY,2026-08-31,0.6300379
a0WOG00000335pS2AQ,2026-08-31,0.81536365
a0WOG00000338iT2AQ,2026-08-31,0.09628885
a0WOG00000339Q12AI,2026-08-31,0.045085445
a0WOG0000033A2j2AE,2026-08-31,0.03749892
a0WOG0000033BGX2A2,2026-08-31,0.5087137
a0WOG0000033EG32AM,2026-08-31,0.091174774
a0WOG0000033HVd2AM,2026-08-31,0.066131584
a0WOG0000033IJd2AM,2026-08-31,0.20058613
a0WOG0000033K8X2AU,2026-08-31,0.09755891
a0WOG0000033WZV2A2,2026-08-31,0.7846894
a0WOG0000033f1h2AA,2026-08-31,0.32564008
a0WOG0000033gIj2AI,2026-08-31,0.35115913
a0WOG0000033hmf2AA,2026-08-31,0.35452724
a0WOG0000033oGH2AY,2026-08-31,0.588898
a0WOG0000033qd32AA,2026-08-31,0.12193242
a0WOG0000033qun2AA,2026-08-31,0.58767456
a0WOG0000033rMD2AY,2026-08-31,0.045782045
a0WOG0000033rNp2AI,2026-08-31,0.080463216
a0WOG00000348tJ2AQ,2026-08-31,0.7988297
a0WOG0000034Kpi2AE,2026-08-31,0.087577134
a0WOG0000034Yvp2AE,2026-08-31,0.18513748
a0WOG0000034bFN2AY,2026-08-31,0.17188467
a0WOG0000036TiL2AU,2026-08-31,0.3499817
a0WOG0000036qVF2AY,2026-08-31,0.59147716
a0WOG0000036rO52AI,2026-08-31,0.07393142
a0WOG0000036rZN2AY,2026-08-31,0.10371394
a0WOG0000036rcb2AA,2026-08-31,0.07953624
a0WOG0000036s0n2AA,2026-08-31,0.328748
a0WOG0000036wXR2AY,2026-08-31,0.7472568
a0WOG0000036ztV2AQ,2026-08-31,0.13234128
a0WOG0000037KI12AM,2026-08-31,0.6962631
a0WOG0000037MWj2AM,2026-08-31,0.33273265
a0WOG0000037pbx2AA,2026-08-31,0.07613105
a0WOG0000037qTC2AY,2026-08-31,0.8087308
a0WOG0000037rkD2AQ,2026-08-31,0.84392774
a0WOG0000037sJh2AI,2026-08-31,0.32001266
a0WOG0000037uWo2AI,2026-08-31,0.21459694
a0WOG0000037xKz2AI,2026-08-31,0.089489356
a0WOG0000037xUf2AI,2026-08-31,0.04376218
a0WOG0000038JdF2AU,2026-08-31,0.08273298
a0WOG0000038RED2A2,2026-08-31,0.074524775
a0WOG0000038dSH2AY,2026-08-31,0.097045675
a0WOG0000038dgn2AA,2026-08-31,0.05476957
a0WOG0000038e092AA,2026-08-31,0.25374985
a0WOG0000038gTN2AY,2026-08-31,0.046957545
a0WOG0000038gwP2AQ,2026-08-31,0.16168077
a0WOG0000038hKb2AI,2026-08-31,0.9141769
a0WOG0000038mnJ2AQ,2026-08-31,0.09157101
a0WOG00000390zx2AA,2026-08-31,0.16625647
a0WOG00000391ZR2AY,2026-08-31,0.22915097
a0WOG0000039VkP2AU,2026-08-31,0.099972345
a0WOG0000039aCD2AY,2026-08-31,0.9110884
a0WOG0000039sCL2AY,2026-08-31,0.1352104
a0WOG0000039tI52AI,2026-08-31,0.6807871
a0WOG0000039uPR2AY,2026-08-31,0.065668374
a0WOG0000039w9V2AQ,2026-08-31,0.7368918
a0WOG0000039yha2AA,2026-08-31,0.86835104
a0WOG000003AMS92AO,2026-08-31,0.09247892
a0WOG000003AMaD2AW,2026-08-31,0.18508382
a0WOG000003AOYn2AO,2026-08-31,0.06631858
a0WOG000003ARDJ2A4,2026-08-31,0.48930296
a0WOG000003ASEE2A4,2026-08-31,0.052013215
a0WOG000003AhGT2A0,2026-08-31,0.089577645
a0WOG000003BFhx2AG,2026-08-31,0.82928914
a0WOG000003BMLF2A4,2026-08-31,0.118386954
a0WOG000003BORt2AO,2026-08-31,0.077309795
a0WOG000003BPUP2A4,2026-08-31,0.31287467
a0WOG000003BPuD2AW,2026-08-31,0.10209581
a0WOG000003BQOr2AO,2026-08-31,0.71718395
a0WOG000003BTwF2AW,2026-08-31,0.83308345
a0WOG000003BUKP2A4,2026-08-31,0.25186712
a0WOG000003BWu52AG,2026-08-31,0.65838397
a0WOG000003BXi52AG,2026-08-31,0.05216701
a0WOG000003BbTx2AK,2026-08-31,0.105635956
a0WOG000003C9qb2AC,2026-08-31,0.82790655
a0WOG000003CTAz2AO,2026-08-31,0.58055884
a0WOG000003CZWX2A4,2026-08-31,0.6192209
a0WOG000003CaKX2A0,2026-08-31,0.4727332
a0WOG000003CiYD2A0,2026-08-31,0.057221375
a0WOG000003Cvf72AC,2026-08-31,0.16756666
a0WOG000003Cw9l2AC,2026-08-31,0.064110905
a0WOG000003DYWn2AO,2026-08-31,0.91172755
a0WOG000003DfZt2AK,2026-08-31,0.830366
a0WOG000003E9Xx2AK,2026-08-31,0.3507186
a0WOG000003EBRh2AO,2026-08-31,0.118033275
a0WOG000003EH2T2AW,2026-08-31,0.09615589
a0WOG000003EKTN2A4,2026-08-31,0.036512416
a0WOG000003EM5N2AW,2026-08-31,0.6137045
a0WOG000003EM6z2AG,2026-08-31,0.09544983
a0WOG000003EPpd2AG,2026-08-31,0.16845447
a0WOG000003ER3R2AW,2026-08-31,0.4502653
a0WOG000003EZnN2AW,2026-08-31,0.27481323
a0WOG000003EkE92AK,2026-08-31,0.41452482
a0WOG000003Epc12AC,2026-08-31,0.17732036
a0WOG000003F2xR2AS,2026-08-31,0.13690083
a0WOG000003F5wv2AC,2026-08-31,0.09509706
a0WOG000003F9XV2A0,2026-08-31,0.505493
a0WOG000003FCLh2AO,2026-08-31,0.29473165
a0WOG000003FPHJ2A4,2026-08-31,0.08942499
a0WOG000003FaCj2AK,2026-08-31,0.08984232
a0WOG000003FceL2AS,2026-08-31,0.6386404
a0WOG000003FmPC2A0,2026-08-31,0.5750503
a0WOG000003Fo4P2AS,2026-08-31,0.4415862
a0WOG000003FoKX2A0,2026-08-31,0.15651655
a0WOG000003FpOf2AK,2026-08-31,0.22969672
a0WOG000003GInF2AW,2026-08-31,0.065060936
a0WOG000003GSeX2AW,2026-08-31,0.670272
a0WOG000003Gmi52AC,2026-08-31,0.09013661
a0WOG000003GoC12AK,2026-08-31,0.04822524
a0WOG000003GqQj2AK,2026-08-31,0.33155894
a0WOG000003GqXC2A0,2026-08-31,0.0812705
a0WOG000003GzDt2AK,2026-08-31,0.723352
a0WOG000003H2dB2AS,2026-08-31,0.8050408
a0WOG000003H34b2AC,2026-08-31,0.89942724
a0WOG000003H3ar2AC,2026-08-31,0.18431611
a0WOG000003H45V2AS,2026-08-31,0.61232454
a0WOG000003V5Pt2AK,2026-08-31,0.19980174
a0WOG000003V5RV2A0,2026-08-31,0.09991894
a0WOG000003V70H2AS,2026-08-31,0.07918128
a0WOG000003VNMn2AO,2026-08-31,0.12509422
a0WOG000003VQJ32AO,2026-08-31,0.24830003
a0WOG000003VYDN2A4,2026-08-31,0.22484821
a0WOG000003VfMv2AK,2026-08-31,0.27764356
a0WOG000003VfrZ2AS,2026-08-31,0.8824518
a0WOG000003VgcL2AS,2026-08-31,0.046393275
a0WOG000003W6QL2A0,2026-08-31,0.26922706
a0WOG000003W6Wn2AK,2026-08-31,0.82652867
a0WOG000003W8lV2AS,2026-08-31,0.25347286
a0WOG000003W9Uf2AK,2026-08-31,0.14908487
a0WOG000003WMZx2AO,2026-08-31,0.13207042
a0WOG000003WPHi2AO,2026-08-31,0.09635986
a0WOG000003WXAP2A4,2026-08-31,0.2142914
a0WOG000003WcDJ2A0,2026-08-31,0.100089535
a0WOG000003WdR72AK,2026-08-31,0.4339388
a0WOG000003WfKr2AK,2026-08-31,0.7160448
a0WOG000003WfxZ2AS,2026-08-31,0.092521556
a0WOG000003Wioz2AC,2026-08-31,0.60487014
a0WOG000003Wv6H2AS,2026-08-31,0.6106315
a0WOG000003XEk12AG,2026-08-31,0.10401982
a0WOG000003XNCD2A4,2026-08-31,0.23473896
a0WOG000003XNIf2AO,2026-08-31,0.06784494
a0WOG000003XO3R2AW,2026-08-31,0.58975905
a0WOG000003XOTF2A4,2026-08-31,0.38863954
a0WOG000003XPkH2AW,2026-08-31,0.37361798
a0WOG000003XZq62AG,2026-08-31,0.13381203
a0WOG000003XhR32AK,2026-08-31,0.87476677
a0WOG000003Xirl2AC,2026-08-31,0.75501895
a0WOG000003Xkoj2AC,2026-08-31,0.20656577
a0WOG000003XqpJ2AS,2026-08-31,0.2085729
a0WOG000003Xr0b2AC,2026-08-31,0.51374096
a0WOG000003Xr2D2AS,2026-08-31,0.11288771
a0WOG000003Y1j72AC,2026-08-31,0.11925122
a0WOG000003Y1mL2AS,2026-08-31,0.51243573
a0WOG000003Y1sn2AC,2026-08-31,0.90975124
a0WOG000003Y2452AC,2026-08-31,0.26656535
a0WOG000003Y25h2AC,2026-08-31,0.646063
a0WOG000003Y2Lp2AK,2026-08-31,0.8795535
a0WOG000003Y2P32AK,2026-08-31,0.20014031
a0WOG000003Y2SH2A0,2026-08-31,0.10025856
a0WOG000003Y2VV2A0,2026-08-31,0.8321514
a0WOG000003Y3Ht2AK,2026-08-31,0.31441298
a0WOG000003Y3RZ2A0,2026-08-31,0.14005081
a0WOG000003Y3Un2AK,2026-08-31,0.10080953
a0WOG000003Y5px2AC,2026-08-31,0.100078665
a0WOG000003Y6HN2A0,2026-08-31,0.081294715
a0WOG000003YHBB2A4,2026-08-31,0.17433426
a0WOG000003Ymjd2AC,2026-08-31,0.09250951
a0WOG000003Ymq62AC,2026-08-31,0.16005303
a0WOG000003YncT2AS,2026-08-31,0.66188043
a0WOG000003Yo0g2AC,2026-08-31,0.9111065
a0WOG000003YpPl2AK,2026-08-31,0.13539073
a0WOG000003YpSz2AK,2026-08-31,0.24290259
a0WOG000003YpuP2AS,2026-08-31,0.102296144
a0WOG000003Yqbx2AC,2026-08-31,0.13068995
a0WOG000003Yqld2AC,2026-08-31,0.091174774
a0WOG000003YxOw2AK,2026-08-31,0.75066894
a0WOG000003Z5MT2A0,2026-08-31,0.0989085
a0WOG000003ZAQz2AO,2026-08-31,0.3623291
a0WOG000003ZAsP2AW,2026-08-31,0.08618553
a0WOG000003ZVqP2AW,2026-08-31,0.09515987
a0WOG000003ZiIz2AK,2026-08-31,0.319195
a0WOG000003ZlLh2AK,2026-08-31,0.13297905
a0WOG000003a26P2AQ,2026-08-31,0.23556365
a0WOG000003a8Rx2AI,2026-08-31,0.09604215
a0WOG000003aFYH2A2,2026-08-31,0.44020417
a0WOG000003aMRh2AM,2026-08-31,0.072489284
a0WOG000003aXQL2A2,2026-08-31,0.2095298
a0WOG000003ahkf2AA,2026-08-31,0.56984115
a0WOG000003aiAT2AY,2026-08-31,0.326233
a0WOG000003aiC52AI,2026-08-31,0.45170075
a0WOG000003al1t2AA,2026-08-31,0.16211528
a0WOG000003anTV2AY,2026-08-31,0.9100506
a0WOG000003aoPZ2AY,2026-08-31,0.41388083
a0WOG000003b0Tx2AI,2026-08-31,0.22161415
a0WOG000003bThF2AU,2026-08-31,0.13892004
a0WOG000003bYPC2A2,2026-08-31,0.14157423
